tittel,issn,eissn,rating,fagfelt
4OR,1619-4500,1614-2411,B,3599
AACE International Transactions,1528-7106,,B,3599
Abacus,0001-3072,1467-6281,A,3501
Academia Economic Papers,1018-161X,,C,3801
Academy of Management Annals,1941-6520,1941-6067,A*,3507
Academy of Management Discoveries,2168-1007,,A*,3507
Academy of Management Journal,0001-4273,1948-0989,A*,3507
Academy of Management Learning and Education,1537-260X,1944-9585,A*,3507
Academy of Management Perspectives,1558-9080,1943-4529,A,3507
Academy of Management Review,0363-7425,1930-3807,A*,3507
Academy of Marketing Studies Journal,1095-6298,1528-2678,B,3506
Accident Analysis and Prevention,0001-4575,1879-2057,A*,3509
Accountancy Business and the Public Interest,1745-7718,,B,3501
Accounting & Finance Journal / Revista Contabilidade & Finanças,1519-7077,1808-057X,C,3501
Accounting Accountability and Performance,1445-954X,,C,3501
Accounting and Business Research,0001-4788,2159-4260,A,3501
Accounting and Finance,0810-5391,1467-629X,A,3501
Accounting and Taxation,1944-592X,,C,3501
Accounting and the Public Interest,1530-9320,,B,3501
Accounting Auditing and Accountability Journal,0951-3574,1758-4205,A*,3501
Accounting Education,0963-9284,1468-4489,A,3501
Accounting Educators Journal,1041-0392,,B,3501
Accounting Forum,0155-9982,1467-6303,A,3501
Accounting Historians Journal,0148-4184,,B,3501
Accounting History,1032-3732,1749-3374,A,3501
Accounting History Review,2155-2851,2155-286X,B,3501
Accounting Horizons,0888-7993,1558-7975,A,3501
Accounting in Europe,1744-9480,1744-9499,A,3501
Accounting Perspectives,1911-382X,1911-3838,B,3501
Accounting Research Journal,1030-9616,,B,3501
Accounting Theory and Practice,2949-9453,,C,3501
"Accounting, Economics and Law – A Convivium",2194-6051,2152-2820,B,3501
"Accounting, Finance and Governance Review",0791-9638,,C,3501
"Accounting, Organizations and Society",0361-3682,1873-6289,A*,3501
ACM Transactions on Information Systems,1046-8188,1558-2868,C,4609
ACM Transactions on Modeling and Computer Simulation,1049-3301,1558-1195,B,3599
Acta Oeconomica,0001-6373,1588-2659,C,3899
Acta Psychologica,0001-6918,1873-6297,A,3507
Acta Turistica,0353-4316,1848-6061,C,3508
Acta Universitatis Bohemiae Meridionalis,1212-3285,2336-4297,C,3801
Action Learning and Action Research Journal,1326-964X,,C,3507
Action Learning Research and Practice,1476-7333,1476-7341,C,3507
Active Learning in Higher Education,1469-7874,1741-2625,B,3505
Actuarial Research Clearinghouse,0732-5428,,C,3502
Adelaide Law Review,0065-1915,,A,4801
Administration and Society,0095-3997,1552-3039,B,3507
Administrative Science Quarterly,0001-8392,1930-3815,A*,3507
Administrative Sciences,,2076-3387,C,3507
Administrative Theory and Praxis,1084-1806,1949-0461,B,3507
Advances and Applications in Statistics,0972-3617,,C,4905
Advances in Accounting,0882-6110,1046-5715,A,3501
Advances in Accounting Behavioral Research,1475-1488,,A,3501
Advances in Accounting Education: teaching and curriculum innovations,1085-4622,,C,3501
Advances in Applied Probability,0001-8678,1475-6064,A,4905
Advances in Consumer Research,0098-9258,,B,3506
Advances in Developing Human Resources,1523-4223,1552-3055,C,3505
Advances in Environmental Accounting and Management,1479-3598,,B,3501
Advances in Experimental Social Psychology,0065-2601,1557-8410,A*,3507
Advances in Hospitality and Leisure,1745-3542,,C,3504
Advances in International Management,1571-5027,,C,3507
Advances in International Marketing,1474-7979,,C,3506
Advances in Management Accounting,1474-7871,,A,3501
Advances in Public Interest Accounting,1041-7060,,C,3501
Advances in Strategic Management,0742-3322,,C,3507
Advances in Taxation,1058-7497,,B,4801
Advertising & Society Review,2475-1790,1534-7311,C,3506
Afaq Iqtisadiyyah,1024-266X,,C,3801
Africa Development/Afrique et Developpement,0850-3907,,C,3899
African Development Review,1017-6772,1467-8268,C,3899
African Economic History,0145-2258,2163-9108,C,3801
"African Journal of Accounting, Auditing and Finance",2046-8083,2046-8091,C,3501
African Journal of Agricultural and Resource Economics,1993-3738,2521-9871,B,3801
African Journal of Business and Economic Research,1750-4554,1750-4562,C,3801
African Journal of Economic and Management Studies,2040-0705,2040-0713,C,3507
African Journal of Economic and Sustainable Development,2046-4770,2046-4789,C,3801
African Review of Economics and Finance,2042-1478,2410-4906,C,3801
Afrika Spectrum,0002-0397,1868-6869,C,3801
Afro-Asian Journal of Finance and Accounting,1751-6447,1751-6455,C,3502
AgBioForum,1522-936X,,C,3801
Agenda: a journal of policy analysis and reform,1322-1833,1447-4735,B,3801
Agribusiness: An international journal,0742-4477,1520-6297,C,3801
Agricultural and Resource Economics Review,1068-2805,2372-2614,B,3801
Agricultural Economics,0169-5150,1574-0862,A,3801
Agricultural Economics and Rural Development,,,C,3899
Agricultural Economics Research Review,0971-3441,0974-0279,C,3899
Agricultural Economics Review,1109-2580,,C,3899
Agricultural Finance Review,0002-1466,2041-6326,C,3502
Agriculture and Human Values,0889-048X,1572-8366,B,3801
AIMS International Journal of Management,1939-7011,,C,3507
Air and Space Law,0927-3379,1875-8339,B,4801
AIS Educator Journal,1935-8156,,C,3501
AIS Transactions on Human-Computer Interaction,1944-3900,,A,4609
Akron Tax Journal,1044-4130,,B,4801
Alberta Law Review,0002-4821,,B,4801
Algorithmic Finance,2158-5571,2157-6203,B,3502
ALI - ABA Business Law Course Materials Journal,1536-4445,,C,4801
Aligarh Journal of Statistics,0971-0388,,C,4905
Alternative Law Journal,1037-969X,2398-9084,B,4801
"Alternatives: global, local, political",0304-3754,2163-3150,A,3507
American Bankruptcy Institute Law Review,1068-0861,,B,4801
American Bankruptcy Law Journal,0027-9048,,B,4801
American Behavioral Scientist,0002-7642,1552-3381,B,3507
American Business Law Journal,0002-7766,1744-1714,A,4801
American Business Review,0743-2348,,B,3507
American Economic Journal: Applied Economics,1945-7782,1945-7790,A*,3801
American Economic Journal: Economic Policy,1945-7731,1945-774X,A*,3801
American Economic Journal: Macroeconomics,1945-7707,1945-7715,A*,3801
American Economic Journal: Microeconomics,1945-7669,1945-7685,A*,3801
American Economic Review: Insights,2640-205X,2640-2068,A*,3801
American Economist,0569-4345,2328-1235,C,3801
American International Journal of Business and Management Studies,2641-4937,2641-4953,C,3507
American Journal of Agricultural Economics,0002-9092,1467-8276,A*,3801
American Journal of Business (AJB),1935-519X,1935-5181,C,3507
American Journal of Comparative Law,0002-919X,2326-9197,A,4801
American Journal of Economics and Sociology,0002-9246,1536-7150,B,3801
American Journal of Evaluation,1098-2140,1557-0878,C,3503
American Journal of Finance and Accounting,1752-7767,1752-7775,C,3502
American Journal of Health Economics,2332-3493,2332-3507,A*,3801
American Journal of Political Science,0092-5853,1540-5907,A*,3599
American Journal of Public Health,0090-0036,1541-0048,A*,3599
American Journal of Recreation Therapy,1539-4131,,C,3504
American Journal of Sociology,0002-9602,1537-5390,A*,3507
American Law and Economics Review,1465-7252,1465-7260,B,3801
American Political Science Review,0003-0554,1537-5943,A*,3599
American Psychologist,0003-066X,1935-990X,A*,3507
American Review of Political Economy,1551-1383,,C,3899
American Review of Public Administration,0275-0740,1552-3357,B,3599
American Sociological Review,0003-1224,1939-8271,A*,3507
AMS Review,1869-814X,1869-8182,B,3506
Analisis: cuadernos de investigacion,0252-8851,,C,3801
Analytic Methods in Accident Research,2213-6657,2213-6665,B,3509
Anatolia,1303-2917,2156-6909,B,3508
Annals Economy Series,1844-7007,,C,3899
Annals of Actuarial Science,1748-4995,1748-5002,A,3502
Annals of Applied Probability,1050-5164,2168-8737,A,4905
Annals of Applied Statistics,1932-6157,1941-7330,A,4905
Annals of Economics and Finance,1529-7373,,C,3502
Annals of Finance,1614-2446,1614-2454,B,3502
Annals of Leisure Research,1174-5398,2159-6816,B,3504
Annals of Operations Research,0254-5330,1572-9338,A,3507
Annals of Probability,0091-1798,2168-894X,A*,4905
Annals of Public and Cooperative Economics,1370-4788,1467-8292,B,3801
Annals of Statistics,0090-5364,,A*,4905
Annals of the American Academy of Political and Social Science,0002-7162,1552-3349,B,3599
Annals of the Institute of Statistical Mathematics,0020-3157,1572-9052,A,4905
Annals of Tourism Research,0160-7383,1873-7722,A*,3508
Annals of Tourism Research Empirical Insights,2666-9579,,B,3508
Annual Editions: Economics,1092-776X,,C,3801
Annual Review of Banking and Financial Law,1544-4627,,C,4801
Annual Review of Economics,1941-1383,1941-1391,A*,3801
Annual Review of Financial Economics,1941-1367,1941-1375,B,3801
Annual Review of Organizational Psychology and Organizational Behavior,2327-0616,,A*,3507
Annual Review of Psychology,0066-4308,1545-2085,A*,3507
Annual Review of Resource Economics,1941-1340,1941-1359,B,3801
Annual Review of Sociology,0360-0572,1545-2115,A*,3507
Anti Trust Law Journal,0003-6056,,A,4801
Antitrust Bulletin,0003-603X,1930-7969,B,4801
Appetite,0195-6663,1095-8304,A,3506
Applied Cognitive Psychology,0888-4080,1099-0720,B,3507
Applied Econometrics,1993-7601,2410-6445,C,3802
Applied Econometrics and International Development,1578-4487,,C,3802
Applied Economic Analysis,2632-7627,,B,3801
Applied Economic Perspectives and Policy,2040-5790,2040-5804,B,3801
Applied Economics,0003-6846,1466-4283,A,3801
Applied Economics Letters,1350-4851,1466-4291,B,3801
Applied Economics Quarterly,1611-6607,1865-5122,B,3801
Applied Energy,0306-2619,,A,3599
Applied Finance Letters,2253-5799,2253-5802,B,3502
Applied Financial Economics,0960-3107,1466-4305,B,3502
Applied Health Economics and Health Policy,1175-5652,1179-1896,C,3801
Applied Mathematical Finance,1350-486X,1466-4313,B,3502
Applied Psychological Measurement,0146-6216,1552-3497,B,3507
Applied Psychology: An International Review,0269-994X,1464-0597,A,3507
Applied Research in Quality of Life,1871-2584,1871-2576,B,3599
Applied Stochastic Models in Business and Industry,1524-1904,1526-4025,B,4905
Appraisal Journal,0003-7087,,B,3504
Aquaculture Economics and Management,1365-7305,1551-8663,C,3801
Arizona Law Review,0004-153X,,B,4801
Arkansas Business and Economic Review,0004-1742,,C,3801
Artha-Vikas: a journal of economic development,0004-3567,,C,3801
Arts and the Market (formerly Arts Marketing),2044-2084,2056-4945,C,3506
ASEAN Journal on Hospitality and Tourism,1412-2073,,C,3508
Asia Europe Journal,1610-2932,1612-1031,B,3599
Asia Pacific Business Review,1360-2381,1743-792X,B,3507
Asia Pacific Journal of Economics and Business,1326-8481,,B,3801
Asia Pacific Journal of Finance,0219-1466,,B,3502
Asia Pacific Journal of Health Management,1833-3818,,C,3599
Asia Pacific Journal of Information Systems,2288-5404,2288-6818,B,4609
Asia Pacific Journal of Management,0217-4561,1572-9958,A,3507
Asia Pacific Journal of Marketing and Logistics,1355-5855,1758-4248,A,3506
Asia Pacific Journal of Taxation,1027-5592,,C,4801
Asia Pacific Journal of Tourism Research,1094-1665,1741-6507,A,3508
Asia Pacific Law Review,1019-2557,1875-8444,C,4801
Asia Pacific Public Relations Journal,1440-4389,1839-8227,B,3506
Asia Pacific Sustainable Development Journal,1020-1246,,B,3899
Asia-Pacific Financial Markets,1387-2834,1573-6946,C,3502
Asia-Pacific Journal of Accounting and Economics,1608-1625,2164-2257,B,3501
Asia-Pacific Journal of Business Administration,1757-4323,1757-4331,B,3507
Asia-Pacific Journal of Financial Studies,2041-9945,2041-6156,B,3502
Asia-Pacific Journal of Human Resources,1038-4111,1744-7941,A,3505
Asia-Pacific Journal of Innovation in Hospitality and Tourism,2710-6519,,C,3508
Asia-Pacific Journal of Risk and Insurance,2194-606X,2153-3792,B,3502
Asia-Pacific Management Accounting Journal,1675-3194,2550-1631,C,3501
Asia-Pacific Management Review,1029-3132,2589-8213,C,3507
Asia-Pacific Tax Bulletin,1385-3082,,C,4801
Asian Academy of Management Journal,1394-2603,2180-4184,C,3507
Asian Academy of Management Journal of Accounting and Finance,1823-4992,2180-4192,C,3501
Asian and Pacific Economic Review,1000-6052,,C,3801
Asian and Pacific Migration Journal,0117-1968,2057-049X,C,3599
Asian Business and Management,1472-4782,1476-9328,C,3507
Asian Development Review,0116-1105,,C,3801
Asian Economic Journal,1351-3958,1467-8381,B,3801
Asian Economic Papers,1535-3516,1536-0083,B,3801
Asian Economic Policy Review,1832-8105,1748-3131,C,3801
Asian Economics Letters,2652-8681,,C,3801
Asian Economies,0002-2942,,C,3801
Asian Journal of Accounting and Governance,2180-3838,,C,3501
Asian Journal of Accounting Research,2459-9700,2443-4175,B,3501
Asian Journal of Agriculture and Development,1656-4383,2599-3879,C,3899
Asian Journal of Business and Accounting,1985-4064,2180-3137,C,3501
Asian Journal of Business Ethics,2210-6723,2210-6731,C,3507
Asian Journal of Business Research,2463-4522,1178-8933,C,3506
Asian Journal of International Law,2044-2513,2044-2521,C,4801
Asian Journal of Management Cases,0972-8201,0973-0621,C,3501
Asian Journal of Marketing (SING),0218-6101,,C,3506
Asian Journal of Political Science,0218-5377,1750-7812,B,3599
Asian Journal of Social Science,1568-4849,1568-5314,C,3599
Asian Population Studies,1744-1730,1744-1749,B,3599
Asian Review of Accounting,1321-7348,1758-8863,B,3501
Asian Survey,0004-4687,1533-838X,C,3599
Asian-Pacific Economic Literature,0818-9935,1467-8411,C,3801
ASOR Bulletin,0812-860X,1446-6678,C,3509
Asper Review of International Business and Trade Law,1496-9572,,C,4801
AStA Advances in Statistical Analysis,1863-8171,1863-818X,C,4905
ASTIN Bulletin,0515-0361,1783-1350,A*,3502
ATA Journal of Legal Tax Research,1543-866X,,C,4801
Atlantic Economic Journal,0197-4254,1573-9678,C,3801
Auckland University Law Review,0067-0510,,C,4801
Audit Financiar,1583-5812,1844-8801,C,3501
Auditing: A Journal of Practice and Theory,0278-0380,1558-7991,A*,3501
Australasian Accounting Business and Finance Journal,1834-2000,1834-2019,B,3501
Australasian Agribusiness Review,1442-6951,,C,3599
Australasian Dispute Resolution Journal,1441-7847,,C,4801
Australasian Journal of Economics Education,1448-448X,1448-4498,C,3801
Australasian Journal of Information Systems,1449-8618,1326-2238,A,4609
Australasian Journal of Natural Resources Law and Policy,1320-5323,,B,4801
Australasian Journal of Regional Studies,1324-0935,,B,3599
Australasian Journal on Ageing,1440-6381,1741-6612,B,3599
Australasian Marketing Journal,1441-3582,1839-3349,A,3506
Australian Accounting Review,1035-6908,1835-2561,B,3501
Australian and New Zealand Journal of Criminology,0004-8658,1837-9273,A,4801
Australian and New Zealand Journal of Statistics,1369-1473,1467-842X,A,4905
Australian Bar Review,0814-8589,,A,4801
Australian Business Law Review,0310-1053,,A,4801
Australian Commodities,1321-7844,,C,3801
Asia‐Pacific Economic History Review,0004-8992,1467-8446,B,3801
Australian Economic Papers,0004-900X,1467-8454,B,3801
Australian GST Journal,1445-4068,,C,4801
Australian Intellectual Property Journal,1038-1635,,B,4801
Australian Journal of Actuarial Practice (formerly Australian Actuarial Journal),2203-2290,2203-5354,C,3502
Australian Journal of Asian Law,1443-0738,,C,4801
Australian Journal of Career Development,1038-4162,2200-6974,B,3505
Australian Journal of Competition and Consumer Law (formerly Trade Practices Law Journal),1838-9260,,B,4801
Australian Journal of Corporate Law,1037-4124,,A,4801
Australian Journal of Environmental Education,0814-0626,2049-775X,B,3507
Australian Journal of Human Rights,1323-238X,2573-573X,B,3599
Australian Journal of International Affairs,1035-7718,1465-332X,A,3599
Australian Journal of Labour Economics: a journal of labour economics and labour relations,1328-1143,,B,3801
Australian Journal of Labour Law,1030-7222,,A,4801
Australian Journal of Management,0312-8962,1327-2020,A,3502
Australian Journal of Political Science,1036-1146,1363-030X,A,3599
Australian Journal of Public Administration,0313-6647,1467-8500,A,3599
Australian Law Journal,0004-9611,,A,4801
Australian Property Law Journal,1038-5959,,B,4801
Australian Psychologist,0005-0067,1742-9544,B,3507
Australian Tax Forum,0812-695X,,A*,4801
Australian Tax Law Bulletin,2203-9481,,C,4801
Australian Tax Review,0311-094X,,A,4801
Austrian Economic Quarterly,1025-6954,1605-4709,C,3899
Baltic Journal of Economics,1406-099X,2334-4385,C,3801
Baltic Journal of Management,1746-5265,1746-5273,B,3507
Bank Parikrama: A Journal of Banking and Finance,1019-7044,,C,3502
Banking and Finance Law Review,0832-8722,,B,4801
Banking Law Journal,0005-5506,,C,4801
Basic and Applied Social Psychology,0197-3533,1532-4834,B,3507
Basic Income Studies,2194-6094,1932-0183,C,3801
Bayesian Analysis,1936-0975,1931-6690,A,4905
Behavioral Research in Accounting,1050-4753,1558-8009,A,3501
Behaviour and Information Technology,0144-929X,1362-3001,A,4609
Benchmarking: an international journal,1463-5771,1758-4094,B,3507
Berkeley Business Law Journal,1548-7067,,B,4801
Berkeley Technology Law Journal,1086-3818,,A,4801
Bernoulli,1350-7265,1573-9759,A,4905
BFuP - Betriebswirtschaftliche Forschung und Praxis,0340-5370,,C,3801
Bio-based and Applied Economics Journal,2280-6180,2280-6172,C,3899
Bioinformatics,1367-4803,1460-2059,A,4905
Biometrical Journal,0323-3847,1521-4036,B,4905
Biometrika,0006-3444,1464-3510,A*,4905
Biostatistics,1465-4644,1468-4357,A,4905
Bond Law Review,1033-4505,,B,4801
Borsa Istanbul Review,2214-8450,2214-8469,B,3502
Boston University Law Review,0006-8047,,A*,4801
Brazilian Electronic Journal of Economics,1516-4373,,C,3801
Brazilian Journal of Business Economics,1676-8000,2236-9775,C,3801
Brazilian Journal of Rural Economy and Sociology,0103-2003,1806-9479,C,3899
Briefing Notes in Economics,0968-7017,,C,3803
British Accounting Review,0890-8389,1095-8347,A*,3501
British Actuarial Journal,1357-3217,2044-0456,B,3502
British Food Journal,0007-070X,1758-4108,B,3506
British Journal of Educational Technology,0007-1013,1467-8535,A,4609
British Journal of Health Care Management,1358-0574,1759-7382,C,3507
British Journal of Industrial Relations,0007-1080,1467-8543,A*,3505
British Journal of Management,1045-3172,1467-8551,A*,3507
British Journal of Mathematical and Statistical Psychology,0007-1102,2044-8317,B,4905
British Journal of Political Science,0007-1234,1469-2112,A*,3599
British Journal of Social Psychology,0144-6665,2044-8309,A,3507
British Journal of Sociology,0007-1315,1468-4446,A,3507
British Tax Review,0007-1870,,A*,4801
Brookings Papers on Economic Activity,0007-2303,1533-4465,A,3801
Brussels Economic Review,0008-0195,,C,3801
Building Research and Information,0961-3218,1466-4321,A,3599
Built Environment Project and Asset Management,2044-124X,2044-1258,B,3599
Bulletin for International Taxation,1819-5490,2352-9202,B,4801
Bulletin of Applied Economics,2056-3728,2056-3736,C,3801
Bulletin of Comparative Labour Relations,0770-3724,,C,3505
Bulletin of Economic Research,0307-3378,1467-8586,B,3801
Bulletin of Indonesian Economic Studies,0007-4918,1472-7234,B,3801
Bulletin of Monetary Economics and Banking,1410-8046,2460-9196,C,3502
Bulletin of the Czech Econometric Society,1212-074X,,C,3802
Business & Information Systems Engineering,2363-7005,1867-0202,A,4609
Business Analyst Journal,0973-211X,2754-6721,C,3502
Business and Economics Research Journal,1309-2448,,C,3801
Business and Human Rights Journal,2057-0198,2057-0201,B,4801
Business and Politics,1369-5258,1469-3569,C,3899
Business and Professional Communication Quarterly,2329-4906,2329-4922,C,3507
Business and Professional Ethics Journal,0277-2027,2153-7828,C,3507
Business and Society,0007-6503,1552-4205,A,3507
Business and Society Review,0045-3609,1467-8594,C,3507
Business Case Journal,1937-8459,,C,3599
Business Economics,0007-666X,1554-432X,B,3801
Business Ethics and Leadership,2520-6761,2520-6311,C,3507
Business Ethics Quarterly,1052-150X,2153-3326,A,3507
"Business Ethics, the Environment & Responsibility",0962-8770,1467-8608,B,3507
Business History,0007-6791,1743-7938,A*,3505
Business History Review,0007-6805,2044-768X,A,3505
Business Horizons,0007-6813,1873-6068,B,3507
Business Law Review,1533-7421,,C,4801
Business Law Today,1059-9436,,C,4801
Business Perspectives and Research,2394-9937,2278-5337,C,3507
Business Process Management Journal,1463-7154,1758-4116,B,4609
Business Research Quarterly,2340-9436,,B,3507
Business Strategy and the Environment,0964-4733,1099-0836,A,3507
Business Strategy Review,0955-6419,1467-8616,B,3507
Cadernos de Pos-Graduacao em Direito Politico e Economico,1678-2127,,C,3801
California Management Review,0008-1256,2162-8564,A,3507
Cambridge Journal of Economics,0309-166X,1464-3545,A,3801
"Cambridge Journal of Regions, Economy and Society",1752-1378,1752-1386,B,3801
Cambridge Law Journal,0008-1973,1469-2139,A*,4801
Canadian Bar Review,0008-3003,,B,4801
Canadian Business Law Journal,0319-3322,,A,4801
Canadian Journal of Administrative Sciences / Revue Canadienne des Sciences de l Administration,0825-0383,1936-4490,B,3507
Canadian Journal of Agricultural Economics / Revue Canadienne d Agroeconomie,0008-3976,1744-7976,A,3801
Canadian Journal of Development Studies / Revue canadienne d'etudes du developpement,0225-5189,2158-9100,B,3801
Canadian Journal of Economics / Revue Canadienne D'Economique,0008-4085,1540-5982,A,3801
Canadian Journal of Marketing Research,0829-4836,,C,3506
Canadian Journal of Statistics,0319-5724,1708-945X,A,4905
Canadian Public Policy / Analyse de Politiques,0317-0861,1911-9917,B,3599
Canadian Tax Journal,0008-5111,,A*,4801
Canberra Law Review,1320-6702,,C,4801
Canterbury Law Review,0112-0581,,B,4801
Capital and Class,0309-8168,2041-0980,B,3899
Capital Markets Law Journal,1750-7219,1750-7227,A,4801
Capital Markets Review,1823-4445,,C,3502
Capitalism and Society,1932-0213,,C,3801
Career Development and Transition for Exceptional Individuals,0885-7288,1557-5047,C,3507
Career Development International,1362-0436,1758-6003,A,3505
Case Studies on Transport Policy,2213-624X,,C,3509
Cayapa: revista venezolana de economia social,1317-5734,,C,3801
Central Bank Review,1303-0701,1305-8800,C,3502
Central European Journal of Economic Modelling and Econometrics,2080-0886,2080-119X,C,3802
Central European Journal of Operations Research,1435-246X,1613-9178,C,3509
CESifo Economic Studies,1610-241X,1612-7501,C,3801
Charity Law and Practice Review,0966-4041,,B,4801
Chilean Journal of Statistics,0718-7912,0718-7920,C,4905
China Accounting and Finance Review,1029-807X,2307-3055,A,3501
China Agricultural Economic Review,1756-137X,1756-1388,B,3801
China and World Economy,1671-2234,1749-124X,B,3801
China Economic Journal,1753-8963,1753-8971,B,3899
China Economic Quarterly International,2666-9331,,C,3801
China Economic Review,1043-951X,1873-7781,A,3801
China Finance Review International,2044-1398,2044-1401,A,3502
China Information,0920-203X,1741-590X,B,3599
China Journal of Accounting Research,1755-3091,2214-1421,A,3501
China Journal of Accounting Studies,2169-7213,2169-7221,B,3501
Chinese Management Studies,1750-614X,1750-6158,C,3507
Chinese Rural Economy,1002-8870,,C,3801
"Choices: The Magazine of Food, Farm, and Resource Issues",0886-5558,,C,3899
"Ciclos: en la historia, la economia y la sociedad",0327-4063,1851-3735,C,3801
Citizenship Studies,1362-1025,1469-3593,C,3599
Civil Justice Quarterly,0261-9261,,A,4801
Cleaner Logistics and Supply Chain,,2772-3909,B,3509
Climate and Development,1756-5529,1756-5537,B,3899
Climate Change Economics,2010-0078,,B,3899
Climate Policy,1469-3062,1752-7457,C,3507
Cliometrica: journal of historical economics and econometric history,1863-2505,1863-2513,C,3801
Cogent Business & Management,,2331-1975,C,3507
Cogent Economics and Finance,2332-2039,,B,3801
Columbia Business Law Review,0898-0721,1930-7934,A,4801
Columbia Journal of Asian Law,1094-8449,2373-0498,A,4801
Columbia Journal of Law and the Arts,1544-4848,,A,4801
Columbia Journal of Transnational Law,0010-1931,2159-1814,A,4801
Columbia Law Review,0010-1958,1945-2268,A*,4801
Commercial Law Quarterly,0819-4262,,C,4801
Common Law World Review,1473-7795,1740-5556,B,4801
Common Market Law Review,0165-0750,1875-8320,B,4801
Commonwealth and Comparative Politics,1466-2043,1743-9094,C,3599
Communication & Sport,2167-4809,2167-4795,B,3504
Communication Research,0093-6502,1552-3810,A,3599
Communication Research and Practice,2204-1451,2206-3374,C,3506
Communication Theory,1050-3293,1468-2885,A,3599
Communications in Statistics: Theory and Methods,0361-0926,1532-415X,B,4905
Communications in Transportation Research,,2772-4247,C,3509
Communications Law Bulletin,0727-1301,,C,4801
Communications of the Association for Information Systems,1529-3181,,A,4609
Community Development Journal,0010-3802,1468-2656,B,3507
"Community, Work and Family",1366-8803,1469-3615,C,3507
Company and Securities Law Journal,0729-2775,,A,4801
Company Lawyer,0144-1027,,B,4801
Comparative Economic Studies,0888-7233,1478-3320,B,3899
Comparative Labor Law and Policy Journal,1095-6654,,A,4801
Comparative Political Studies,0010-4140,1552-3829,A,3599
Comparative Politics,0010-4159,2151-6227,A,3599
Compensation & Benefits Review,0886-3687,1552-3837,C,3505
Competition and Change,1024-5294,1477-2221,B,3505
Competition and Consumer Law Journal,1039-5598,,A,4801
Competition and Regulation in Network Industries,1783-5917,,B,3801
Competition Law Journal,1476-9085,,C,4801
Competitiveness Review,1059-5422,2051-3143,C,3507
Comptabilité - Contrôle - Audit,1262-2788,2313-514X,B,3501
Computational Economics,0927-7099,1572-9974,B,3899
Computational Management Science,1619-697X,1619-6988,B,3503
Computational Statistics and Data Analysis,0167-9473,1872-7352,A,4905
Computer and Telecommunications Law Review,1357-3128,,C,4801
Computer Law & Security Review,0267-3649,1873-6734,B,4801
Computer Supported Cooperative Work,0925-9724,1573-7551,B,4609
Computers & Industrial Engineering,0360-8352,1879-0550,A,3503
Computers and Operations Research,0305-0548,1873-765X,A,3509
Computers in Human Behavior,0747-5632,1873-7692,A,4609
Conflict Management and Peace Science,0738-8942,1549-9219,B,3507
Conflict Resolution Quarterly,1536-5581,1541-1508,B,3507
Constitutional Political Economy,1043-4062,1572-9966,B,3801
Construction Economics and Building,1835-6354,2204-9029,C,3504
Construction Innovation,1471-4175,1477-0857,B,3504
Construction Law Journal,0267-2359,,B,4801
Construction Management and Economics,0144-6193,1466-433X,A,3504
Consumer Behavior in Tourism and Hospitality,2752-6666,2752-6674,B,3508
Consumer Finance Law Quarterly Report,0883-4555,,C,4801
"Consumption, Markets and Culture",1025-3866,1477-223X,B,3506
Contemporary Accounting Research,0823-9150,1911-3846,A*,3501
Contemporary Economic Policy,1074-3529,1465-7287,B,3801
Contemporary Economics,2084-0845,2300-8814,C,3899
Contemporary Sociology,0094-3061,1939-8638,C,3507
Contract and Commercial Law Review,2653-8350,,C,4801
Contributions to Political Economy,0277-5921,1464-3588,B,3801
Copernican Journal of Finance & Accounting,2300-1240,2300-3065,C,3501
Copyright Society of the USA Journal,0886-3520,,B,4801
Cornell Hospitality Quarterly,1938-9655,1938-9663,A,3504
Cornell International Law Journal,0010-8812,,B,4801
Cornell Law Review,0010-8847,,A*,4801
Corporate Board,0746-8652,,C,4801
Corporate Communications,1356-3289,1758-6046,B,3506
Corporate Finance Review,1089-327X,,C,3502
Corporate Governance,1472-0701,1758-6054,B,3507
Corporate Governance International,1028-9666,,B,4801
Corporate Governance: an international review,0964-8410,1467-8683,A,3507
Corporate Reputation Review,1363-3589,1479-1889,C,3507
Corporate Social Responsibility and Environmental Management,1535-3958,1535-3966,C,3507
Corporate Taxation,1534-715X,,C,4801
Cost Effectiveness and Resource Allocation,,1478-7547,C,3801
Cost Management,1092-8057,,C,3501
Creativity and Innovation Management,0963-1690,1467-8691,B,3507
Credit and Capital Markets,2199-1227,2199-1235,C,3803
"Crime, Law and Social Change",0925-4994,1573-0751,B,4801
Critical Asian Studies,1467-2715,1472-6033,B,3599
Critical Discourse Studies,1740-5904,1740-5912,B,3599
Critical Finance Review,2164-5744,2164-5760,A*,3502
Critical Perspectives on Accounting,1045-2354,1095-9955,A,3501
Critical Perspectives on International Business,1742-2043,1758-6062,B,3507
Critical Studies in Media Communication,1529-5036,1479-5809,C,3599
Cross Cultural & Strategic Management,2059-5794,,B,3507
Cultural Diversity and Ethnic Minority Psychology,1099-9809,1939-0106,B,3507
Cultural Trends,1469-3690,0954-8963,B,3504
Culture and Organization,1475-9551,1477-2760,B,3507
Current Issues in Auditing,,1936-1270,B,3501
Current Issues in Tourism,1368-3500,1747-7603,A,3508
Current Legal Problems,0070-1998,,A,4801
Current Politics and Economics of Europe,1057-2309,,C,3801
Curtin Law and Taxation Review,2203-5028,,B,4801
Customer Needs and Solutions,2196-291X,2196-2928,B,3506
Cyprus Economic Policy Review,1450-4561,,C,3899
Czech Economic Review,1802-4696,1805-9406,C,3801
Czech Journal of Economics and Finance / Finance a uver,0015-1920,2464-7683,C,3899
Dalhousie Law Journal,0317-1663,,A,4801
Data Base for Advances in Information Systems,0095-0033,1532-0936,A,4609
De Economist,0013-063X,1572-9982,C,3801
Deakin Law Review,1835-9264,,A,4801
Decision,2325-9965,,B,3507
Decision Analysis,1545-8490,1545-8504,A,3503
Decision Sciences,0011-7315,1540-5915,A*,3509
Decision Sciences Journal of Innovative Education,1540-4595,1540-4609,C,3505
Decision Support Systems,0167-9236,1873-5797,A*,4609
DECISION: Official journal of indian institute of management calcutta,0304-0941,2197-1722,C,3507
Decisions in Economics and Finance,1593-8883,1129-6569,B,3801
Defence and Peace Economics,1024-2694,1476-8267,B,3801
Defense Transportation Journal,0011-7625,,C,3509
Delaware Journal of Corporate Law,0364-9490,1943-7331,A,4801
Demographic Research,1435-9871,,A,3505
Demography,0070-3370,1533-7790,A,3801
DePaul Business and Commercial Law Journal,1542-2763,,C,4801
Derivatives & Financial Instruments,1389-1863,,C,3502
Design Studies,0142-694X,1872-6909,A,3599
Developing Economies,0012-1533,1746-1049,B,3801
Development and Change,0012-155X,1467-7660,B,3801
Development and Learning in Organizations,1477-7282,1758-6097,C,3505
Development Policy Review,0950-6764,1467-7679,B,3801
Development Southern Africa,0376-835X,1470-3637,C,3801
Digital Business,,2666-9544,C,4609
"Digital Policy, Regulation and Governance",2398-5046,2398-5038,B,4609
Disasters,0361-3666,1467-7717,A,3599
Discourse & Communication,1750-4813,1750-4821,A,3599
Discourse & Society,0957-9265,1460-3624,A,3599
Discourse Studies,1461-4456,1461-7080,A,3599
Duke Journal of Comparative and International Law,1053-6736,2328-9708,A,4801
Duke Law Journal,0012-7086,,B,4801
Duquesne Business Law Journal,1548-372X,,C,4801
Dynamic Econometric Models,1234-3862,2450-7067,C,3802
Dynamic Games and Applications,2153-0785,2153-0793,B,3803
E-Service Journal,1528-8226,1528-8234,B,3506
Eastern Economic Journal,0094-5056,1939-4632,B,3801
Eastern European Economics,0012-8775,1557-9298,B,3801
EC Tax Review,0928-2750,,B,4801
Ecological Economics,0921-8009,1873-6106,A,3899
Ecology,0012-9658,1939-9170,A,3599
Econ Journal Watch,1933-527X,,B,3801
Econometric Reviews,0747-4938,1532-4168,A,3802
Econometric Theory,0266-4666,1469-4360,A*,3802
Econometrica,0012-9682,1468-0262,A*,3802
Econometrics,2225-1146,,B,3802
Econometrics and Statistics,2452-3062,,B,3802
Econometrics Journal,1368-4221,1368-423X,A*,3802
Economia,0254-4415,2304-4306,C,3803
Economia Internazionale,0012-981X,,C,3801
"Economia, the Journal of Latin American and Caribbean Economic Association (LACEA)",1529-7470,1533-6239,B,3801
Economic Affairs,0265-0665,1468-0270,C,3801
Economic Analysis and Policy,0313-5926,2204-2296,A,3801
Economic and Business Review,1580-0466,2335-4216,C,3801
Economic and Industrial Democracy: an international journal,0143-831X,1461-7099,A,3801
Economic and Labour Market Review,1751-8326,1751-8334,C,3801
Economic and Political Weekly,0012-9976,2349-8846,B,3801
Economic and Social Review,0012-9984,,B,3801
Economic Change and Restructuring,1573-9414,1574-0277,B,3801
Economic Computation and Economic Cybernetics Studies and Research,0424-267X,,C,3899
Economic Development and Cultural Change,0013-0079,1539-2988,A,3801
Economic Development Quarterly,0891-2424,1552-3543,B,3801
Economic Geography,0013-0095,1944-8287,A,3801
Economic History of Developing Regions,2078-0389,2078-0397,C,3801
Economic Inquiry,0095-2583,1465-7295,A,3801
Economic Issues,1363-7029,,B,3801
Economic Modelling,0264-9993,1873-6122,A,3801
Economic Notes,0391-5026,1468-0300,B,3801
Economic Papers: a journal of applied economics and policy,,1759-3441,B,3801
Economic Policy / Ekonomicheskaya Politika,1994-5124,2411-2658,C,3801
Economic Policy: a European forum,0266-4658,1468-0327,A,3801
Economic Quarter / Trimestre Economico,0041-3011,2448-718X,B,3801
Economic Review / Revue Economique,0035-2764,1950-6694,B,3801
Economic Studies / Estudios de Economia,0304-2758,0718-5286,C,3801
Economic Studies Journal,0205-3292,,C,3801
Economic Systems,0939-3625,1878-5433,B,3899
Economic Systems Research,0953-5314,1469-5758,B,3899
Economic Theory,0938-2259,1432-0479,A*,3803
Economic Theory Bulletin,2196-1085,2196-1093,B,3803
Economic Thought Journal,0205-1990,,C,3899
Economica,0013-0427,1468-0335,A,3801
Economics & Politics,0954-1985,1468-0343,A,3801
Economics and Applied Informatics,1584-0409,2344-441X,C,3899
Economics and Business Review,2392-1641,2450-0097,C,3801
Economics and Finance in Indonesia,0126-155X,2442-9260,C,3801
Economics and Human Biology,1570-677X,1873-6130,A,3801
Economics and Philosophy,0266-2671,1474-0028,A,3801
Economics and Policy of Energy and the Environment,2280-7659,2280-7667,C,3899
Economics Bulletin,1545-2921,,C,3801
Economics Letters,0165-1765,1873-7374,A,3801
Economics of Disasters and Climate Change,2511-1280,2511-1299,C,3801
Economics of Education Review,0272-7757,1873-7382,A,3801
Economics of Energy & Environmental Policy,2160-5882,2160-5890,B,3801
Economics of Governance,1435-6104,1435-8131,B,3801
Economics of Innovation and New Technology,1043-8599,1476-8364,B,3801
Economics of Transition and Institutional Change,2577-6975,2577-6983,A,3801
Economics of Transportation,2212-0122,,B,3509
"Economics, Management, and Financial Markets",1842-3191,1938-212X,C,3801
"Economics: The Open Access, Open Assessment E-journal",1864-6042,,B,3801
Economies,,2227-7099,C,3801
Economists' Voice,2194-6167,1553-3832,B,3801
Economy and Society,0308-5147,1469-5766,A,3801
"EDPACS: The EDP Audit, Control, and Security Newsletter",0736-6981,1936-1009,C,3501
Education Economics,0964-5292,1469-5782,B,3801
Education Finance and Policy,1557-3060,1557-3079,A,3801
Educational and Psychological Measurement,0013-1644,1552-3888,A,3507
Educational Management Administration & Leadership,1741-1432,1741-1440,B,3505
eJournal of Tax Research,1448-2398,,A,4801
Ekonomia,1025-5508,1013-3224,C,3803
Electronic Commerce Research,1389-5753,1572-9362,A,4609
Electronic Commerce Research and Applications,1567-4223,1873-7846,B,4609
Electronic Communication Law Review,1570-2294,,C,4801
Electronic Journal of Evolutionary Modeling and Economic Dynamics,1298-0137,,C,3899
Electronic Journal of Information Systems in Developing Countries,1681-4835,,B,4609
Electronic Journal of Knowledge Management,1479-4411,,C,4609
Electronic Journal of Probability,,1083-6489,A,4905
Electronic Markets,1019-6781,1422-8890,A,4609
Emerging Markets Finance and Trade,1540-496X,1558-0938,B,3502
Emerging Markets Review,1566-0141,1873-6173,A,3502
Empirica,0340-8744,1573-6911,B,3801
Empirical Economics,0377-7332,1435-8921,A,3801
Empirical Economics Letters,1681-8997,,C,3801
Employee Relations,0142-5455,1758-7069,A,3505
Employee Relations Law Journal,0098-8898,,B,4801
Employee Responsibilities and Rights Journal,0892-7545,1573-3378,C,3505
Energy and Environment,0958-305X,2048-4070,C,3599
Energy Economics,0140-9883,1873-6181,A*,3801
Energy Journal,0195-6574,1944-9089,A,3801
Energy Policy,0301-4215,1873-6777,A,3599
Energy Research Letters,2652-6514,2652-6433,C,3899
"Energy Sources, Part B: Economics, Planning, and Policy",1556-7249,1556-7257,C,3801
Energy Studies Review,0843-4379,,C,3899
Engineering Economics,1392-2785,2029-5839,B,3801
Engineering Economist,0013-791X,1547-2701,C,3801
Engineering Management Journal,1042-9247,2377-0643,B,3507
"Engineering, Construction and Architectural Management",0969-9988,1365-232X,A,3504
Enometrica,1974-4730,,C,3899
Enterprise and Society,1467-2227,1467-2235,A,3505
Enterprise Development & Microfinance,1755-1978,1755-1986,C,3801
Enterprise Governance eJournal,2651-9615,,C,4801
Enterprise Information Systems,1751-7575,1751-7583,A,4609
Entertainment Law Review,0959-3799,,B,4801
Entrepreneurial Business Law Journal,1932-4480,1932-4472,C,4801
Entrepreneurship and Regional Development,0898-5626,1464-5114,A,3507
Entrepreneurship Research Journal,2194-6175,2157-5665,B,3507
Entrepreneurship Theory and Practice,1042-2587,1540-6520,A*,3507
Environment and Development Economics,1355-770X,1469-4395,B,3801
Environment and Planning A: Economy and Space,0308-518X,1472-3409,A*,3599
Environment and Planning B: Urban Analytics and City Science,0265-8135,1472-3417,A*,3599
Environment and Planning C: politics and space,0263-774X,,B,3599
Environment and Planning D: society and space,0263-7758,1472-3433,A,3599
Environment and Urbanization Asia,0975-4253,0976-3546,C,3599
Environmental and Ecological Statistics,1352-8505,1573-3009,A,4905
Environmental and Planning Law Journal,0813-300X,,B,4801
Environmental and Resource Economics,0924-6460,1573-1502,A,3801
Environmental Economics and Policy Studies,1432-847X,1867-383X,B,3801
Environmental Education Research,1350-4622,1469-5871,A,3599
Environmental Innovation and Societal Transitions,,2210-4224,A,3599
Environmental Management,0364-152X,1432-1009,C,3507
Environmetrics,1180-4009,1099-095X,B,4905
EPH-International Journal of Business & Management Science,2208-2190,,C,3507
"Equality, Diversity and Inclusion",2040-7149,2040-7157,B,3505
Erasmus Journal for Philosophy and Economics,1876-9098,,C,3899
Erasmus Law and Economics Review,1824-3886,,C,4801
ESAIM: Probability and Statistics,1292-8100,1262-3318,C,4905
Essays in Economic & Business History,0896-226X,2376-9459,B,3801
Estudos Economicos,0101-4161,,C,3801
Ethics and Economics,1639-1306,,C,3899
Ethics and Information Technology,1388-1957,1572-8439,B,4609
"Ethics: an international journal of social, political, and legal philosophy",0014-1704,1539-297X,A,3507
Eurasian Business Review,1309-4297,2147-4281,B,3801
Eurasian Economic Review,1309-422X,2147-429X,C,3801
Eurasian Geography and Economics,1538-7216,1938-2863,B,3899
Eurasian Journal of Business and Economics,1694-5948,1694-5972,C,3501
EURO Journal on Transportation and Logistics,2192-4376,2192-4384,B,3509
EuroChoices,,1746-692X,C,3801
EuroMed Journal of Business,1450-2194,1758-888X,B,3507
Europe-Asia Studies,0966-8136,1465-3427,B,3599
European Actuarial Journal,2190-9733,2190-9741,B,3502
European Business Law Review,0959-6941,1875-841X,C,4801
European Business Organization Law Review,1566-7529,1741-6205,B,4801
European Business Review,0955-534X,1758-7107,B,3507
European Company Law,1572-4999,1875-6530,C,4801
European Competition Journal,1744-1056,1757-8396,C,4801
European Competition Law Review,0144-3054,,A,4801
European Economic Review,0014-2921,1873-572X,A*,3801
European Financial Management,1354-7798,1468-036X,A,3502
European Intellectual Property Review,0142-0461,1749-5083,A,4801
European Journal of Communication,0267-3231,1460-3705,B,3599
European Journal of Comparative Economics,1824-2979,,B,3899
European Journal of Development Research,0957-8811,1743-9728,B,3801
European Journal of Economics and Economic Policies: Intervention,2052-7764,2052-7772,C,3801
European Journal of Government and Economics,2254-7088,,C,3899
European Journal of Health Economics,1618-7598,1618-7601,A,3801
European Journal of Industrial Relations,0959-6801,1461-7129,A,3505
European Journal of Information Systems,0960-085X,1476-9344,A*,4609
European Journal of Innovation Management,1460-1060,1758-7115,C,3507
European Journal of International Law,0938-5428,1464-3596,A,4801
European Journal of International Management,1751-6757,1751-6765,C,3507
European Journal of International Relations,1354-0661,1460-3713,A,3599
European Journal of Law and Economics,0929-1261,1572-9990,C,4801
European Journal of Management and Business Economics,2444-8451,2444-8494,B,3507
European Journal of Management Studies,2183-4172,2635-2648,C,3507
European Journal of Marketing,0309-0566,1758-7123,A*,3506
European Journal of Operational Research,0377-2217,1872-6860,A*,3507
European Journal of Personality,0890-2070,1099-0984,A,3507
European Journal of Political Economy,0176-2680,1873-5703,A,3801
European Journal of Political Research,0304-4130,1475-6765,A,3599
European Journal of Population,0168-6577,1572-9885,B,3599
European Journal of Psychological Assessment,1015-5759,2151-2426,B,3507
European Journal of Public Health,1101-1262,1464-360X,B,3599
European Journal of Social Psychology,0046-2772,1099-0992,A,3507
European Journal of the History of Economic Thought,0967-2567,1469-5936,B,3803
European Journal of Tourism Research,1994-7658,1314-0817,C,3508
European Journal of Training and Development,2046-9012,,C,3505
European Journal of Transport and Infrastructure Research,1567-7133,1567-7141,B,3509
European Journal of Work and Organizational Psychology,1359-432X,1464-0643,A,3507
European Law Journal,1351-5993,1468-0386,B,4801
European Law Review,0307-5400,,A,4801
European Management Journal,0263-2373,1873-5681,A,3507
European Management Review,1740-4754,1740-4762,B,3507
European Research on Management and Business Economics,2444-8834,2444-8842,A,3599
European Review of Agricultural Economics,0165-1587,1464-3618,A,3801
European Review of Economic History,1361-4916,1474-0044,A,3801
European Sport Management Quarterly,1618-4742,1746-031X,A,3504
European Taxation,0014-3138,,B,4801
European Transport / Trasporti Europei,1825-3997,2283-5520,C,3509
European Transport Law,0014-3154,,C,4801
European Urban and Regional Studies,0969-7764,1461-7145,A,3599
Evaluation,1356-3890,1461-7153,B,3507
Evaluation Review,0193-841X,1552-3926,A,3599
Event Management,1525-9951,1943-4308,A,3508
Evidence-based HRM (EBHRM): A Global Forum for Empirical Scholarship,2049-3983,2049-3991,B,3505
Experimental Economics,1386-4157,1573-6938,A*,3801
Expert Review of Pharmacoeconomics & Outcomes Research,1473-7167,1744-8379,C,3801
Explorations in Economic History,0014-4983,1090-2457,A,3801
Facilities,0263-2772,1758-7131,B,3504
Facta Universitatas: Economics and Organization,0354-4699,2406-050X,C,3501
Faith and Economics,0896-307X,,B,3899
Family Business Review,0894-4865,1741-6248,A,3507
Farm and Business - The Journal of the Caribbean Agro-Economic Society,1019-035X,,C,3899
Federal Law Review,0067-205X,,A*,4801
Feminist Economics,1354-5701,1466-4372,A,3801
FIIB Business Review,2319-7145,2455-2658,B,3507
Finance,0752-6180,,C,3502
Finance and Stochastics,0949-2984,1432-1122,A,3502
Finance India,0970-3772,,C,3502
Finance Research Letters,1544-6123,1544-6131,A,3502
Financial Accountability and Management,0267-4424,1468-0408,A,3501
Financial Analysts Journal,0015-198X,1938-3312,A,3502
Financial History Review,0968-5650,1474-0052,B,3502
Financial Innovation,,2199-4730,B,3502
Financial Management,0046-3892,1755-053X,A*,3502
Financial Markets and Portfolio Management,1934-4554,2373-8529,B,3502
"Financial Markets, Institutions and Instruments",0963-8008,1468-0416,A,3502
Financial Planning Research Journal,2206-1355,,C,3502
Financial Planning Review,,2573-8615,B,3502
Financial Reporting,2036-671X,2036-6779,C,3501
Financial Review (US),0732-8516,1540-6288,A,3502
Financial Services Newsletter,1035-2155,1447-137X,C,4801
Financial Services Review,1057-0810,1873-5673,B,3502
Financijska Teorija i Praksa,1332-3970,1333-9354,C,3801
Finnish Economic Papers,0784-5197,1798-7423,B,3801
First Monday,1396-0466,,C,4609
Fiscal Studies,0143-5671,1475-5890,B,3801
Flexible Services and Manufacturing Journal,1936-6582,1936-6590,C,3507
Food Policy,0306-9192,1873-5657,B,3801
Food Quality and Preference,0950-3293,,A,3506
Fordham Journal of Corporate & Financial Law,1532-303X,,B,4801
Foreign Affairs,0015-7120,1665-1707,C,3599
Foreign Policy (Washington),0015-7228,1945-2276,C,3599
Foreign Trade Review,0015-7325,0971-7625,B,3801
Foresight,1463-6689,1465-9832,C,3599
Forest Policy and Economics,1389-9341,1872-7050,B,3801
Forum for Health Economics and Policy,2194-6191,1558-9544,C,3899
Forum for Social Economics,0736-0932,1874-6381,C,3801
Forum of International Development Studies,1341-3732,,B,3899
Foundations and Trends in Accounting,1554-0642,1554-0650,A,3501
Foundations and Trends in Econometrics,1551-3076,1551-3084,C,3802
Foundations and Trends in Finance,1567-2395,1567-2409,B,3502
Foundations and Trends in Microeconomics,1547-9846,1547-9854,C,3801
Frontiers in Finance and Economics,1814-2044,,C,3502
Frontiers of Economics in China,1673-3444,1673-3568,C,3801
Futures,0016-3287,1873-6378,B,3507
Fuzzy Economic Review,1136-0593,2445-4192,C,3801
Gadjah Mada International Journal of Business,1411-1128,2338-7238,C,3507
Games,2073-4336,,B,3803
Games and Economic Behavior,0899-8256,1090-2473,A*,3803
Gender and Society,0891-2432,1552-3977,A*,3507
Gender in Management: an international journal,1754-2413,1754-2421,B,3505
"Gender, Work and Organization",0968-6673,1468-0432,A,3505
German Economic Review,1465-6485,1468-0475,B,3801
German Journal of Agricultural Economics,0002-1121,,C,3899
German Journal of Human Resource Management,2397-0022,2397-0030,B,3505
Global Business and Economics Review,1097-4954,1745-1329,C,3801
Global Business and Organizational Excellence,1932-2054,1932-2062,C,3507
Global Business Review,0972-1509,0973-0664,B,3507
Global Economic Review,1226-508X,1744-3873,C,3801
Global Economy Journal,2194-5659,1553-5304,B,3801
Global Environmental Change,0959-3780,1872-9495,A*,3599
Global Environmental Politics,1526-3800,1536-0091,B,3599
Global Finance Journal,1044-0283,1873-5665,A,3502
Global Journal of Accounting and Finance,2574-0474,2574-0482,C,3501
Global Journal of Flexible Systems Management,0972-2696,0974-0198,A,3507
"Global Knowledge, Memory and Communication",2514-9342,2514-9350,B,4609
Global Networks: A Journal of Transnational Affairs,1470-2266,1471-0374,A,3599
Global Social Policy,1468-0181,1741-2803,C,3599
Global Strategy Journal,2042-5791,2042-5805,A,3507
Gospodarka Narodowa,0867-0005,2300-5238,C,3801
Government Information Quarterly,0740-624X,1872-9517,A,4609
Griffith Law Review,1038-3441,1839-4205,C,4801
Group & Organization Management,1059-6011,1552-3993,A,3507
Group Decision and Negotiation,0926-2644,1572-9907,A,4609
"Group Dynamics: theory, research and practice",1089-2699,1930-7802,B,3599
Group Processes and Intergroup Relations,1368-4302,1461-7188,B,3507
Growth and Change,0017-4815,1468-2257,B,3801
Habitat International,0197-3975,1873-5428,A,3504
Harvard Business Review,0017-8012,,A,3507
Harvard Environmental Law Review,0147-8257,,A,4801
Harvard International Law Journal,0017-8063,2153-2494,A,4801
Harvard Journal of Law and Public Policy,0193-4872,2374-6572,A,4801
Harvard Journal of Law and Technology,0897-3393,2153-263X,A,4801
Harvard Law Review,0017-811X,2161-976X,A*,4801
Hastings Business Law Journal,1554-849X,1554-8503,B,4801
Health Care Management Review,0361-6274,1550-5030,A,3507
Health Care Management Science,1386-9620,1572-9389,B,3507
Health Communication,1041-0236,1532-7027,B,3599
Health Economics,1057-9230,1099-1050,A*,3801
Health Economics Review,,2191-1991,C,3801
"Health Economics, Policy and Law",1744-1331,1744-134X,B,3801
Health Informatics Journal,1460-4582,1741-2811,C,4609
Health Marketing Quarterly,0735-9683,1545-0864,B,3506
Health Policy,0168-8510,1872-6054,A,3801
Health Promotion International,0957-4824,1460-2245,A,3506
Health Services Management Research,0951-4848,1758-1044,C,3599
Health Services Research,0017-9124,1475-6773,A,3599
Health Systems,2047-6965,2047-6973,C,3509
Higher Education Quarterly,0951-5224,1468-2273,C,3505
"Higher Education, Skills and Work-based Learning",2042-3896,2042-390X,C,3505
Historical Materialism,1465-4466,1569-206X,C,3803
Historical Studies in Industrial Relations,1362-1572,2049-4459,C,3505
History of Economic Ideas,1122-8792,1724-2169,B,3899
History of Economic Thought and Policy,2240-9971,2280-188X,C,3899
History of Economics Review,1037-0196,1838-6318,B,3803
History of Political Economy,0018-2702,1527-1919,A,3803
Hitotsubashi Journal of Economics,0018-280X,,B,3801
Homo Oeconomicus,0943-0180,2366-6161,C,3801
Hong Kong Law Journal,0378-0600,,A,4801
Hospitality & Society,2042-7913,2042-7921,C,3504
Housing Policy Debate,1051-1482,2152-050X,B,3801
Housing Studies,0267-3037,1466-1810,A,3504
Houston Business and Tax Law Journal,1543-2602,,C,4801
Human Performance,0895-9285,1532-7043,A,3507
Human Relations,0018-7267,1741-282X,A*,3507
Human Resource Development International,1367-8868,1469-8374,B,3505
Human Resource Development Quarterly,1044-8004,1532-1096,A,3505
Human Resource Development Review,1534-4843,1552-6712,B,3505
Human Resource Management (US),0090-4848,1099-050X,A*,3505
Human Resource Management International Digest,0967-0734,1758-7166,C,3505
Human Resource Management Journal (UK),0954-5395,1748-8583,A*,3505
Human Resource Management Review,1053-4822,1873-7889,A,3505
Human Systems Management,0167-2533,1875-8703,C,3505
Human-Computer Interaction,0737-0024,1532-7051,A,4609
IATSS Research,0386-1112,2210-4240,C,3509
ICSID Review: foreign investment law journal,2049-1999,0258-3690,C,4801
IEEE Transactions on Engineering Management,1558-0040,0018-9391,A,3503
IEEE Transactions on Intelligent Transportation Systems,1524-9050,1558-0016,A,3509
IEEE Transactions on Professional Communication,0361-1434,1558-1500,B,4609
IIC International Review of Intellectual Property and Competition Law,0018-9855,2195-0237,A,4801
IIM Kozhikode Society and Management Review,2321-029X,2277-9752,C,3507
IIMB Management Review,0970-3896,2212-4446,C,3507
IISE Transactions,0740-817X,1545-8830,A,3503
ILR Review (Industrial and Labor Relations Review),0019-7939,2162-271X,A*,3505
IMA Educational Case Journal,1940-204X,,C,3501
IMF Economic Review,2041-4161,2041-417X,A,3801
Impact Assessment and Project Appraisal,1461-5517,1471-5465,C,3507
Indian Economic Journal,0019-4662,,B,3801
Indian Economic Review,0019-4670,2520-1778,C,3801
Indian Growth and Development Review,1753-8254,1753-8262,B,3801
Indian Journal of Corporate Governance,0974-6862,,C,3501
Indian Journal of Economics,0019-5170,,C,3801
Indian Journal of Gender Studies,0971-5215,0973-0672,C,3599
Indian Journal of Industrial Relations,0019-5286,,C,3505
Indian Journal of Labour Economics,0971-7927,0019-5308,C,3801
Indian Journal of Marketing,0973-8703,,C,3506
Indonesian Journal of Sustainability Accounting and Management,2597-6214,2597-6222,C,3501
Indonesian Management and Accounting Research,1411-8858,2442-9724,C,3501
Industrial and Corporate Change,0960-6491,1464-3650,A,3507
Industrial and Organizational Psychology: perspectives on science & practice,1754-9426,1754-9434,B,3507
Industrial Law Journal,0305-9332,1464-3669,A,4801
Industrial Management & Data Systems,0263-5577,1758-5783,A,4609
Industrial Marketing Management,0019-8501,1873-2062,A*,3506
Industrial Relations Journal,0019-8692,1468-2338,A,3505
Industrial Relations: a journal of economy and society,0019-8676,1468-232X,A*,3505
Industry and Higher Education,0950-4222,2043-6858,C,3507
Industry and Innovation,1366-2716,1469-8390,A,3507
INFOR (INFOR: Information Systems and Operational Research),0315-5986,1916-0615,B,3507
Informatics for Health and Social Care,1753-8157,1753-8165,C,4609
Information & Management,0378-7206,1872-7530,A*,4609
Information and Communications Technology Law,1360-0834,1469-8404,B,4609
Information and Computation,0890-5401,1090-2651,B,4609
Information and Computer Security,2056-4961,,B,4609
Information and Organization,1471-7727,1873-7919,A*,4609
Information Discovery and Delivery,2398-6247,2398-6255,C,4609
Information Economics and Policy,0167-6245,1873-5975,A,3801
Information Polity,1570-1255,1875-8754,B,4609
Information Resources Management Journal,1040-1628,1533-7979,C,4609
Information Systems and e-Business Management,1617-9846,1617-9854,B,4609
Information Systems Frontiers,1387-3326,1572-9419,A,4609
Information Systems Journal,1350-1917,1365-2575,A*,4609
Information Systems Management,1058-0530,1934-8703,A,4609
Information Systems Research,1047-7047,1526-5536,A*,4609
Information Technology & People,0959-3845,1758-5813,A,4609
Information Technology & Tourism,1098-3058,1943-4294,A,3508
Information Technology and Management,1385-951X,1573-7667,B,4609
Information Technology for Development,0268-1102,1554-0170,A,4609
"Information, Communication & Society",1369-118X,1468-4462,A,4609
INFORMS Journal on Applied Analytics,0092-2102,1526-551X,B,4609
INFORMS Journal on Computing,1091-9856,1526-5528,A,3507
INFORMS Transactions on Education,,1532-0545,C,3507
Innovation and Green Development,,2949-7531,B,3507
Innovation Policy and the Economy,1531-3468,1537-2618,B,3801
Innovation: Organization & Management,1447-9338,2204-0226,B,3507
Innovation: The European Journal of Social Sciences Research,1351-1610,1469-8412,B,3599
Insolvency Law Bulletin,1443-9662,,C,4801
Insolvency Law Journal,1039-3293,,A,4801
Insurance and Reinsurance Law Briefing,1743-4009,,C,4801
Insurance Law Journal,1030-2379,,A,4801
Insurance: Mathematics & Economics,0167-6687,1873-5959,A*,3502
Intellectual Property and Technology Law Journal,1554-9607,,C,4801
Intellectual Property Journal,0824-7064,,A,4801
Intellectual Property Quarterly,1364-906X,,C,4801
"Intelligent Systems in Accounting, Finance and Management: An International Journal",1055-615X,1099-1174,B,3501
Interacting with Computers,0953-5438,1873-7951,B,4609
Interdisciplinary Environmental Review,1521-0227,2042-6992,C,3599
Interdisciplinary Journal of Management Studies,,2981-0795,C,3507
Intereconomics: review of European economic policy,0020-5346,1613-964X,C,3801
International & Comparative Law Quarterly,0020-5893,1471-6895,A*,4801
International Advances in Economic Research,1083-0898,1573-966X,C,3801
International Affairs,0020-5850,1468-2346,A,3599
International Business Lawyer,0309-7676,,C,4801
International Business Review,0969-5931,1873-6149,A,3507
International Company and Commercial Law Review,0958-5214,,B,4801
International Data Privacy Law,2044-4001,2044-3994,C,4801
International Development Planning Review,1474-6743,1478-3401,B,3801
International Economic Journal,1016-8737,1743-517X,C,3801
International Economic Review,0020-6598,1468-2354,A*,3801
International Economics and Economic Policy,1612-4804,1612-4812,B,3801
International Entrepreneurship and Management Journal,1554-7191,1555-1938,B,3507
"International Environmental Agreements: Politics, Law and Economics",1567-9764,1573-1553,A,3801
International Finance,1367-0271,1468-2362,B,3502
International Gambling Studies,1445-9795,1479-4276,B,3504
International Game Theory Review,0219-1989,1793-6675,B,3803
International Hospitality Review,,0739-7011,C,3504
International Insolvency Review,1180-0518,1099-1107,B,4801
International Journal of Accounting & Finance Review,2576-1285,2576-1293,C,3501
International Journal of Accounting and Business Finance,2448-9867,2448-9875,C,3501
International Journal of Accounting and Finance,1752-8224,1752-8232,C,3501
International Journal of Accounting and Information Management,1834-7649,1758-9037,B,3501
International Journal of Accounting Information Systems,1467-0895,1873-4723,A,3501
"International Journal of Accounting, Auditing and Performance Evaluation",1740-8008,1740-8016,C,3501
"International Journal of Accounting, Business and Finance",,2583-2123,C,3501
International Journal of Advertising,0265-0487,1759-3948,A,3506
"International Journal of Agricultural Resources, Governance and Ecology",1462-4605,1741-5004,C,3599
International Journal of Applied Economic Sciences & Applied Research,1791-5120,1791-3373,C,3801
International Journal of Applied Economics,,1548-0003,C,3801
International Journal of Applied Economics and Econometrics,1530-7247,,C,3802
International Journal of Applied Management and Technology,1544-4740,,C,3507
International Journal of Arts Management,1480-8986,,B,3504
International Journal of Asian Studies,1479-5914,1479-5922,B,3599
International Journal of Auditing,1090-6738,1099-1123,A,3501
International Journal of Automation Technology,1881-7629,1883-8022,C,3509
International Journal of Automotive Technology,1229-9138,1976-3832,B,3509
International Journal of Bank Marketing,0265-2323,1758-5937,A,3506
"International Journal of Banking, Accounting and Finance",1755-3830,1755-3849,C,3502
International Journal of Behavioural Accounting and Finance,1753-1969,1753-1977,C,3501
International Journal of Bonds and Derivatives,2050-2281,2050-229X,C,3502
International Journal of Business,1083-4346,,C,3507
International Journal of Business and Economics,1607-0704,,B,3801
International Journal of Business and Management (IJBM),,2815-9330,C,3507
International Journal of Business and Society,1511-6670,,C,3501
International Journal of Business Communication,2329-4884,2329-4892,C,3507
International Journal of Business Information Systems,1746-0972,1746-0980,C,4609
International Journal of Business Intelligence Research (IJBIR),1947-3591,1947-3605,C,4609
International Journal of Business Law,2329-261X,,C,4801
International Journal of Cases on Electronic Commerce,1548-0623,1548-0615,C,4609
International Journal of Central Banking,1815-4654,,A,3801
International Journal of Computational Economics and Econometrics,1757-1170,1757-1189,C,3802
International Journal of Conflict Management,1044-4068,1758-8545,A,3505
International Journal of Construction Management,2331-2327,1562-3599,B,3504
International Journal of Consumer Studies,1470-6423,1470-6431,A,3506
International Journal of Contemporary Hospitality Management,0959-6119,1757-1049,A,3504
International Journal of Corporate Governance,1754-3037,1754-3045,B,4801
International Journal of Critical Accounting,1757-9848,1757-9856,C,3501
International Journal of Cross Cultural Management,1470-5958,1741-2838,B,3505
International Journal of Cultural Policy,1028-6632,1477-2833,A,3504
International Journal of Data Warehousing and Mining,1548-3924,1548-3932,C,4609
International Journal of Development and Conflict,2010-2690,2010-2704,B,3801
International Journal of Development Issues,1446-8956,1758-8553,C,3801
International Journal of Disaster Risk Reduction,2212-4209,,A,3599
International Journal of Disclosure and Governance,1741-3591,1746-6539,B,3501
International Journal of Economic Perspectives,,1307-1637,C,3801
International Journal of Economic Policy and Emerging Economies,1752-0452,1752-0460,C,3801
International Journal of Economic Practices and Theories,,2247-7225,C,3801
International Journal of Economic Theory,1742-7355,1742-7363,B,3803
International Journal of Economics and Accounting,2041-868X,2041-8698,C,3501
International Journal of Economics and Business Research,1756-9850,1756-9869,C,3801
International Journal of Economics and Financial Issues,2146-4138,,C,3899
International Journal of Education and Development using Information and Communication Technology,,1814-0556,C,4609
International Journal of Educational Management,0951-354X,1758-6518,B,3507
International Journal of Electronic Banking,1753-5239,1753-5247,C,3502
International Journal of Electronic Commerce,1086-4415,1557-9301,A,4609
International Journal of Electronic Customer Relationship Management,1750-0664,1750-0672,C,3506
International Journal of Electronic Finance,1746-0069,1746-0077,C,3502
International Journal of Electronic Government Research,1548-3886,1548-3894,C,4609
International Journal of Electronic Marketing and Retailing,1741-1025,1741-1033,C,3506
International Journal of Emergency Services,2047-0908,2047-0894,C,3507
International Journal of Emerging Markets,1746-8809,1746-8817,B,3507
International Journal of Employment Studies,1039-6993,,C,3505
International Journal of Energy Economics and Policy,2146-4553,,C,3899
International Journal of Energy Sector Management,1750-6220,1750-6239,C,3599
International Journal of Enterprise Information Systems,1548-1115,1548-1123,C,4609
International Journal of Enterprise Network Management,1748-1260,1748-1252,B,3506
International Journal of Entrepreneurial Behaviour and Research,1355-2554,1758-6534,A,3507
International Journal of Entrepreneurship and Innovation,1465-7503,2043-6882,C,3507
International Journal of Environment and Pollution,0957-4352,1741-5101,C,3599
International Journal of Ethics and Systems,2514-9369,,C,3507
International Journal of Event and Festival Management,1758-2954,1758-2962,B,3508
International Journal of Finance & Economics,1076-9307,1099-1158,B,3502
International Journal of Financial Engineering,2424-7863,2424-7944,C,3502
International Journal of Financial Markets and Derivatives,1756-7130,1756-7149,C,3502
International Journal of Financial Services Management,1460-6712,1741-8062,C,3502
International Journal of Forecasting,0169-2070,1872-8200,A,3802
International Journal of Game Theory,0020-7276,1432-1270,A,3803
International Journal of Gender and Entrepreneurship,1756-6266,1756-6274,B,3507
International Journal of General Systems,0308-1079,1563-5104,A,3503
International Journal of Global Business and Competitiveness,0973-4619,0976-1888,C,3507
International Journal of Global Energy Issues,0954-7118,1741-5128,C,3899
International Journal of Government Auditing,0047-0724,,C,3501
International Journal of Green Economics,1744-9928,1744-9936,C,3899
International Journal of Health Care Quality Assurance,0952-6862,1758-6542,C,3599
International Journal of Health Finance and Economics,1389-6563,1573-6962,B,3801
International Journal of Healthcare Information Systems and Informatics,1555-3396,1555-340X,C,4609
International Journal of Healthcare Management,2047-9700,2047-9719,C,3506
International Journal of Heritage Studies,1352-7258,1470-3610,B,3508
International Journal of Home Economics,1999-561X,,C,3899
International Journal of Hospitality and Tourism Administration,1525-6480,1525-6499,B,3508
International Journal of Hospitality Management,0278-4319,1873-4693,A*,3504
International Journal of Housing Markets and Analysis,1753-8270,1753-8289,B,3504
International Journal of Housing Policy,1461-6718,1473-3269,B,3599
International Journal of Human Resource Management,0958-5192,1466-4399,A,3505
International Journal of Human-Computer Interaction,1044-7318,1532-7590,C,4609
International Journal of Human-Computer Studies,1071-5819,1095-9300,B,4609
International Journal of Industrial Organization,0167-7187,1873-7986,A*,3801
International Journal of Information and Communication Technology Education,1550-1876,1550-1337,C,4609
International Journal of Information and Learning Technology,2056-4880,2056-4899,C,4609
International Journal of Information Management,0268-4012,1873-4707,A,4609
International Journal of Information Security and Privacy,1930-1650,1930-1669,C,4609
International Journal of Information Systems and Change Management,1479-3121,1479-313X,C,4609
International Journal of Information Systems and Supply Chain Management,1935-5726,1935-5734,C,4609
International Journal of Information Technology and Decision Making,0219-6220,1793-6845,C,4609
International Journal of Information Technology and Web Engineering,1554-1045,1554-1053,C,4609
International Journal of Innovation Science,1757-2223,1757-2231,B,3507
International Journal of Innovation Studies,2096-2487,2589-2975,B,3507
International Journal of Intellectual Property Management,1478-9647,1478-9655,C,3801
International Journal of Intelligent Information Technologies,1548-3657,1548-3665,C,4609
International Journal of Intercultural Relations,0147-1767,1873-7552,B,3507
International Journal of Internet and Enterprise Management,1476-1300,1741-5330,C,4609
International Journal of Internet Marketing and Advertising,1477-5212,1741-8100,C,3506
International Journal of Islamic and Middle Eastern Finance and Management,1753-8394,1753-8408,B,3502
International Journal of Knowledge and Learning,1741-1009,1741-1017,C,4609
International Journal of Knowledge Management,1548-0666,1548-0658,B,4609
International Journal of Knowledge Management Studies,1743-8268,1743-8276,C,4609
"International Journal of Knowledge, Culture and Change Management",1447-9524,1447-9575,C,3507
International Journal of Law and Information Technology,0967-0769,1464-3693,A,4801
International Journal of Law and Management,1754-243X,1754-2448,C,3507
International Journal of Lean Six Sigma,2040-4166,,B,3507
International Journal of Logistics Economics and Globalisation,1741-5373,1741-5381,C,3801
International Journal of Logistics: research and applications,1367-5567,1469-848X,B,3509
International Journal of Management,0813-0183,,C,3507
International Journal of Management and Network Economics,1754-2316,1754-2324,C,3899
International Journal of Management Reviews,1460-8545,1468-2370,A*,3507
International Journal of Management Science and Engineering Management,1750-9653,1750-9661,C,3509
International Journal of Managerial and Financial Accounting,1753-6715,1753-6723,B,3501
International Journal of Managerial Finance,1743-9132,1758-6569,A,3502
International Journal of Managing Projects in Business,1753-8378,1753-8386,C,3503
International Journal of Manpower,0143-7720,1758-6577,A,3505
International Journal of Market Research,1470-7853,2515-2173,A,3506
International Journal of Monetary Economics and Finance,1752-0479,1752-0487,C,3801
International Journal of Operations & Production Management,0144-3577,1758-6593,A,3507
International Journal of Operations and Quantitative Management,1082-1910,,C,3509
International Journal of Organization Theory & Behavior,1093-4537,1532-4273,C,3507
International Journal of Organizational Analysis,1934-8835,1758-8561,B,3507
International Journal of Pharmaceutical and Healthcare Marketing,1750-6123,1750-6131,C,3506
International Journal of Physical Distribution & Logistics Management,0960-0035,1758-664X,A,3509
International Journal of Political Economy,0891-1916,1558-0970,C,3899
International Journal of Portfolio Analysis and Management,2048-2361,2048-237X,B,3502
International Journal of Production Economics,0925-5273,1873-7579,A,3507
International Journal of Production Research,0020-7543,1366-588X,A,3507
International Journal of Productivity and Performance Management,1741-0401,1758-6658,B,3505
International Journal of Project Management,0263-7863,1873-4634,A*,3507
International Journal of Public Administration,0190-0692,1532-4265,B,3507
International Journal of Public Opinion Research,,1471-6909,A,3506
International Journal of Public Sector Management,0951-3558,1758-6666,B,3507
International Journal of Quality & Reliability Management,0265-671X,1758-6682,B,3507
International Journal of Quality and Service Sciences,1756-669X,1756-6703,B,3506
International Journal of Research in Marketing,0167-8116,1873-8001,A*,3506
International Journal of Retail & Distribution Management,0959-0552,1758-6690,A,3506
International Journal of Revenue Management,1474-7332,1741-8186,C,3502
International Journal of Risk Assessment and Management,1466-8297,1741-5241,C,3502
International Journal of Selection and Assessment,0965-075X,1468-2389,A,3505
International Journal of Small and Medium Enterprises,2576-7712,2576-7720,C,3507
International Journal of Social and Humanistic Computing,1752-6124,1752-6132,C,4609
International Journal of Social Economics,0306-8293,1758-6712,B,3899
International Journal of Social Research Methodology,1364-5579,1464-5300,B,3507
International Journal of Sociology and Social Policy,0144-333X,1758-6720,B,3507
International Journal of Spa and Wellness,2472-1735,2472-1743,C,3508
International Journal of Sport Communication,1936-3915,1936-3907,B,3504
International Journal of Sport Finance,1558-6235,1930-076X,C,3504
International Journal of Sport Management,1546-234X,,B,3504
International Journal of Sport Policy and Politics,1940-6940,1940-6959,C,3504
International Journal of Sport Psychology,0047-0767,,B,3504
International Journal of Sports Management and Marketing,1475-8962,1740-2808,B,3506
International Journal of Sports Marketing and Sponsorship,1464-6668,2515-7841,B,3506
International Journal of Stochastic Analysis,2090-3332,2090-3340,B,4905
International Journal of Strategic Communication,1553-118X,1553-1198,B,3506
International Journal of Strategic Property Management,1648-715X,1648-9179,B,3504
International Journal of Stress Management,1072-5245,1573-3424,A,3507
International Journal of Sustainable Design,1743-8284,1743-8292,C,3506
International Journal of Sustainable Economy,1756-5804,1756-5812,C,3801
International Journal of Sustainable Transportation,1556-8318,1556-8334,B,3509
International Journal of Systems Science: Operations and Logistics,2330-2674,2330-2682,C,3509
International Journal of Technology and Human Interaction,1548-3908,1548-3916,C,4609
International Journal of Technology Management,0267-5730,1741-5276,B,3503
International Journal of Technology Management and Sustainable Development,1474-2748,2040-0551,C,3506
International Journal of Technology Marketing,1741-878X,1741-8798,C,3506
"International Journal of Technology, Knowledge and Society",1832-3669,,C,4609
International Journal of the Economics of Business,1357-1516,1466-1829,B,3899
International Journal of Theoretical and Applied Finance,0219-0249,1793-6322,B,3502
International Journal of Tourism Cities,2056-5607,2056-5615,B,3508
International Journal of Tourism Policy,1750-4090,1750-4104,C,3508
International Journal of Tourism Research,1099-2340,1522-1970,A,3508
International Journal of Trade and Global Markets,1742-7541,1742-755X,C,3506
International Journal of Training and Development,1360-3736,1468-2419,C,3505
International Journal of Transport Economics,0303-5247,1724-2185,C,3509
International Journal of Urban and Regional Research,0309-1317,1468-2427,B,3801
"International Journal of Vehicle Design: journal of vehicle engineering, automotive technology and components",0143-3369,1741-5314,B,3509
International Journal of Volunteer Administration,,1942-728X,C,3507
International Journal of Web Based Communities,1477-8394,1741-8216,C,4609
International Journal of Wine Business Research,1751-1062,1751-1070,B,3504
International Journal of Work Organisation and Emotion,1740-8938,1740-8946,B,3507
International Labor and Working-Class History,0147-5479,1471-6445,B,3899
International Labour Review,0020-7780,1564-913X,B,3505
International Marketing Review,0265-1335,1758-6763,A,3506
International Migration,0020-7985,1468-2435,A,3599
International Migration Review,0197-9183,1747-7379,A,3599
International Negotiation: a journal of theory and practice,1382-340X,1571-8069,A,3505
International Organization,0020-8183,1531-5088,B,3801
International Papers in Political Economy,2634-4955,1353-1158,C,3801
International Public Management Journal,1096-7494,1559-3169,B,3507
International Real Estate Review,2154-8919,,C,3504
International Regional Science Review,0160-0176,1552-6925,B,3899
International Review for the Sociology of Sport,1012-6902,1461-7218,B,3504
International Review of Administrative Sciences,0020-8523,1461-7226,B,3507
International Review of Applied Economics,0269-2171,1465-3486,B,3801
International Review of Economics,1865-1704,1863-4613,C,3801
International Review of Economics & Finance,1059-0560,1873-8036,A,3502
International Review of Economics Education,1477-3880,,C,3801
International Review of Environmental and Resource Economics,1932-1465,1932-1473,B,3801
International Review of Finance,1369-412X,1468-2443,A,3502
International Review of Financial Analysis,1057-5219,1873-8079,A,3502
International Review of Information Ethics,1614-1687,,C,4609
International Review of Law and Economics,0144-8188,1873-6394,B,3801
"International Review of Law, Computers and Technology",1360-0869,1364-6885,A,4801
International Review of Public Administration,1229-4659,2331-7795,B,3599
"International Review of Retail, Distribution and Consumer Research",0959-3969,1466-4402,B,3506
International Review on Public and Nonprofit Marketing,1865-1984,1865-1992,B,3506
International Small Business Journal,0266-2426,1741-2870,A,3507
International Social Science Journal,,1468-2451,B,3599
International Statistical Review,0306-7734,1751-5823,A,4905
International Studies of Management & Organization,0020-8825,1558-0911,B,3507
International Studies Quarterly,0020-8833,1468-2478,A,3599
International Tax and Public Finance,0927-5940,1573-6970,A,4801
International Tax Journal,0097-7314,,C,4801
International Tax Review,0958-7594,,C,4801
International Trade Journal,0885-3908,1521-0545,B,3801
International Transactions in Operational Research,0969-6016,1475-3995,B,3509
International Transfer Pricing Journal,1385-3074,,C,4801
International VAT Monitor,0925-0832,,B,4801
Internet Research,1066-2243,2054-5657,A,4609
Intertax: International Tax Review,0165-2826,1875-8347,C,4801
Investment Analysts Journal,1029-3523,2077-0227,B,3502
IPPR Progressive Review,,2573-2331,B,3599
Irish Journal of Management,1649-248X,2451-2834,C,3507
Irish Marketing Review,0790-7362,,C,3506
ISEAS Current Economic Affairs Series,,,C,3801
Islamic Economic Studies,1319-1616,,C,3899
ISRA International Journal of Islamic Finance,0128-1976,2289-4365,C,3502
Issues in Accounting Education,0739-3172,1558-7983,A,3501
Issues in Social and Environmental Accounting: An International Journal,,1978-0591,C,3501
Italian Economic Journal,2199-322X,2199-3238,B,3801
Italian Journal of Marketing,2662-3323,2662-3331,C,3506
IUP Journal of Accounting Research & Audit Practices,0972-690X,,C,3501
IUP Journal of Corporate Governance,0972-6853,,C,3501
IZA Journal of Labor Economics,,2193-8997,A,3801
Japan and the World Economy,0922-1425,,B,3801
Japan Labor Issues,2433-3689,,C,3505
Japanese Economic Review,1352-4739,1468-5876,B,3801
JASSA: The Finsia Journal of Applied Finance,0313-5934,,B,3502
Jindal Global Law Review,0975-2498,2364-4869,C,4801
Journal Ensayos Sobre Politica Economica (ESPE) / Essays on Economic Policy,0120-4483,,C,3801
Journal for Advancement of Marketing Education (JAME),2326-3296,1537-5137,C,3506
Journal for Quality and Participation,1040-9602,1931-4019,C,3505
Journal for Studies in Economics & Econometrics,0379-6205,,B,3802
Journal of Aboriginal Economic Development,1481-9112,1481-9120,C,3801
Journal of Academy of Business and Economics,1542-8710,2378-8631,C,3801
Journal of Accountancy,0021-8448,1945-0729,C,3501
Journal of Accounting & Organizational Change,1832-5912,1839-5473,B,3501
Journal of Accounting and Economics,0165-4101,,A*,3501
Journal of Accounting and Finance in Emerging Economies,2519-0318,2518-8488,C,3501
Journal of Accounting and Management Information Systems (JAMIS),1583-4387,2559-6004,C,3501
Journal of Accounting and Public Policy,0278-4254,1873-2070,A*,3501
Journal of Accounting Auditing and Finance,0148-558X,2160-4061,A,3501
Journal of Accounting Education,0748-5751,1873-1996,B,3501
Journal of Accounting in Emerging Economies,2042-1168,2042-1176,B,3501
Journal of Accounting Literature,0737-4607,,A,3501
Journal of Accounting Research,0021-8456,1475-679X,A*,3501
Journal of Accounting Review,1018-1687,,C,3501
"Journal of Accounting, Auditing and Business",,2614-3844,C,3501
"Journal of Accounting, Business and Management",0216-423X,2622-2167,C,3501
"Journal of Accounting, Ethics and Public Policy",1089-652X,,C,3501
Journal of Advanced Transportation,0197-6729,2042-3195,B,3509
Journal of Advertising,0091-3367,1557-7805,A,3506
Journal of Advertising Education,1098-0482,,C,3506
Journal of Advertising Research,0021-8499,1740-1909,A,3506
Journal of African Business,1522-8916,1522-9076,C,3507
Journal of African Development,1060-6076,,C,3801
Journal of African Economies,0963-8024,1464-3723,A,3801
Journal of Agribusiness in Developing and Emerging Economies,2044-0839,2044-0847,C,3899
Journal of Agricultural & Food Industrial Organization,1542-0485,2194-5896,C,3801
Journal of Agricultural and Applied Economics,1074-0708,2056-7405,C,3801
Journal of Agricultural and Resource Economics,1068-5502,2327-8285,A,3899
Journal of Agricultural Economics,0021-857X,1477-9552,A,3801
"Journal of Agricultural, Biological and Environmental Statistics",1085-7117,1537-2693,B,4905
Journal of Air Law and Commerce,0021-8642,,A,4801
Journal of Air Transport Management,0969-6997,1873-2089,B,3509
Journal of Applied Accounting Research,0967-5426,1758-8855,B,3501
Journal of Applied Business and Economics,1499-691X,,C,3801
Journal of Applied Corporate Finance,1078-1196,1745-6622,A,3502
Journal of Applied Econometrics,0883-7252,1099-1255,A*,3802
Journal of Applied Economic Sciences,1843-6110,2393-5162,C,3801
Journal of Applied Economics,1514-0326,1667-6726,B,3801
"Journal of Applied Finance: theory, practice, education",1534-6668,,C,3502
Journal of Applied Law and Policy,1836-6953,,C,4801
Journal of Applied Management and Entrepreneurship,1077-1158,,C,3507
Journal of Applied Probability,0021-9002,1475-6072,A,4905
Journal of Applied Psychology,0021-9010,1939-1854,A*,3507
Journal of Applied Social Psychology,0021-9029,1559-1816,B,3507
Journal of Applied Sport Management,2327-0187,,C,3504
Journal of Applied Sport Psychology,1041-3200,1533-1571,A,3504
Journal of Applied Statistical Science,1067-5817,,C,4905
Journal of Applied Statistics,0266-4763,1360-0532,B,4905
Journal of Arts Management Law and Society,1063-2921,1930-7799,C,3504
Journal of Asia Business Studies,1558-7894,1559-2243,C,3507
Journal of Asia Entrepreneurship and Sustainability,1177-4541,1176-8592,C,3507
Journal of Asia Pacific Business,1059-9231,1528-6940,C,3507
Journal of Asian Business and Economic Studies,2515-964X,,B,3801
Journal of Asian Economics,1049-0078,1873-7927,B,3801
Journal of Australian Political Economy,0156-5826,,B,3899
Journal of Australian Taxation,1440-0405,,A,4801
Journal of Banking & Finance,0378-4266,1872-6372,A*,3502
Journal of Banking and Finance - Law and Practice,1034-3040,,A,4801
Journal of Banking Regulation,1745-6452,1750-2071,C,4801
Journal of Behavioral and Experimental Economics,2214-8043,,A,3801
Journal of Behavioral and Experimental Finance,2214-6350,,A,3502
Journal of Behavioral Decision Making,0894-3257,1099-0771,A,3507
Journal of Behavioral Finance,1542-7560,1542-7579,A,3502
Journal of Benefit-Cost Analysis,2152-2812,,C,3899
Journal of Bioeconomics,1387-6996,1573-6989,C,3899
Journal of Biopharmaceutical Statistics,1054-3406,1520-5711,C,4905
Journal of Brand Management,1350-231X,1479-1803,A,3506
Journal of Business & Economic Statistics,0735-0015,1537-2707,A*,3802
Journal of Business & Economic Studies,1063-343X,2576-3458,C,3801
Journal of Business & Industrial Marketing,0885-8624,2052-1189,A,3506
Journal of Business Analytics,2573-234X,2573-2358,C,4609
Journal of Business and Economic Perspectives,1528-5014,,C,3801
Journal of Business and Economics Research,1542-4448,2157-8893,C,3801
Journal of Business and Management,1535-668X,,C,3507
Journal of Business and Psychology,0889-3268,1573-353X,A,3507
Journal of Business and Technical Communication,1050-6519,1552-4574,C,3507
Journal of Business Chemistry,1613-9615,1613-9623,C,3507
Journal of Business Cycle Research,2509-7962,2509-7970,B,3801
Journal of Business Economics,0044-2372,1861-8928,B,3507
Journal of Business Economics and Management,1611-1699,2029-4433,B,3801
Journal of Business Ethics,0167-4544,1573-0697,A,3507
Journal of Business Finance & Accounting,0306-686X,1468-5957,A*,3501
Journal of Business Law,0021-9460,,A,4801
Journal of Business Logistics,0735-3766,2158-1592,A,3509
Journal of Business Market Management,1864-0753,1864-0761,B,3506
Journal of Business Models,2246-2465,,C,3507
Journal of Business Research,0148-2963,1873-7978,A,3506
Journal of Business Strategy,0275-6668,2052-1197,B,3507
Journal of Business Studies,2362-0269,,C,3507
Journal of Business Thought,2581-8104,2231-1734,C,3801
Journal of Business Venturing,0883-9026,1873-2003,A*,3507
Journal of Business Venturing Insights,2352-6734,,A,3507
Journal of Business-to-Business Marketing,1051-712X,1547-0628,B,3506
Journal of Career Assessment,1069-0727,1552-4590,A,3505
Journal of Career Development,0894-8453,1556-0856,B,3505
Journal of Case Studies,,2162-3171,C,3599
Journal of Cases on Information Technology,1548-7717,1548-7725,C,4609
Journal of Change Management,1469-7017,1479-1811,C,3507
Journal of China Tourism Research,1938-8160,1938-8179,B,3508
Journal of Chinese Economic and Foreign Trade Studies,1754-4408,1754-4416,C,3899
Journal of Chinese Economics and Business Studies,1476-5284,1476-5292,C,3801
Journal of Chinese Tax and Policy,1839-065X,,C,4801
Journal of Choice Modelling,1755-5345,,A,3803
Journal of Cleaner Production,0959-6526,1879-1786,C,3507
Journal of Co-operative Studies,0961-5784,,C,3507
Journal of Commerce and Accounting Research,2277-2146,2320-4990,C,3501
Journal of Commodity Markets,2405-8513,2405-8505,A,3502
Journal of Common Market Studies,0021-9886,1468-5965,B,3801
Journal of Communication,0021-9916,1460-2466,A,3599
Journal of Communication Management,1363-254X,1478-0852,B,3506
Journal of Community Informatics,,1712-4441,C,4609
Journal of Comparative Economics,0147-5967,1095-7227,A,3899
Journal of Comparative International Management,1481-0468,1718-0864,C,3507
Journal of Comparative Policy Analysis: research and practice,1387-6988,1572-5448,B,3599
Journal of Competition Law and Economics,1744-6414,1744-6422,B,3801
Journal of Computational and Graphical Statistics,1061-8600,1537-2715,A*,4905
Journal of Computational Finance,1460-1559,1755-2850,C,3502
Journal of Computer Information Systems,0887-4417,2380-2057,A,4609
Journal of Conflict Resolution,0022-0027,1552-8766,A*,3801
Journal of Construction Accounting and Taxation,1054-3007,,C,4801
Journal of Construction Engineering and Management,0733-9364,1943-7862,A*,3504
Journal of Constructivist Psychology,1072-0537,1521-0650,B,3507
Journal of Consumer Affairs,0022-0078,1745-6606,A,3506
Journal of Consumer Behaviour,1472-0817,1479-1838,A,3506
Journal of Consumer Marketing,0736-3761,2052-1200,A,3506
Journal of Consumer Policy,0168-7034,1573-0700,C,3801
Journal of Consumer Psychology,1057-7408,1532-7663,A*,3506
Journal of Consumer Research,0093-5301,1537-5277,A*,3506
"Journal of Consumer Satisfaction, Dissatisfaction and Complaining Behavior",0899-8620,,C,3506
Journal of Contemporary Accounting and Economics,1815-5669,,A,3501
Journal of Contemporary Business Issues,0194-0430,1553-5347,C,3507
Journal of Contract Law,1030-7230,,A,4801
Journal of Convention & Event Tourism,1547-0148,1547-0156,B,3508
Journal of Corporate Accounting and Finance,1044-8136,1097-0053,B,3501
Journal of Corporate Finance,0929-1199,1872-6313,A*,3502
Journal of Corporate Law Studies,1473-5970,1757-8426,A,4801
Journal of Corporate Real Estate,1463-001X,1479-1048,C,3504
Journal of Corporation Law,0360-795X,,A,4801
Journal of Cost & Management,1848-137X,,C,3501
Journal of Creating Value,2394-9643,2454-213X,C,3506
Journal of Creative Communications,0973-2586,0973-2594,C,3506
Journal of Credit Risk,1744-6619,1755-9723,C,3502
Journal of Cross-Cultural Psychology,0022-0221,1552-5422,A,3507
Journal of Culinary Science and Technology,1542-8052,1542-8044,C,3504
Journal of Cultural Economics,0885-2545,1573-6997,A,3801
Journal of Cultural Heritage Management and Sustainable Development,2044-1266,2044-1274,C,3508
Journal of Current Issues and Research in Advertising,1064-1734,2164-7313,B,3506
Journal of Customer Behavior,1475-3928,1477-6421,C,3506
Journal of Database Management,1063-8016,1533-8010,A,4609
Journal of Database Marketing & Customer Strategy Management,1741-2439,1741-2447,C,3506
Journal of Decision Systems,1246-0125,2116-7052,B,4609
Journal of Demographic Economics,2054-0892,,B,3801
Journal of Derivatives and Hedge Funds,1753-9641,1753-965X,C,3502
Journal of Destination Marketing & Management,2212-571X,2212-5752,A,3508
Journal of Development Economics,0304-3878,1872-6089,A*,3801
Journal of Development Studies,0022-0388,1743-9140,A,3801
Journal of Digital & Social Media Marketing,2050-0076,2050-0084,C,3506
Journal of Digital Economy,2773-0670,,B,3507
Journal of Documentation,0022-0418,1758-7379,B,4609
Journal of East European Management Studies,0949-6181,,C,3507
Journal of East-West Business,1066-9868,1528-6959,C,3507
Journal of Eastern Asia Society for Transportation Studies,1881-1124,1341-8521,C,3509
Journal of Econometric Methods,,2156-6674,B,3802
Journal of Econometrics,0304-4076,1872-6895,A*,3802
Journal of Economic and Administrative Sciences,1026-4116,2054-6246,C,3899
Journal of Economic and Social Measurement,0747-9662,1875-8932,C,3802
Journal of Economic and Social Policy,1325-2224,2202-4883,C,3801
Journal of Economic Behavior and Organization,0167-2681,1879-1751,A*,3801
Journal of Economic Development,0254-8372,,C,3801
Journal of Economic Dynamics and Control,0165-1889,1879-1743,A*,3801
Journal of Economic Geography,1468-2702,1468-2710,A,3899
Journal of Economic Growth,1381-4338,1573-7020,A*,3801
Journal of Economic Insight,2572-7362,2639-6858,C,3801
Journal of Economic Integration,1225-651X,1976-5525,C,3801
Journal of Economic Interaction and Coordination,1860-711X,1860-7128,B,3801
Journal of Economic Issues,0021-3624,1946-326X,B,3801
Journal of Economic Literature,0022-0515,2328-8175,A*,3801
Journal of Economic Methodology,1350-178X,1469-9427,B,3899
Journal of Economic Perspectives,0895-3309,1944-7965,A*,3801
Journal of Economic Policy Reform,1748-7870,1748-7889,B,3801
Journal of Economic Psychology,0167-4870,1872-7719,A,3801
Journal of Economic Research,1226-4261,,B,3801
Journal of Economic Science Association,2199-6776,2199-6784,A,3801
Journal of Economic Studies,0144-3585,1758-7387,B,3801
Journal of Economic Surveys,0950-0804,1467-6419,A,3801
Journal of Economic Theory,0022-0531,1095-7235,A*,3803
Journal of Economics,0931-8658,1617-7134,B,3803
Journal of Economics / Ekonomicky casopis,0013-3035,,B,3801
Journal of Economics & Management Strategy,1058-6407,1530-9134,A,3801
Journal of Economics and Business,0148-6195,,B,3801
Journal of Economics and Development,1859-0020,2632-5330,C,3899
Journal of Economics and Finance,1055-0925,1938-9744,B,3801
Journal of Economics and Finance Education,1543-0464,,C,3899
Journal of Economics and Statistics,0021-4027,2366-049X,B,3802
"Journal of Economics, Theology and Religion",2772-9001,,B,3801
Journal of Ecotourism,1472-4049,1747-7638,B,3508
Journal of Education and Work,1363-9080,1469-9435,B,3505
Journal of Education Finance,0098-9495,1944-6470,C,3502
Journal of Education for Business,0883-2323,1940-3356,C,3507
Journal of Educational Administration,0957-8234,1758-7395,B,3505
Journal of Electronic Business & Digital Economics,2754-4214,2754-4222,C,3501
Journal of Electronic Commerce in Organizations,1539-2937,1539-2929,B,4609
Journal of Electronic Commerce Research,1938-9027,1526-6133,B,4609
Journal of Emerging Market Finance,0972-6527,0973-0710,B,3502
Journal of Emerging Technologies in Accounting,1554-1908,1558-7940,B,3501
Journal of Empirical Finance,0927-5398,1879-1727,A,3502
Journal of Empirical Generalisations in Marketing Science,,1326-4443,C,3506
Journal of Empirical Legal Studies,1740-1453,1740-1461,A*,4801
Journal of Employment Counseling,0022-0787,2161-1920,A,3505
Journal of Energy and Development,0361-4476,,C,3599
Journal of Engineering and Technology Management,0923-4748,1879-1719,B,3507
"Journal of Engineering, Design and Technology",1726-0531,1758-8901,C,3599
Journal of Enterprise Information Management,1741-0398,1758-7409,A,4609
Journal of Enterprising Communities: People and Places in the Global Community,1750-6204,1750-6212,C,3801
Journal of Entrepreneurship,0971-3557,0973-0745,C,3507
Journal of Entrepreneurship in Emerging Economies,2053-4604,2053-4612,B,3507
Journal of Environment and Development,1070-4965,1552-5465,B,3801
Journal of Environmental Economics and Management,0095-0696,1096-0449,A*,3801
Journal of Environmental Law,0952-8873,1464-374X,B,4801
Journal of Environmental Planning and Management,0964-0568,1360-0559,B,3507
Journal of Environmental Psychology,0272-4944,1522-9610,A,3599
Journal of Euromarketing,1049-6483,1528-6967,C,3506
Journal of European Economic History,0391-5115,,B,3801
Journal of European Public Policy,1350-1763,1466-4429,A,3599
Journal of European Real Estate Research,1753-9269,1753-9277,C,3504
Journal of Evolutionary Economics,0936-9937,1432-1386,A,3801
Journal of Experimental Psychology: Applied,1076-898X,1939-2192,A,3507
Journal of Experimental Psychology: general,0096-3445,1939-2222,A*,3507
"Journal of Experimental Psychology: learning, memory, and cognition",0278-7393,1939-1285,A,3507
Journal of Experimental Social Psychology,0022-1031,1096-0465,A,3507
Journal of Facilities Management,1472-5967,1741-0983,C,3504
Journal of Family and Economic Issues,1058-0476,1573-3475,B,3899
Journal of Family Business Strategy,1877-8585,1877-8593,B,3507
Journal of Fashion Marketing and Management,1361-2026,1758-7433,B,3506
Journal of Finance Case Research,1527-5426,,C,3502
Journal of Financial and Quantitative Analysis,0022-1090,1756-6916,A*,3502
Journal of Financial Counseling and Planning,1052-3073,1947-7910,B,3502
Journal of Financial Crime,1359-0790,1758-7239,B,4801
Journal of Financial Econometrics,1479-8409,1479-8417,A*,3802
Journal of Financial Economic Policy,1757-6385,1757-6393,B,3899
Journal of Financial Economics,0304-405X,,A*,3502
Journal of Financial Education,0093-3961,,B,3502
Journal of Financial Intermediation,1042-9573,1096-0473,A*,3502
Journal of Financial Management and Analysis,0970-4205,,C,3502
Journal of Financial Management of Property and Construction,1366-4387,1759-8443,C,3504
"Journal of Financial Management, Markets and Institutions",2282-717X,,C,3502
Journal of Financial Markets,1386-4181,1878-576X,A*,3502
Journal of Financial Regulation,2053-4833,,B,4801
Journal of Financial Regulation and Compliance,1358-1988,1740-0279,B,4801
Journal of Financial Reporting,2380-2154,2380-2146,A,3501
Journal of Financial Reporting and Accounting,1985-2517,2042-5856,C,3501
Journal of Financial Research,0270-2592,1475-6803,A,3502
Journal of Financial Services Marketing,1363-0539,1479-1846,B,3506
Journal of Financial Services Research,0920-8550,1573-0735,A,3502
Journal of Financial Stability,1572-3089,1878-0962,A*,3502
Journal of Food Distribution Research,0047-245X,,C,3506
Journal of Food Products Marketing,1045-4446,1540-4102,B,3506
Journal of Foodservice Business Research,1537-8020,1537-8039,C,3504
Journal of Forecasting,0277-6693,1099-131X,A,3802
Journal of Forensic & Investigative Accounting,,2165-3755,B,3501
Journal of Forensic Accounting Research,,2380-2138,B,3501
Journal of Forensic Economics,0898-5510,,C,3899
Journal of Forest Economics,1104-6899,,B,3801
Journal of Gambling Studies,1050-5350,1573-3602,A,3504
Journal of General Management,0306-3070,1759-6106,C,3507
Journal of Global Business and Economics,2180-3625,,C,3899
Journal of Global Economic Analysis,2377-2999,,B,3801
Journal of Global Fashion Marketing,2093-2685,2325-4483,B,3506
Journal of Global Information Management,1062-7375,1533-7995,A,4609
Journal of Global Information Technology Management,1097-198X,2333-6846,B,4609
Journal of Global Marketing,0891-1762,1528-6975,B,3506
Journal of Global Mobility,2049-8799,2049-8802,B,3505
Journal of Global Operations and Strategic Sourcing,2398-5364,2398-5372,C,3507
Journal of Global Responsibility,2041-2568,2041-2576,C,3507
Journal of Global Scholars of Marketing Science,2163-9159,2163-9167,B,3506
Journal of Global Sport Management,2470-4067,2470-4075,C,3504
Journal of Globalization and Development,1948-1837,,B,3899
Journal of Governmental & Nonprofit Accounting,,2155-3815,B,3501
Journal of Health Economics,0167-6296,1879-1646,A*,3801
"Journal of Health Politics, Policy and Law",0361-6878,1527-1927,A,3599
Journal of Health Services Research and Policy,1355-8196,1758-1060,B,3599
"Journal of Health, Organization and Management",1477-7266,1758-7247,B,3507
"Journal of Health, Safety and Environment",1837-9362,2205-1104,B,3505
Journal of Healthcare Management,1096-9012,1944-7396,C,3507
Journal of Heritage Tourism,1743-873X,1747-6631,B,3508
Journal of Higher Education Policy and Management,1360-080X,1469-9508,B,3505
Journal of Historical Research in Marketing,1755-750X,1755-7518,B,3506
Journal of Hospitality and Tourism Education,1096-3758,2325-6540,B,3508
Journal of Hospitality and Tourism Insights,2514-9792,,B,3508
Journal of Hospitality and Tourism Management,1447-6770,1839-5260,A*,3508
Journal of Hospitality and Tourism Research,1096-3480,1557-7554,A,3508
Journal of Hospitality and Tourism Technology,1757-9880,1757-9899,B,4609
Journal of Hospitality Marketing and Management,1936-8623,1936-8631,A,3506
"Journal of Hospitality, Leisure, Sport & Tourism Education",,1473-8376,B,3508
Journal of Housing Economics,1051-1377,1096-0791,A,3801
Journal of Housing Research,1052-7001,,B,3504
Journal of Human Capital,1932-8575,1932-8664,A,3801
Journal of Human Development and Capabilities,1945-2829,1945-2837,B,3505
Journal of Human Resources,0022-166X,1548-8004,A*,3801
Journal of Human Resources in Hospitality and Tourism,1533-2845,1533-2853,B,3508
Journal of Humanitarian Logistics and Supply Chain Management,2042-6747,2042-6755,B,3509
Journal of Income Distribution,0926-6437,1874-6322,B,3801
Journal of Index Investing,2154-7238,2374-135X,C,3502
Journal of Indian Business Research,1755-4195,1755-4209,C,3507
Journal of Indonesian Economy and Business,2085-8272,2338-5847,C,3899
Journal of Industrial and Business Economics,0391-2078,1972-4977,B,3801
Journal of Industrial and Management Optimization,1547-5816,1553-166X,B,3503
Journal of Industrial Information Integration,2452-414X,,C,4609
Journal of Industrial Relations,0022-1856,1472-9296,A,3505
"Journal of Industry, Competition and Trade",1566-1679,1573-7012,C,3801
Journal of Information and Knowledge Management,0219-6492,1793-6926,C,4609
Journal of Information Communication and Ethics in Society,1477-996X,1758-8871,B,4609
Journal of Information Systems,0888-7985,1558-7959,A,3501
Journal of Information Systems and Technology Management,,1807-1775,C,4609
Journal of Information Systems Education,1055-3096,2574-3872,B,4609
Journal of Information Technology,0268-3962,1466-4437,A*,4609
Journal of Information Technology Case and Application Research,1522-8053,2333-6897,C,4609
Journal of Information Technology Education: Research,1547-9714,1539-3585,C,4609
Journal of Innovation & Knowledge,2444-569X,,C,3507
Journal of Innovation Economics,2032-5355,,C,3801
Journal of Innovation Management,,2183-0606,C,3507
Journal of Institutional and Theoretical Economics,0932-4569,1614-0559,B,3803
Journal of Institutional Economics,1744-1374,1744-1382,B,3801
Journal of Insurance Issues,1531-6076,2332-4244,B,3502
Journal of Intellectual Capital,1469-1930,1758-7468,B,3501
Journal of Intellectual Property Law & Practice,1747-1532,1747-1540,B,4801
Journal of Intelligent Information Systems,0925-9902,1573-7675,B,4609
Journal of Intelligent Manufacturing,0956-5515,1572-8145,B,3503
Journal of Intelligent Transportation Systems,1547-2450,1547-2442,B,3509
Journal of Interactive Advertising,,1525-2019,B,3506
Journal of Interactive Marketing,1094-9968,1520-6653,A,3506
Journal of Intercultural Communication,1404-1634,,C,3507
Journal of Interdisciplinary Economics,0260-1079,,C,3801
Journal of International Accounting Research,1542-6297,1558-8025,A,3501
"Journal of International Accounting, Auditing and Taxation",1061-9518,1879-1603,B,3501
Journal of International Agricultural Trade and Development,1556-8520,,C,3801
Journal of International Banking Law and Regulation,1742-6812,,C,3502
Journal of International Business and Economy,1527-8603,,C,3801
Journal of International Business Education,1649-4946,2044-4575,C,3507
Journal of International Business Policy,2522-0691,2522-0705,B,3507
Journal of International Business Studies,0047-2506,1478-6990,A*,3507
Journal of International Commercial Law,1476-7546,,C,4801
Journal of International Consumer Marketing,0896-1530,1528-7068,B,3506
Journal of International Development,0954-1748,1099-1328,B,3801
Journal of International Economic Law,1369-3034,1464-3758,A,4801
Journal of International Economic Studies,0911-1247,,C,3801
Journal of International Economics,0022-1996,1873-0353,A*,3801
Journal of International Education in Business,2046-469X,1836-3261,C,3507
Journal of International Finance and Economics,1555-6336,2378-864X,C,3801
Journal of International Financial Management and Accounting,0954-1314,1467-646X,A,3502
"Journal of International Financial Markets, Institutions and Money",1042-4431,1873-0612,A,3502
Journal of International Food and Agribusiness Marketing,0897-4438,1528-6983,B,3506
Journal of International Management,1075-4253,1873-0620,A,3507
Journal of International Marketing,1069-031X,1547-7215,A,3506
Journal of International Marketing and Exporting,1324-5864,1832-2174,C,3506
Journal of International Marketing and Marketing Research,1010-7347,,C,3506
Journal of International Migration and Integration,1488-3473,1874-6365,C,3599
Journal of International Money and Finance,0261-5606,1873-0639,A,3502
Journal of International Relations and Development,1408-6980,1581-1980,C,3599
Journal of International Taxation,1049-6378,,C,4801
Journal of International Technology and Information Management,1543-5962,1941-6679,C,4609
Journal of Internet Commerce,1533-2861,1533-287X,B,3504
Journal of Investing,1068-0896,2168-8613,B,3502
Journal of Investment Compliance,1528-5812,1758-7476,C,3502
Journal of Investment Consulting,1524-6035,,C,3502
Journal of Investment Management,1545-9144,1545-9152,C,3502
Journal of Islamic Accounting and Business Research,1759-0817,1759-0825,C,3501
"Journal of Islamic Economics, Banking and Finance",2070-4658,2070-4666,C,3502
Journal of Islamic Marketing,1759-0833,1759-0841,B,3506
Journal of Knowledge Management,1367-3270,1758-7484,A,4609
Journal of Knowledge Management Practice,,1705-9232,C,4609
Journal of Korea Trade,1229-828X,,C,3801
Journal of Labor and Society,2471-4607,,C,3801
Journal of Labor Economics,0734-306X,1537-5307,A*,3801
Journal of Labor Research,0195-3613,1936-4768,B,3505
Journal of Law and Financial Management,1446-6899,,C,4801
Journal of Law and Society,0263-323X,1467-6478,B,4801
"Journal of Law, Economics & Policy",1553-4367,,B,4801
"Journal of Law, Economics and Organization",8756-6222,1465-7341,A,3801
"Journal of Law, Information and Science",0729-1485,,B,4801
Journal of Leadership and Organizational Studies,1548-0518,1939-7089,A,3507
Journal of Legal Aspects of Sport,1072-0316,,C,3504
Journal of Legal Economics,1054-3023,,B,3801
Journal of Legal Studies in Business,1078-3873,,C,4801
Journal of Legal Technology Risk Management,1932-5584,1932-5592,C,4801
Journal of Leisure Research,0022-2216,2159-6417,A,3504
Journal of Macroeconomics,0164-0704,1873-152X,A,3801
Journal of Macromarketing,0276-1467,1552-6534,A,3506
Journal of Malaysian and Comparative Law,0126-6322,,C,4801
Journal of Management,0149-2063,1557-1211,A*,3507
Journal of Management & Organization,1833-3672,1839-3527,A,3507
Journal of Management Accounting Research,1049-2127,1558-8033,A*,3501
Journal of Management Analytics,2327-0012,2327-0039,B,3503
Journal of Management and Governance,1385-3457,1572-963X,C,3507
Journal of Management Control,2191-4761,2191-477X,A,3501
Journal of Management Development,0262-1711,1758-7492,C,3507
Journal of Management Education,1052-5629,1552-6658,B,3507
Journal of Management History,1751-1348,1355-252X,B,3505
Journal of Management in Engineering,0742-597X,1943-5479,A,3507
Journal of Management Information Systems,0742-1222,1557-928X,A*,4609
Journal of Management Inquiry,1056-4926,1552-6542,A,3507
Journal of Management Spirituality and Religion,1476-6086,1942-258X,C,3507
Journal of Management Studies,0022-2380,1467-6486,A*,3507
Journal of Managerial Issues,1045-3695,,C,3507
Journal of Managerial Psychology,0268-3946,1758-7778,B,3507
Journal of Manufacturing Systems,0278-6125,1878-6642,B,3507
Journal of Manufacturing Technology Management,1741-038X,1758-7786,B,3507
Journal of Maritime Law and Commerce,0022-2410,,A,4801
Journal of Marketing,0022-2429,1547-7185,A*,3506
Journal of Marketing Analytics,2050-3318,2050-3326,C,3506
Journal of Marketing Communications,1352-7266,1466-4445,B,3506
Journal of Marketing Education,0273-4753,1552-6550,B,3506
Journal of Marketing for Higher Education,0884-1241,1540-7144,B,3506
Journal of Marketing Management,0267-257X,1472-1376,A,3506
Journal of Marketing Research,0022-2437,1547-7193,A*,3506
Journal of Marketing Theory and Practice,1069-6679,1944-7175,B,3506
Journal of Markets & Morality,1098-1217,1944-7841,B,3801
Journal of Mathematical Economics,0304-4068,1873-1538,A,3801
Journal of Media Economics,0899-7764,1532-7736,B,3801
Journal of Medical Economics,1369-6998,1941-837X,C,3801
Journal of Medical Marketing,1745-7904,1745-7912,C,3506
Journal of Modelling in Management,1746-5664,1746-5672,C,3503
Journal of Modern Applied Statistical Methods,1538-9472,,B,4905
Journal of Monetary Economics,0304-3932,1873-1295,A*,3801
Journal of Money Laundering Control,1368-5201,1758-7808,C,4801
"Journal of Money, Credit and Banking",0022-2879,1538-4616,A*,3801
Journal of Multi-Criteria Decision Analysis,1057-9214,1099-1360,B,3503
Journal of Multinational Financial Management,1042-444X,1873-1309,B,3502
Journal of Multivariate Analysis,0047-259X,1095-7243,A,4905
Journal of New Business Ideas and Trends,1446-8719,1447-9184,C,3507
Journal of Nonparametric Statistics,1048-5252,1029-0311,B,4905
Journal of Nonprofit & Public Sector Marketing,1049-5142,1540-6997,B,3506
Journal of Nursing Management,0966-0429,1365-2834,C,3507
Journal of Occupational and Organizational Psychology,0963-1798,2044-8325,A*,3507
Journal of Occupational Health Psychology,1076-8998,1939-1307,A,3507
Journal of Operational Risk,1744-6740,1755-2710,C,3502
Journal of Operations Management,0272-6963,1873-1317,A*,3507
Journal of Optimization Theory and Applications,0022-3239,1573-2878,A,3507
Journal of Organizational and End User Computing,1546-2234,1546-5012,B,4609
Journal of Organizational Behavior,0894-3796,1099-1379,A*,3507
Journal of Organizational Behavior Education,1649-7627,2047-9999,C,3507
Journal of Organizational Behavior Management,0160-8061,1540-8604,B,3507
Journal of Organizational Change Management,0953-4814,1758-7816,B,3507
Journal of Organizational Computing and Electronic Commerce,1091-9392,1532-7744,A,4609
Journal of Organizational Effectiveness,2051-6614,2051-6622,B,3505
Journal of Organizational Ethnography,2046-6749,2046-6757,C,3507
Journal of Outdoor Recreation and Tourism,2213-0780,,B,3508
Journal of Park and Recreation Administration,0735-1968,2160-6862,B,3504
Journal of Pension Economics and Finance,1474-7472,1475-3022,B,3801
Journal of Performance Management,1949-971X,,C,3502
Journal of Performance of Constructed Facilities,0887-3828,1943-5509,C,3504
Journal of Personal Selling & Sales Management,0885-3134,1557-7813,A,3506
Journal of Personality,0022-3506,1467-6494,A,3507
Journal of Personality and Social Psychology,0022-3514,1939-1315,A*,3507
Journal of Personnel Psychology,1866-5888,,B,3505
"Journal of Pharmaceutical Finance, Economics and Policy",1538-5396,,C,3801
Journal of Place Management and Development,1753-8335,1753-8343,C,3504
Journal of Policy Analysis and Management,0276-8739,1520-6688,A,3507
Journal of Policy Modeling,0161-8938,1873-8060,A,3801
"Journal of Policy Research in Tourism, Leisure and Events",1940-7963,1940-7971,B,3508
Journal of Political Economy,0022-3808,1537-534X,A*,3801
Journal of Political Economy: Macroeconomics,2832-9341,2832-935X,A,3801
Journal of Political Economy: Microeconomics,2832-9368,2832-9376,A,3801
Journal of Political Marketing,1537-7857,1537-7865,B,3506
Journal of Political Power,2158-379X,2158-3803,C,3599
Journal of Population Economics,0933-1433,1432-1475,A*,3801
Journal of Population Research,1443-2447,1835-9469,A,3599
Journal of Post Keynesian Economics,0160-3477,1557-7821,B,3899
Journal of Product & Brand Management,1061-0421,2054-1643,A,3506
Journal of Product Innovation Management,0737-6782,1540-5885,A*,3599
Journal of Productivity Analysis,0895-562X,1573-0441,A,3801
Journal of Professional Issues in Engineering Education and Practice,1052-3928,1943-5541,B,3505
Journal of Professions and Organization,2051-8803,2051-8811,A,3505
Journal of Promotion Management,1049-6491,1540-7594,B,3506
Journal of Property Investment & Finance,1463-578X,1470-2002,B,3504
Journal of Property Management,0022-3905,,C,3504
Journal of Property Research,0959-9916,1466-4453,B,3504
Journal of Public Administration Research and Theory,1053-1858,1477-9803,A,3599
Journal of Public Affairs,1472-3891,1479-1854,B,3506
"Journal of Public Budgeting, Accounting and Financial Management",1096-3367,1945-1814,B,3501
Journal of Public Economic Theory,1097-3923,1467-9779,A,3801
Journal of Public Economics,0047-2727,1879-2316,A*,3801
Journal of Public Finance and Public Choice,2515-6918,2515-6926,C,3899
Journal of Public Policy,0143-814X,1469-7815,B,3599
Journal of Public Policy and Marketing,0743-9156,1547-7207,A,3506
Journal of Public Relations Education,2573-1742,,C,3506
Journal of Public Relations Research,1062-726X,1532-754X,B,3506
Journal of Public Transportation,1077-291X,2375-0901,B,3509
Journal of Purchasing and Supply Management,1478-4092,1873-6505,A,3509
Journal of Quality Assurance in Hospitality & Tourism,1528-008X,1528-0098,B,3508
Journal of Quality in Maintenance Engineering,1355-2511,1758-7832,B,3504
Journal of Quality Technology,0022-4065,2575-6230,A,3503
Journal of Quantitative Economics,0971-1554,2364-1045,B,3802
Journal of Real Estate Finance and Economics,0895-5638,1573-045X,A,3504
Journal of Real Estate Literature,0927-7544,1573-8809,C,3504
Journal of Real Estate Portfolio Management,1083-5547,,B,3504
Journal of Real Estate Practice and Education,1521-4842,,C,3504
Journal of Real Estate Research,0896-5803,,B,3504
Journal of Regional Science,0022-4146,1467-9787,A,3801
Journal of Regulatory Economics,0922-680X,1573-0468,A,3801
Journal of Relationship Marketing,1533-2667,1533-2675,B,3506
Journal of Research for Consumers,1444-6359,,C,3506
Journal of Research in Interactive Marketing,2040-7122,2040-7130,B,3506
Journal of Research in Marketing and Entrepreneurship,1471-5201,1471-521X,B,3506
Journal of Research in Personality,0092-6566,1095-7251,B,3507
Journal of Retailing,0022-4359,1873-3271,A*,3506
Journal of Retailing and Consumer Services,0969-6989,1873-1384,A,3506
Journal of Retirement,2326-6899,2326-6902,B,3502
Journal of Revenue & Pricing Management,1476-6930,1477-657X,B,3506
Journal of Risk,1465-1211,1755-2842,B,3502
Journal of Risk and Insurance,0022-4367,1539-6975,A,3502
Journal of Risk and Uncertainty,0895-5646,1573-0476,A*,3803
Journal of Risk Management in Financial Institutions,1752-8887,1752-8895,C,3502
Journal of Risk Research,1366-9877,1466-4461,C,3502
Journal of Safety Research,0022-4375,1879-1247,A,3509
Journal of Scheduling,1094-6136,1099-1425,B,3509
Journal of Science and Technology Policy Management,2053-4620,2053-4639,C,3507
Journal of Selling,2329-7751,,C,3506
Journal of Service Management,1757-5818,1757-5826,A,3507
Journal of Service Research,1094-6705,1552-7379,A*,3506
Journal of Service Theory and Practice,2055-6225,2055-6233,A,3506
Journal of Services Marketing,0887-6045,2054-1651,A,3506
Journal of Services Research,0972-4702,,C,3506
Journal of Simulation,1747-7778,1747-7786,B,3599
Journal of Small Business and Enterprise Development,1462-6004,1758-7840,C,3507
Journal of Small Business and Entrepreneurship,0827-6331,2169-2610,B,3507
Journal of Small Business Management,0047-2778,1540-627X,A,3507
Journal of Small Business Strategy,1081-8510,2380-1751,C,3507
Journal of Social and Economic Development,0972-5792,2199-6873,C,3801
Journal of Social Entrepreneurship,1942-0676,1942-0684,B,3507
Journal of Social Issues,0022-4537,1540-4560,A,3507
Journal of Social Marketing,2042-6763,2042-6771,B,3506
Journal of Social Policy,0047-2794,1469-7823,A,3507
Journal of Social Psychology,0022-4545,1940-1183,B,3507
"Journal of Social, Political and Economic Studies",0278-839X,,C,3801
Journal of Sociology,1440-7833,1741-2978,B,3507
Journal of South Asian Development,0973-1741,0973-1733,C,3801
Journal of Southeast Asian Economies,2339-5095,2339-5206,C,3801
Journal of Southeast Asian Studies,0022-4634,1474-0680,C,3599
Journal of Sport and Social Issues,0193-7235,1552-7638,B,3504
Journal of Sport and Tourism,1477-5085,1029-5399,B,3508
Journal of Sport Behavior,0162-7341,2641-3477,B,3504
Journal of Sport for Development,,2330-0574,B,3504
Journal of Sport History,0094-1700,,C,3504
Journal of Sport Management,0888-4773,1543-270X,A,3504
Journal of Sports Economics,1527-0025,1552-7794,B,3899
Journal of State Taxation,0744-6713,,C,4801
Journal of Statistical Computation and Simulation,0094-9655,1563-5163,C,4905
Journal of Statistical Planning and Inference,0378-3758,1873-1171,A,4905
Journal of Statistical Research,0256-422X,,C,4905
Journal of Statistical Software,1548-7660,,A,4905
Journal of Statistical Theory and Applications,1538-7887,2214-1766,C,4905
Journal of Statistics and Management Systems,0972-0510,2169-0014,C,4905
Journal of Statistics and Data Science Education,1069-1898,,B,4905
Journal of Strategic Information Systems,0963-8687,1873-1198,A*,4609
Journal of Strategic Marketing,0965-254X,1466-4488,A,3506
Journal of Strategy & Innovation,,3050-7901,C,3503
Journal of Strategy and Management,1755-425X,,B,3507
Journal of Supply Chain Management,1523-2409,1745-493X,A*,3509
Journal of Sustainable Finance & Investment,2043-0795,2043-0809,B,3502
Journal of Sustainable Real Estate,1949-8276,1949-8284,C,3504
Journal of Sustainable Tourism,0966-9582,1747-7646,A*,3508
Journal of Systems and Information Technology,1328-7265,1758-8847,B,4609
Journal of Tax Administration,2059-190X,,B,4801
Journal of Taxation,0022-4863,,B,4801
Journal of Taxation of Investments,0747-9115,1933-933X,C,4801
Journal of Teaching in International Business,0897-5930,1528-6991,C,3507
Journal of Teaching in Travel & Tourism,1531-3220,1531-3239,B,3508
Journal of Technology Management & Innovation,,0718-2724,C,3507
Journal of Technology Management in China,1746-8779,1746-8787,C,3507
Journal of Technology Transfer,0892-9912,1573-7047,A,3507
Journal of the Academy of Marketing Science,0092-0703,1552-7824,A*,3506
Journal of the American Statistical Association,0162-1459,1537-274X,A*,4905
Journal of the American Taxation Association,0198-9073,1558-8017,A,4801
Journal of the Asia Pacific Economy,1354-7860,1469-9648,B,3801
Journal of the Association for Consumer Research,2378-1815,2378-1823,B,3506
Journal of the Association for Information Systems,1536-9323,1558-3457,A*,4609
Journal of the Association of Environmental and Resource Economists,2333-5955,2333-5963,A*,3801
Journal of the Australasian Law Academics Association,1836-5612,,B,4801
Journal of the Australasian Tax Teachers Association,1832-911X,,B,4801
Journal of the Economic and Social History of the Orient,0022-4995,1568-5209,B,3801
Journal of the Economics of Ageing,2212-828X,,B,3801
Journal of the European Economic Association,1542-4766,1542-4774,A*,3801
Journal of the History of Economic Thought,1053-8372,1469-9656,B,3803
Journal of the International Council for Small Business,2643-7015,2643-7023,C,3507
Journal of the Japan Statistical Society,0389-5602,1348-6365,C,4905
Journal of the Japanese and International Economies,0889-1583,1095-8681,A,3801
Journal of the Knowledge Economy,1868-7865,1868-7873,C,3899
Journal of the New Economic Association,2221-2264,,C,3899
Journal of the Operational Research Society,0160-5682,1476-9360,A,3507
Journal of the Operations Research Society of Japan,0453-4514,2188-8299,B,3507
"Journal of the Royal Statistical Society, Series A (Statistics in Society)",,1467-985X,A,4905
"Journal of the Royal Statistical Society, Series B (Statistical Methodology)",,1467-9868,A*,4905
"Journal of the Royal Statistical Society, Series C (Applied Statistics)",,1467-9876,A,4905
"Journal of the Royal Statistical Society, Series D (The Statistician)",,1467-9884,A,4905
Journal of the Statistical and Social Inquiry Society of Ireland,0081-4776,,C,4905
Journal of the UK Association of Christian Economists,0956-3067,,C,3801
Journal of Theoretical Probability,0894-9840,1572-9230,A,4905
Journal of Time Series Analysis,0143-9782,1467-9892,A,3802
Journal of Time Series Econometrics,1941-1928,,B,3802
Journal of Tourism and Cultural Change,1476-6825,1747-7654,B,3508
Journal of Tourism and Development (REVISTA TURISMO & DESENVOLVIMENTO - RT&D),2182-1453,,C,3508
Journal of Tourism and Services,1804-5650,,C,3508
Journal of Tourism Futures,2055-5911,2055-592X,B,3508
Journal of Tourism History,1755-182X,1755-1838,C,3508
"Journal of Tourism, Heritage & Services Marketing",2529-1947,,C,3508
"Journal of Tourism, Sustainability and Well-being",2795-5044,,C,3508
Journal of Transnational Management,1547-5778,1547-5786,C,3507
Journal of Transport and Health,2214-1405,,B,3509
Journal of Transport and Land Use,1938-7849,,B,3509
Journal of Transport Geography,0966-6923,1873-1236,A,3509
Journal of Transport History,0022-5266,1759-3999,C,3509
"Journal of Transport, Economics and Policy",0022-5258,1754-5951,B,3509
"Journal of Transportation Law, Logistics and Policy",1078-5906,,C,3509
Journal of Transportation Security,1938-7741,1938-775X,B,3509
Journal of Travel & Tourism Marketing,1054-8408,1540-7306,A,3508
Journal of Travel and Tourism Research,1302-8545,,C,3508
Journal of Travel Research,0047-2875,1552-6763,A*,3508
Journal of Trust Research,2151-5581,2151-559X,B,3503
Journal of University Teaching and Learning Practice,1449-9789,,C,3507
Journal of Urban Affairs,0735-2166,1467-9906,A,3599
Journal of Urban Economics,0094-1190,1095-9068,A*,3801
Journal of Urban Planning and Development,0733-9488,1943-5444,B,3509
Journal of Vacation Marketing,1356-7667,1479-1870,A,3508
Journal of Vocational Behavior,0001-8791,1095-9084,A*,3507
Journal of Vocational Education and Training,1363-6820,1747-5090,B,3505
Journal of Wine Economics,1931-4361,1931-437X,C,3801
Journal of Workplace Learning,1366-5626,1758-7859,C,3505
Journal of World Business,1090-9516,1878-5573,A*,3507
Journal of World Investment and Trade,1660-7112,2211-9000,A,4801
Journal of World Trade,1011-6702,,B,3801
Journal Transition Studies Review,1614-4007,1614-4015,C,3801
Judgment and Decision Making,1930-2975,,A,3599
Juridical Review: law journal of Scottish universities,0022-6785,,B,4801
Jurnal Akuntansi dan Keuangan Indonesia,1829-8494,2406-9701,C,3501
Jurnal Akuntansi Multiparadigma,2086-7603,2089-5879,C,3501
Keio Economic Studies,0022-9709,,C,3801
Keizai Kagaku,0022-9725,,C,3801
Kerala: an economic review,0453-7440,,C,3801
King's Law Journal,0961-5768,1757-8442,B,4801
Knowledge and Information Systems,0219-1377,0219-3116,C,4609
Knowledge and Process Management,1092-4604,1099-1441,B,4609
Knowledge Management Research and Practice,1477-8238,1477-8246,A,4609
Kobe Economic and Business Review,0075-6407,2185-5021,C,3801
Kobe University Economic Review,0454-1111,,C,3801
Korea and the World Economy,2234-2346,,C,3801
Korea Review of International Studies,1226-4741,,C,3599
Korean Accounting Review,1229-3288,2508-7193,C,3501
Kyklos,0023-5962,1467-6435,A,3801
Kyoto Economic Review,1349-6786,1349-6778,C,3801
Labor History,0023-656X,1469-9702,A,3505
Labor Studies Journal,0160-449X,1538-9758,B,3505
Labor: Studies in working class history,1547-6715,1558-1454,B,3505
Labour,1121-7081,1467-9914,B,3505
Labour / Le Travail,0700-3862,1911-4842,B,3505
Labour & Industry,1030-1763,2325-5676,B,3505
Labour Economics,0927-5371,1879-1034,A*,3801
Labour History Review,0961-5652,1745-8188,B,3505
Labour History: a journal of labour and social history,0023-6942,,A,3505
Labour Law Journal,0023-6977,,C,4801
Lahore Journal of Economics,1811-5438,1811-5446,C,3899
Land Economics,0023-7639,1543-8325,A,3801
Land Use Policy,0264-8377,1873-5754,A,3599
Language & Communication,0271-5309,1873-3395,B,3599
Latin American Journal of Economics,0716-0046,0717-6821,C,3899
Law and Financial Markets Review,1752-1440,1752-1459,B,4801
Law and Policy,0265-8240,1467-9930,A,4801
Law Quarterly Review,0023-933X,,A*,4801
Leadership,1742-7150,1742-7169,B,3507
Leadership & Organization Development Journal,0143-7739,1472-5347,B,3507
Leadership in Health Services,1751-1879,1751-1887,C,3507
Legal Education Review,1033-2839,1839-3713,C,4801
Legal Issues in Business,1442-911X,,C,4801
Legal Issues of Economic Integration,1566-6573,0377-0915,A,4801
Leisure,1492-7713,2151-2221,B,3504
Leisure Sciences: an interdisciplinary journal,0149-0400,1521-0588,A,3504
Leisure Studies,0261-4367,1466-4496,A,3504
Les Cahiers Scientifiques du Transport / Scientific Papers in Transportation,1150-8809,,C,3509
Letters in Spatial and Resource Science,,1864-404X,C,3801
Library Management,0143-5124,1758-7921,C,4609
Lifetime Data Analysis: an international journal devoted to the methods and applications of reliability and survival analysis,1380-7870,1572-9249,B,4905
Lloyd's Maritime and Commercial Law Quarterly,0306-2945,,A,4801
Lloyd's Shipping and Trade Law,1359-7701,1471-9614,B,4801
Local Economy,0269-0942,1470-9325,C,3801
Local Government Studies,0300-3930,1743-9388,A,3599
Loisir et Societe (Society and Leisure),0705-3436,1705-0154,B,3504
Long Range Planning,0024-6301,1873-1872,A*,3507
Macquarie Journal of Business Law,1449-0269,,C,4801
Macquarie Law Journal,1445-386X,,C,4801
Macroeconomic Dynamics,1365-1005,1469-8056,A,3801
Macroeconomics and Finance in Emerging Market Economies,1752-0843,1752-0851,C,3803
Malayan Law Journal,0025-1283,0217-4189,C,4801
Malaysian Journal of Economic Studies,1511-4554,,C,3801
Management,1286-4692,,B,3507
Management & Organizational History,1744-9359,1744-9367,C,3505
Management & Sustainability: An Arab Review,2752-9819,2752-9827,C,3507
Management Accounting Frontiers,1443-9905,1443-9913,C,3501
Management Accounting Quarterly,1528-5359,,C,3501
Management Accounting Research,1044-5005,1096-1224,A*,3501
Management and Accounting Review,1675-4077,,C,3501
Management and Labour Studies,0258-042X,2321-0710,C,3505
Management and Organization Review,1740-8776,1740-8784,A,3507
Management Communication Quarterly,0893-3189,1552-6798,B,3507
Management Control,2239-0391,2239-4397,C,3501
Management Decision,0025-1747,1758-6070,B,3507
Management International Review,0938-8249,1861-8901,A,3507
Management Learning,1350-5076,1461-7307,A,3507
Management of Environmental Quality,1477-7835,,C,3599
Management Research,1536-5433,,C,3507
Management Research Review,2040-8269,,C,3507
Management Review Quarterly,2198-1620,2198-1639,B,3507
Management Science,0025-1909,1526-5501,A*,3507
Management Teaching Review,2379-2981,,C,3507
Management: Journal of Contemporary Management Issues,1331-0194,1846-3363,C,3507
Managerial and Decision Economics,0143-6570,1099-1468,B,3801
Managerial Auditing Journal,0268-6902,1758-7735,A,3501
Managerial Finance,0307-4358,1758-7743,B,3502
Managing Sport and Leisure,2375-0472,2375-0480,B,3504
Manchester Journal of International Economic Law,1742-3945,,C,4801
Manchester School,1463-6786,1467-9957,B,3801
Manufacturing and Service Operations Management,1523-4614,1526-5498,A*,3509
Margin: The journal of applied economic research,0973-8010,0973-8029,C,3801
Marine Policy,0308-597X,1872-9460,A,4801
Marine Resource Economics,0738-1360,2334-5985,A,3801
Maritime Business Review,2397-3757,2397-3765,C,3509
Maritime Economics & Logistics,1479-2931,1479-294X,B,3801
Maritime Policy and Management,0308-8839,1464-5254,B,3509
Market Microstructure and Liquidity,2382-6266,2424-8037,B,3502
Marketing Bulletin,1176-645X,,C,3506
Marketing Education Review,1052-8008,2153-9987,C,3506
Marketing Health Services,1094-1304,,C,3506
Marketing Intelligence & Planning,0263-4503,1758-8049,A,3506
Marketing Letters,0923-0645,1573-059X,A,3506
Marketing Science,0732-2399,1526-548X,A*,3506
Marketing Theory,1470-5931,1741-301X,A,3506
Mathematical Finance,0960-1627,1467-9965,A,3502
Mathematical Methods in Economics and Finance,1971-6419,1971-3878,C,3502
Mathematical Methods of Statistics,1066-5307,1934-8045,B,4905
Mathematical Social Sciences,0165-4896,1879-3118,A,3801
Mathematics and Financial Economics,1862-9679,1862-9660,C,3801
Mathematics of Operations Research,0364-765X,1526-5471,A,3507
Measuring Business Excellence,1368-3047,1758-8057,B,3507
Media and Arts Law Review,1325-1570,,C,4801
Media Culture and Society,0163-4437,1460-3675,B,3599
Medical Law International,0968-5332,2047-9441,C,4801
Meditari Accountancy Research,2049-372X,2049-3738,A,3501
Melbourne Journal of International Law,1444-8602,1444-8610,A,4801
Melbourne University Law Review,0025-8938,1839-3810,A*,4801
Metrika: international journal for theoretical and applied statistics,0026-1335,1435-926X,B,4905
Metroeconomica: international review of economics,0026-1386,1467-999X,B,3801
Metron,0026-1424,2281-695X,C,4905
Middle East Business and Economic Review,1035-3704,,C,3801
Middle East Development Journal,1793-8120,1793-8171,C,3899
Millenium: journal of international studies,0305-8298,1477-9021,B,3599
Millennial Asia: An International Journal of Asian Studies,0976-3996,2321-7081,C,3801
Mineral Economics,2191-2203,2191-2211,C,3899
MIS Quarterly,0276-7783,2162-9730,A*,4609
MIS Quarterly Executive,1540-1960,1540-1979,A,4609
MIT Sloan Management Review,1532-9194,1532-8937,A,3507
Model Assisted Statistics and Applications,1574-1699,1875-9068,C,4905
Monash University Law Review,0311-3140,,A,4801
Monetary and Economic Studies,0288-8432,1348-7787,C,3801
Money Affairs,0187-7615,,C,3801
Monte Carlo Methods and Applications,,1569-3961,C,4905
Motivation and Emotion,0146-7239,1573-6644,A,3599
Multinational Business Review,1525-383X,2054-1686,B,3507
Multinational Finance Journal,1096-1879,1096-2190,B,3502
Narrative Inquiry,1387-6740,1569-9935,B,3599
National Economic Review,0813-9474,,C,3801
National Institute Economic Review,0027-9501,1741-3036,B,3801
National Tax Journal,0028-0283,1944-7477,A,4801
Naval Research Logistics,0894-069X,1520-6750,B,3509
NBER Macroeconomics Annual,0889-3365,1537-2642,A,3803
Negotiation and Conflict Management Research,1750-4708,1750-4716,C,3505
Negotiation Journal,0748-4526,1571-9979,B,3599
Netnomics,1385-9587,1573-7071,C,3899
Networks and Spatial Economics,1566-113X,1572-9427,B,3801
New Directions for Evaluation,1097-6736,1534-875X,B,3599
New England Journal of Entrepreneurship,1550-333X,2574-8904,C,3507
New Law Journal,0306-6479,,C,4801
New Perspectives on Political Economy,1801-0938,,C,3801
New Political Economy,1356-3467,1469-9923,A,3801
"New Technology, Work & Employment",0268-1072,1468-005X,A,3505
New York Economic Review,1090-5693,,C,3801
New Zealand Business Law Quarterly,1173-311X,,B,4801
New Zealand Economic Papers,0077-9954,1943-4863,B,3801
New Zealand Intellectual Property Journal,1359-9054,,B,4801
New Zealand Journal of Applied Business Research,1175-8007,2816-1602,C,3507
New Zealand Journal of Employment Relations,1176-4716,1179-2965,B,3505
New Zealand Journal of Human Resources Management,1175-5407,,C,3505
New Zealand Journal of Taxation Law and Policy,1322-4417,,A,4801
New Zealand Law Journal,0028-8373,,B,4801
New Zealand Law Review,1173-5864,,B,4801
New Zealand Population Review,0111-199X,,C,3599
New Zealand Universities Law Review,0549-0618,,A,4801
New Zealand Yearbook of International Law,1176-6417,,C,4801
NMIMS Management Review,0971-1023,3049-5040,C,3507
Nonprofit and Voluntary Sector Quarterly,0899-7640,1552-7395,A,3507
Nonprofit Management and Leadership,1048-6682,1542-7854,B,3507
Nordic Journal of Commercial Law,1459-9686,,C,4801
Nordic Journal of Political Economy,0345-8555,,C,3801
North American Actuarial Journal,1092-0277,2325-0453,A,3502
North Carolina Banking Institute Journal (fomerly the University of North Carolina School of Law Banking Institute),1096-7249,,C,4801
Northeastern Journal of Agricultural and Resource Economics,0899-367X,,C,3899
Northern Economic Review,0262-0383,,C,3801
Northwestern Journal of International Law & Business,0196-3228,,B,4801
Norton Journal of Bankruptcy Law and Practice,1059-048X,,C,4801
Nova Economia: the journal of the economics department at UFMG,0103-6351,1980-5381,C,3801
NYU Journal of Law and Business,1558-5778,,C,4801
"Oil, Gas and Energy Quarterly",1096-9195,,C,4801
Omega,0305-0483,1873-5274,A,3503
Online Information Review,1468-4527,1468-4535,B,4609
OPEC Energy Review,1753-0229,1753-0237,C,3801
Open Economies Review,0923-7992,1573-708X,B,3801
Operational Research,1109-2858,1866-1505,C,3509
Operations and Supply Chain Management,1979-3561,1979-3871,C,3509
Operations Management Research,1936-9735,1936-9743,C,3507
Operations Research,0030-364X,1526-5463,A*,3507
Operations Research Letters,0167-6377,1872-7468,B,3507
Opsearch,0030-3887,0975-0320,C,3507
Optimal Control Applications and Methods,0143-2087,1099-1514,B,3507
Optimization,0233-1934,1029-4945,C,3507
OR Spectrum,0171-6468,1436-6304,B,3507
Oregon Law Review,0196-2043,,A,4801
Organization,1350-5084,1461-7323,A,3507
Organization & Environment,1086-0266,1552-7417,A,3507
Organization Development Journal,0889-6402,,C,3505
Organization Management Journal,1541-6518,,B,3507
Organization Science,1047-7039,1526-5455,A*,3507
Organization Studies,0170-8406,1741-3044,A*,3507
Organization Theory,2631-7877,,A,3507
Organizational Behavior and Human Decision Processes,0749-5978,1095-9920,A*,3507
Organizational Dynamics,0090-2616,1873-3530,A,3507
Organizational Psychology Review,2041-3866,2041-3874,A,3507
Organizational Research Methods,1094-4281,1552-7425,A*,3507
Osgoode Hall Law Journal,0030-6185,,A,4801
Otago Law Review,0078-6918,,C,4801
Oxford Bulletin of Economics and Statistics,0305-9049,1468-0084,A,3802
Oxford Development Studies,1360-0818,1469-9966,B,3801
Oxford Economic Papers,0030-7653,1464-3812,A,3801
Oxford Journal of Legal Studies,0143-6503,1464-3820,A,4801
Oxford Review of Economic Policy,0266-903X,1460-2121,A,3801
Oxford University Commonwealth Law Journal,1472-9342,1757-8469,A*,4801
Oxonomics: Oxford university economic studies,1752-5195,1752-5209,B,3801
Pacific Accounting Review,0114-0582,2041-5494,B,3501
Pacific Affairs: an international review of Asia and the Pacific,0030-851X,1715-3379,B,3599
Pacific Asia Journal of the Association for Information Systems,,1943-7544,B,4609
Pacific Economic Bulletin,0817-8038,,C,3801
Pacific Economic Review,1361-374X,1468-0106,B,3801
Pacific Rim Property Research Journal,1444-5921,2201-6716,C,3504
Pacific-Basin Finance Journal,0927-538X,1879-0585,A,3502
Pakistan Development Review,0030-9729,,C,3801
Pakistan Economic and Social Review,1011-002X,2224-4174,C,3801
Pakistan Journal of Applied Economics,0254-9204,,C,3801
Pakistan Journal of Statistics,1012-9367,,C,4905
Papers in Regional Science,1056-8190,1435-5957,A,3801
Parliamentary Affairs,0031-2290,1460-2482,B,3599
Pasos. Journal of Tourism and Cultural Heritage,1695-7121,,C,3508
"Peace Economics, Peace Science and Public Policy",1554-8597,1079-2457,C,3899
Pennsylvania Economic Review,1531-0949,,C,3801
Pepperdine Law Review,0092-430X,,C,4801
Performance Measurement and Metrics,1467-8047,1758-6925,C,3505
Personality and Individual Differences,0191-8869,1873-3549,A,3507
Personality and Social Psychology Bulletin,0146-1672,1552-7433,A*,3507
Personnel Psychology,0031-5826,1744-6570,A*,3507
Personnel Review,0048-3486,1758-6933,A,3505
"Perspectives of Innovations, Economics & Business",1804-0519,,C,3899
Perspectives on Work,1534-9276,,C,3505
PharmacoEconomics,1170-7690,1179-2027,A,3899
Philippine Journal of Labor and Industrial Relations,0115-6373,,C,3505
Philippine Review of Economics,1655-1516,,C,3899
Philosophy & Public Affairs,0048-3915,1088-4963,A,3599
Philosophy of Management,1740-3812,2052-9597,B,3507
Philosophy of the Social Sciences,0048-3931,1552-7441,B,3599
Pittsburgh Tax Review,1932-1821,,C,4801
Place Branding and Public Diplomacy,1751-8040,1751-8059,B,3508
Policy and Politics: an international journal,0305-5736,1470-8442,A,3599
Policy and Society,1449-4035,1839-3373,B,3599
Policy Science,0032-2687,1573-0891,B,3599
Policy Studies,0144-2872,1470-1006,B,3599
Policy Studies Journal,0190-292X,1541-0072,B,3599
Political Communication,1058-4609,1091-7675,A,3599
Political Quarterly,,1467-923X,B,3599
Political Science Quarterly,,1538-165X,A,3599
Political Studies,0032-3217,1467-9248,B,3599
"Politicka Ekonomie: teorie, modelovani, aplikace",0032-3233,,B,3801
Politics and Gender,1743-923X,1743-9248,A,3599
Politics and Society,0032-3292,1552-7514,B,3599
"Politics, Philosophy & Economics",1470-594X,1741-3060,B,3899
Population,1634-2941,,B,3599
Population and Development Review,0098-7921,1728-4457,A,3599
Population and Environment,0199-0039,1573-7810,A,3599
Population Bulletin,0032-468X,,C,3599
Population Research and Policy Review,0167-5923,1573-7829,A,3599
Population Studies: a journal of demography,0032-4728,1477-4747,A,3599
"Population, Space and Place",1544-8444,1544-8452,A,3599
Portuguese Economic Journal,1617-982X,1617-9838,C,3801
Post-Communist Economies,1463-1377,1465-3958,B,3801
Post-Soviet Affairs,1060-586X,1938-2855,B,3599
Prague Economic Papers,1210-0455,2336-730X,C,3801
PRism,1448-4404,,B,3506
Probability Theory and Related Fields,0178-8051,1432-2064,A*,4905
Problems of Development / Problemas del Desarrollo,0301-7036,2007-8951,C,3801
Problems of Economic Transition,1061-1991,1557-931X,B,3801
Production and Operations Management,1059-1478,1937-5956,A*,3509
Production Planning and Control,0953-7287,1366-5871,A,3507
Progress in Development Studies,1464-9934,1477-027X,C,3801
Project Leadership & Society,,2666-7215,C,3507
Project Management Journal,8756-9728,1938-9507,B,3507
Prometheus: Critical Studies in Innovation,0810-9028,1470-1030,B,3507
Property Management,0263-7472,1758-731X,B,3504
Psychological Bulletin,0033-2909,1939-1455,A*,3507
Psychological Methods,1082-989X,1939-1463,B,3507
Psychological Research,0340-0727,1430-2772,A,3507
Psychological Review,0033-295X,1939-1471,A*,3507
Psychological Science,0956-7976,1467-9280,A*,3507
Psychology & Marketing,0742-6046,1520-6793,A,3506
Psychology of Women Quarterly,0361-6843,1471-6402,A,3507
Public Administration and Development,0271-2075,1099-162X,A,3599
Public Administration Quarterly,0734-9149,2327-4433,A,3599
Public Administration Review,0033-3352,1540-6210,A,3599
Public Administration: an international journal,0033-3298,1467-9299,A,3599
Public Budgeting & Finance,0275-1100,1540-5850,C,3801
Public Choice,0048-5829,1573-7101,A,3801
Public Finance Analysis / FinanzArchiv,0015-2218,1614-0974,B,3502
Public Finance and Management,1523-9721,,B,3502
Public Finance Review,1091-1421,1552-7530,B,3801
Public Law: the constitutional and administrative law of the Commonwealth,0033-3565,,A,4801
Public Management Review,1471-9037,1471-9045,A,3507
Public Money & Management,0954-0962,1467-9302,A,3507
Public Opinion Quarterly,0033-362X,1537-5331,A,3599
Public Performance & Management Review,1530-9576,1557-9271,B,3507
Public Personnel Management,0091-0260,1945-7421,B,3507
Public Policy and Administration,0952-0767,1749-4192,B,3599
Public Policy Research,1744-5396,,C,3899
Public Relations Inquiry,2046-147X,2046-1488,B,3506
Public Relations Review,0363-8111,1873-4537,A,3506
Publishing Research Quarterly,1053-8801,1936-4792,C,3599
"Q Open: A Journal of Agricultural, Climate, Environmental, Food, Resource, and Rural Development Economics",,2633-9048,C,3801
Qualitative Market Research: an international journal,1352-2752,1758-7646,B,3506
Qualitative Research in Accounting and Management,1176-6093,1758-7654,A,3501
Qualitative Research in Financial Markets,1755-4179,1755-4187,B,3502
Qualitative Research in Organizations and Management,1746-5648,1746-5656,B,3507
Quality & Quantity,0033-5177,1573-7845,B,3599
Quality Management Journal,1068-6967,2575-6222,B,3509
Quality of Life Research,0962-9343,1573-2649,A,3599
Quality Technology and Quantitative Management,,1684-3703,C,3503
Quantitative Economics,1759-7323,1759-7331,A*,3802
Quantitative Finance,1469-7688,1469-7696,A,3502
Quantitative Marketing and Economics,1570-7156,1573-711X,A,3506
Quarterly Journal of Experimental Psychology,1747-0218,1747-0226,A,3507
Quarterly Journal of Finance,2010-1392,2010-1406,A,3502
Quarterly Journal of Finance and Accounting,0747-5535,,B,3501
Quarterly Journal of Political Science,1554-0626,1554-0634,B,3599
Quarterly Review of Economics and Finance,1062-9769,1878-4259,B,3801
Queen Mary Journal of Intellectual Property,2045-9807,2045-9815,B,4801
Quest,0033-6297,1543-2750,C,3504
QUT Law Review,1445-6230,1445-6249,C,4801
R&D Management,0033-6807,1467-9310,A,3507
RAE-Revista de Administracao de Empresas,0034-7590,2178-938X,C,3507
RAND Journal of Economics,0741-6261,1756-2171,A*,3801
Rationality and Society,1043-4631,1461-7358,B,3599
Reading in Political Economy,0305-814X,0079-9874,C,3801
Real Estate Economics,1080-8620,1540-6229,A,3502
Real Estate Law Journal,0048-6868,,C,4801
Real Estate Taxation,1538-3792,,C,4801
"Real Property, Trust and Estate Law Journal",0034-0855,1540-8469,C,4801
Recherches Economiques de Louvain,0770-4518,1782-1495,B,3801
Records Management Journal,0956-5698,,C,4609
Reflets et Perspectives de la Vie Economique,0034-2971,1782-1509,C,3801
Regional Science and Urban Economics,0166-0462,1879-2308,A,3801
Regional Studies,0034-3404,1360-0591,A*,3599
"Regional Studies, Regional Science",,2168-1376,A,3599
Regulation and Governance,,1748-5991,A,4801
Relations Industrielles/Industrial Relations,0034-379X,1703-8138,B,3505
Reliability Engineering & System Safety,0951-8320,1879-0836,A,3505
Renewable and Sustainable Energy Reviews,1364-0321,1879-0690,A,3801
Research Evaluation,0958-2029,1471-5449,C,3507
Research in Consumer Behavior: a research annual,0885-2111,,C,3506
Research in Economics,1090-9443,1090-9451,B,3801
Research in Experimental Economics,0193-2306,1875-7537,B,3801
Research in Finance,0196-3821,0882-3138,C,3502
Research in Financial Services,1052-7788,,C,3502
Research in Hospitality Management,2224-3534,2415-5152,C,3508
Research in International Business and Finance,0275-5319,1878-3384,A,3502
Research in Organizational Behavior,0191-3085,,A,3507
Research in the History of Economic Thought and Methodology,0743-4154,,C,3801
Research in the Sociology of Organizations,0733-558X,,B,3507
Research in Transportation Business & Management,2210-5395,,B,3509
Research in Transportation Economics,0739-8859,1875-7979,B,3509
Research on Professional Responsibility and Ethics in Accounting,1574-0765,,B,3501
Research Policy,0048-7333,1873-7625,A*,3507
Research-Technology Management,0895-6308,1930-0166,B,3507
Resource and Energy Economics,0928-7655,,A,3801
Resources Policy,0301-4207,1873-7641,B,3801
Restitution Law Review,1351-170X,,A,4801
Rethinking Marxism,0893-5696,1475-8059,C,3899
Revenue Law Journal,1034-7747,2202-4859,B,4801
Review of Accounting and Finance,1475-7702,1758-7700,B,3501
Review of Accounting Studies,1380-6653,1573-7136,A*,3501
Review of African Political Economy,0305-6244,1740-1720,C,3801
Review of Asset Pricing Studies,2045-9920,2045-9939,A*,3502
Review of Behavioral Economics,2326-6198,2326-6201,B,3801
Review of Behavioral Finance,1940-5979,1940-5987,B,3502
Review of Corporate Finance,2693-9312,2693-9320,A,3502
Review of Corporate Finance Studies,2046-9128,2046-9136,A*,3502
Review of Derivatives Research,1380-6645,1573-7144,B,3502
Review of Development Economics,1363-6669,1467-9361,A,3801
Review of Economic Analysis,1973-3909,,B,3801
Review of Economic and Business Studies,1843-763X,2068-7249,C,3801
Review of Economic Design,1434-4742,1434-4750,B,3801
Review of Economic Dynamics,1094-2025,1096-6099,A*,3801
Review of Economics (Jahrbuch fur Wirtschaftswissenschaften),,2366-035X,C,3801
Review of Economics and Political Science,2631-3561,,C,3801
Review of Economics of the Household,1569-5239,1573-7152,A,3801
Review of Environmental Economics and Policy,1750-6816,1750-6824,A,3801
Review of Finance,1572-3097,1573-692X,A*,3502
Review of Financial Economics,1058-3300,1873-5924,B,3502
Review of Futures Markets,1933-7116,,B,3502
Review of Income and Wealth,,1475-4991,A,3801
Review of Industrial Organization,0889-938X,1573-7160,A,3801
Review of International Business and Strategy,2059-6014,,B,3507
Review of International Economics,0965-7576,1467-9396,A,3801
Review of International Organizations,1559-7431,1559-744X,C,3507
Review of International Political Economy,0969-2290,1466-4526,A,3801
Review of International Studies,0260-2105,1469-9044,B,3599
Review of Islamic Economics,0962-2055,,C,3801
Review of Keynesian Economics,2049-5323,2049-5331,C,3801
Review of Law & Economics,2194-6000,1555-5879,B,3801
Review of Managerial Science,1863-6691,1863-6683,A,3507
Review of Marketing and Agricultural Economics,0034-6616,,C,3899
Review of Marketing Science,2194-5985,1546-5616,C,3506
Review of Middle East Economics and Finance,1475-3685,1475-3693,C,3801
Review of Pacific Basin Financial Markets and Policies,0219-0915,1793-6705,B,3502
Review of Political Economy,0953-8259,1465-3982,B,3801
Review of Public Personnel Administration,0734-371X,1552-759X,B,3505
Review of Quantitative Finance and Accounting,0924-865X,1573-7179,B,3502
Review of Radical Political Economics,0486-6134,1552-8502,B,3801
Review of Regional Studies,1553-0892,0048-749X,C,3599
Review of Social Economy,0034-6764,1470-1162,B,3801
Review of the Economic Research on Copyright Issues,1698-1359,1698-1367,B,4801
Review of Urban & Regional Development Studies,0917-0553,1467-940X,B,3801
Review of World Economics,1610-2878,1610-2886,B,3801
Review on Economic Cycles,1578-8091,,C,3801
Revista de Economia,0556-5782,2316-9397,C,3803
Revista do CAAP,1415-0344,2238-3840,C,4801
Revue d'Etudes Comparatives Est-Ouest: economies et techniques de planification - droit et sciences sociales,0338-0599,2259-6100,B,3801
Revue de l'OFCE,1265-9576,1777-5647,C,3801
Richmond Journal of Global Law and Business,1933-7000,,C,4801
Rikkyo Economic Review,0035-5356,,C,3801
Risk Management,1460-3799,1743-4637,C,3507
Risk Management and Insurance Review,1098-1616,1540-6296,C,3502
Romanian Economic Business Review,1842-2497,2344-4843,C,3899
Romanian Journal of Economic Forecasting,1582-6163,2537-6071,C,3802
Russian Journal of Economics,2618-7213,2405-4739,C,3801
Rutgers Business Law Review,1937-0563,1937-0571,C,4801
Rutgers Business Review,2474-2376,2474-6509,B,3507
Rutgers Computer and Technology Law Journal,0735-8938,,B,4801
Safety Science,0925-7535,,A,3505
Scandinavian Actuarial Journal,0346-1238,1651-2030,A,3502
Scandinavian Economic History Review,0358-5522,1750-2837,C,3801
Scandinavian Journal of Economics,0347-0520,1467-9442,A,3801
Scandinavian Journal of Hospitality and Tourism,1502-2250,1502-2269,A,3508
Scandinavian Journal of Information Systems,0905-0167,,A,4609
Scandinavian Journal of Management,0956-5221,1873-3387,B,3507
Scandinavian Journal of Statistics,,1467-9469,A,4905
Science & Society,0036-8237,,B,3801
Science and Public Policy,0302-3427,1471-5430,C,3599
Science Communication,1075-5470,1552-8545,A,3599
"Science, Technology and Society",0971-7218,0973-0796,B,4609
"Science, Technology, & Human Values",0162-2439,1552-8251,A,3503
Scientometrics,0138-9130,1588-2861,A,3599
Scottish Journal of Political Economy,0036-9292,1467-9485,A,3801
Security Dialogue,0967-0106,1460-3640,A,3599
Security Studies,0963-6412,1556-1852,B,3599
Selection and Development Review,0963-2638,,C,3505
Seoul Journal of Business,1226-9816,,C,3507
SERIEs: Journal of the Spanish Economic Association,1869-4187,1869-4195,B,3801
Service Business,1862-8516,1862-8508,B,3506
Service Industries Journal,0264-2069,1743-9507,B,3507
Service Science,2164-3970,,B,3507
Services Marketing Quarterly,1533-2969,1533-2977,B,3506
Sex Roles,0360-0025,1573-2762,A,3507
SIAM Journal on Applied Mathematics,0036-1399,1095-712X,A,3502
SIAM Journal on Financial Mathematics,,1945-497X,B,3502
Singapore Academy of Law Journal,0218-2009,,C,4801
Singapore Economic Review,0217-5908,1793-6837,B,3801
Singapore Journal of Legal Studies,0218-2173,,A,4801
Small Business Economics,0921-898X,1573-0913,A,3507
Small Enterprise Research,1321-5906,1175-0979,B,3507
Small Group Research,1046-4964,1552-8278,A,3507
Smart and Sustainable Built Environment,2046-6099,2046-6102,C,3504
Soccer & Society,1466-0970,1743-9590,C,3504
Social and Economic Studies,0037-7651,,C,3801
Social and Environmental Accountability Journal,0969-160X,2156-2245,B,3501
Social Choice and Welfare,0176-1714,1432-217X,A,3801
Social Enterprise Journal,1750-8614,1750-8533,C,3507
Social Forces,0037-7732,1534-7605,A,3507
Social Indicators Research,0303-8300,1573-0921,A,3599
Social Justice Research,0885-7466,1573-6725,B,3599
Social Marketing Quarterly,1524-5004,1539-4093,B,3506
Social Policy & Administration,0144-5596,1467-9515,A,3599
Social Problems,0037-7791,1533-8533,A,3507
Social Psychological and Personality Science,1948-5506,1948-5514,B,3507
Social Responsibility Journal,1747-1117,1758-857X,B,3501
Social Science & Medicine,0277-9536,1873-5347,A,3899
Social Science Information,0539-0184,1461-7412,C,3507
Social Science Japan Journal,1369-1465,1468-2680,C,3599
Social Science Quarterly,0038-4941,1540-6237,B,3599
Social Service Review,0037-7961,1537-5404,B,3507
Society and Business Review,1746-5680,1746-5699,B,3507
Society and Economy in Central and Eastern Europe,1588-9726,1588-970X,C,3801
Socio-Economic Planning Sciences,0038-0121,1873-6041,C,3899
Socio-Economic Review,1475-1461,1475-147X,A,3801
SocioEconomic Challenges,2520-6621,2520-6214,C,3801
Sociological Inquiry,,1475-682X,A,3507
Sociological Methodology,0081-1750,1467-9531,A,3507
Sociological Theory,0735-2751,1467-9558,A,3507
Sociologie du Travail,0038-0296,1777-5701,B,3505
Sociology,0038-0385,1469-8684,A*,3507
Sociology of Sport Journal,0741-1235,1543-2785,A,3504
South African Journal of Accounting Research,1029-1954,,C,3501
South African Journal of Business Management,2078-5585,,C,3507
South African Journal of Economic and Management Sciences,1015-8812,2222-3436,C,3801
South African Journal of Economics,0038-2280,1813-6982,B,3801
South African Statistical Journal,0038-271X,,B,3502
South Asia Economic Journal,1391-5614,0973-077X,C,3801
South Asian Journal of Business and Management Cases,2277-9779,2321-0303,C,3507
South Asian Journal of Business Studies,2398-628X,2398-6298,B,3507
South Asian Journal of Human Resources Management,2322-0937,2349-5790,C,3505
South Asian Journal of Macroeconomics and Public Finance,2277-9787,2321-0273,C,3801
South Asian Journal of Management,0971-5428,,C,3507
South Carolina Journal of International Law and Business,1936-4334,,C,4801
Southern Business and Economic Journal,0735-2476,,C,3801
Southern Economic Journal,0038-4038,2325-8012,A,3801
Spanish Accounting Review / Revista de Contabilidad,1138-4891,,B,3501
Spanish Economic Review,1435-5469,1435-5477,B,3801
Spanish Journal of Finance and Accounting,0210-2412,2332-0753,B,3501
Spanish Journal of Marketing – ESIC,2444-9709,,B,3506
Spanish Review of Financial Economics,2173-1268,,C,3502
Spatial Economic Analysis,1742-1772,1742-1780,B,3801
Sport in Society,1743-0437,1743-0445,B,3504
Sport Management Education Journal,1938-6974,2163-2367,C,3504
Sport Management Review,1441-3523,1839-2083,A,3504
Sport Marketing Quarterly,1061-6934,1557-2528,B,3506
Sport Psychologist,0888-4781,1543-2793,B,3504
"Sport, Business and Management",2042-678X,2042-6798,B,3504
"Sport, Education and Society",1357-3322,1470-1243,B,3504
Sporting Traditions,0813-2577,,C,3504
Sri Lanka Economic Journal,1391-5894,,C,3801
Sri Lankan Journal of Agricultural Economics,1391-7358,,C,3801
Stanford Journal of International Law,0731-5082,,A,4801
"Stanford Journal of Law, Business and Finance",1078-8794,,A,4801
Stanford Social Innovation Review,1542-7099,,B,3507
Statistica Neerlandica,0039-0402,1467-9574,A,4905
Statistica Sinica,1017-0405,,A,4905
Statistical Inference for Stochastic Processes,1387-0874,1572-9311,C,4905
Statistical Journal of the IAOS,1874-7655,1875-9254,C,4905
Statistical Methodology,1572-3127,,C,4905
Statistical Methods and Applications,1618-2510,1613-981X,C,4905
Statistical Methods In Medical Research,0962-2802,1477-0334,B,4905
Statistical Modelling,1471-082X,1477-0342,B,4905
Statistical Papers,0932-5026,1613-9798,B,4905
Statistical Science,0883-4237,,A,4905
Statistics,0233-1888,1029-4910,B,4905
Statistics & Probability Letters,0167-7152,1879-2103,B,4905
Statistics & Risk Modeling,2196-7040,,C,4905
Statistics and Computing,0960-3174,1573-1375,A,4905
Statistics Education Research Journal,1570-1824,,B,4905
Statistics in Medicine,0277-6715,1097-0258,A,4905
Statute Law Review,0144-3593,1464-3863,A,4801
Stochastic Analysis and Applications,0736-2994,1532-9356,B,4905
Stochastic Environmental Research and Risk Assessment,1436-3240,1436-3259,B,4905
Stochastic Models,1532-6349,1532-4214,B,4905
Stochastic Processes and their Applications,0304-4149,1879-209X,A,4905
Stochastics: an international journal of probability and stochastic processes,1744-2508,1744-2516,B,4905
Strategic Change: Briefings in Entrepreurial Finance,1099-1697,,B,3507
Strategic Entrepreneurship Journal,1932-4391,1932-443X,A,3507
Strategic Management Journal,0143-2095,1097-0266,A*,3507
Strategic Organization,1476-1270,1741-315X,A,3507
Strategy & Leadership,1087-8572,1758-9568,C,3507
Strategy Science,2333-2050,2333-2077,A,3507
Stress and Health,1532-3005,1532-2998,A,3507
Structural Change and Economic Dynamics,0954-349X,1873-6017,B,3801
Structural Equation Modelling: A Multidisciplinary Journal,1070-5511,1532-8007,A,3507
Studi Economici e Sociali: rivista di vita economica,0391-8750,,C,3801
Studies in Agricultural Economics,1418-2106,2063-0476,C,3899
Studies in Business and Economics,1842-4120,2344-5416,C,3801
Studies in Comparative International Development,0039-3606,1936-6167,A,3599
Studies in Economics and Finance,1086-7376,1755-6791,B,3801
Studies in Higher Education,0307-5079,1470-174X,A,3505
Studies in Microeconomics,2321-0222,2321-8398,C,3803
Studies in Nonlinear Dynamics & Econometrics,1081-1826,1558-3708,A,3802
Studies in Political Economy: a socialist review,0707-8552,,C,3801
Suffolk University Law Review,0039-4696,,B,4801
Supply Chain Forum: An International Journal,1625-8312,1624-6039,C,3509
Supply Chain Management Review,1521-9747,,B,3509
Supply Chain Management: an international journal,1359-8546,1758-6852,A,3509
Survival,0039-6338,1468-2699,B,3599
"Sustainability Accounting, Management and Policy Journal",2040-8021,,A,3501
Sustainable Development,,1099-1719,C,3899
Sustainable Futures,,2666-1888,C,3507
Swedish Economic Policy Review,1400-1829,,C,3801
Syracuse Journal of International Law and Commerce,0093-0709,,C,4801
System Dynamics Review,,1099-1727,A,3503
Systemic Practice and Action Research,1094-429X,1573-9295,B,3503
Systems Research and Behavioral Science,1092-7026,1099-1743,A,3503
Tarsadalom es Gazdasag,1588-9734,1589-021X,C,3801
Tax Law Review,0040-0041,,A,4801
Tax Notes,2688-6642,,C,4801
Tax Policy Journal,1833-1726,,C,4801
Tax Specialist,1329-1203,,B,4801
Taxation in Australia,0494-8343,,C,4801
Teaching Business and Economics,1367-3289,,C,3801
Team Performance Management,1352-7592,1758-6860,C,3507
Technological Forecasting and Social Change,0040-1625,1873-5509,A,3503
Technological Sustainability,2754-1312,2754-1320,C,3507
Technology Analysis and Strategic Management,0953-7325,1465-3990,B,3507
Technology in Society,0160-791X,1879-3274,C,4609
Technometrics,0040-1706,1537-2723,A,3503
Technovation,0166-4972,1879-2383,A,3507
Telematics and Informatics,0736-5853,1879-324X,C,4609
Teoros: revue de recherche en tourisme,0712-8657,,C,3508
Texas International Law Journal,0163-7479,,A,4801
The Accounting Review,0001-4826,1558-7967,A*,3501
The Adam Smith Review,1743-5285,,B,3899
The American Economic Review,0002-8282,0065-812X,A*,3801
The American Sociologist,0003-1232,1936-4784,B,3599
The American Statistician (AMSTAT),0003-1305,1537-2731,B,4905
"The Annals of Regional Science: international journal of urban, regional and environmental research and policy",0570-1864,1432-0592,B,3801
The Australian Economic Review,0004-9018,1467-8462,B,3801
The Australian Journal of Agricultural and Resource Economics,1364-985X,1467-8489,A,3801
The Baltic Journal of Road and Bridge Engineering,1822-427X,1822-4288,C,3509
The BE Journal of Economic Analysis and Policy,1935-1682,1555-0494,A,3803
The BE Journal of Macroeconomics,1935-1690,,A,3803
The BE Journal of Theoretical Economics,1935-1704,,A,3803
The Bottom Line,0888-045X,2054-1724,C,3503
"The Brooklyn Journal of Corporate, Financial and Commercial Law",1934-2497,,C,4801
The Business Lawyer,0007-6899,,A,4801
The CASE Journal,,1544-9106,C,3507
The China Quarterly,0305-7410,1468-2648,A,3599
The China Review: an interdisciplinary journal on greater China,1680-2012,1015-6607,C,3599
The Chinese Economy: translation and studies,1097-1475,1558-0954,B,3801
The Corporate Governance Law Review,1449-9029,,C,4801
The Economic and Labour Relations Review,1035-3046,,B,3801
The Economic History Review: a journal of economic and social history,0013-0117,1468-0289,A*,3801
The Economic Journal,0013-0133,1468-0297,A*,3801
The Economic Record,0013-0249,1475-4932,A,3801
The Electronic Journal of Statistics,1935-7524,,A,4905
The European Accounting Review,0963-8180,1468-4497,A*,3501
The European Journal of Finance,1351-847X,1466-4364,A,3502
The Florida Tax Review,1066-3487,,A,4801
The Geneva Papers on Risk and Insurance - Issues and Practice,1018-5895,1468-0440,B,3502
The Geneva Risk and Insurance Review,1554-964X,1554-9658,B,3502
The Independent Review: a journal of political economy,1086-1653,,C,3801
The Indonesian Journal of Accounting Research,2086-6887,2655-1748,C,3501
The Information Society,0197-2243,1087-6537,A,4609
The International Journal of Accounting,1094-4060,2213-3933,A,3501
The International Journal of Comparative Labour Law and Industrial Relations,0952-617X,1875-838X,B,4801
The International Journal of Digital Accounting Research,1577-8517,,B,3501
"The International Journal of Environmental, Cultural, Economic and Social Sustainability: Annual Review",1832-2077,,C,3507
The International Journal of Logistics Management,0957-4093,1758-6550,A,3509
The International Journal of Management Education,1472-8117,,B,3507
The IUP Journal of Agricultural Economics,0973-2276,,C,3899
The IUP Journal of Applied Economics (previously ICFAI),0972-6861,,C,3801
The IUP Journal of Applied Finance,0972-5105,,C,3502
The IUP Journal of Managerial Economics,0972-9305,,C,3899
The IUP Journal of Monetary Economics (previously ICFAI),0972-9291,,C,3801
The IUP Journal of Public Finance,0972-9356,,C,3801
The Japanese Political Economy,2329-194X,2329-1958,B,3801
The Journal of Alternative Investments,1520-3255,,B,3502
The Journal of Applied Behavioral Science,0021-8863,1552-6879,B,3507
The Journal of Asset Management,1470-8272,1479-179X,B,3502
The Journal of Derivatives,1074-1240,,A,3502
The Journal of Development Effectiveness,1943-9342,1943-9407,C,3801
The Journal of Econometric Study of Northeast Asia (JESNA),1880-6988,,C,3802
The Journal of Economic Asymmetries,1703-4949,,B,3801
The Journal of Economic Education,0022-0485,2152-4068,B,3801
The Journal of Economic History,0022-0507,1471-6372,A*,3801
The Journal of Economic Inequality,1569-1721,1573-8701,A,3801
The Journal of Finance,0022-1082,1540-6261,A*,3502
The Journal of Finance and Data Science,2405-9188,,B,3502
The Journal of Fixed Income,1059-8596,,A,3502
The Journal of Futures Markets,0270-7314,1096-9934,A,3502
The Journal of Gambling Business and Economics,1751-7990,1751-8008,B,3801
Journal of Hospitality & Tourism Cases,2164-9987,,C,3508
The Journal of Industrial Economics,0022-1821,1467-6451,A*,3801
The Journal of International Maritime Law,1478-8586,,C,4801
The Journal of International Trade and Economic Development: an international and comparative review,0963-8199,1469-9559,B,3801
The Journal of Law and Economics,0022-2186,1537-5285,A*,3801
The Journal of Pacific Studies,1011-3029,,C,3899
The Journal of Portfolio Management,0095-4918,,A,3502
The Journal of Prediction Markets,1750-676X,,B,3801
The Journal of Private Equity,1096-5572,,C,3502
The Journal of Risk Finance,1526-5943,,B,3502
The Journal of Risk Model Validation,1753-9579,1753-9587,C,3502
The Journal of Structured Finance,1551-9783,,C,3502
The Journal of Trading,1559-3967,,C,3502
The Journal of Wealth Management,1534-7524,,B,3502
The Journal of World Intellectual Property,1422-2213,1747-1796,C,4801
The Leadership Quarterly,1048-9843,1873-3409,A*,3507
The Learning Organization,0969-6474,1758-7905,C,3507
The Milbank Quarterly,0887-378X,1468-0009,B,3599
The Modern Law Review,0026-7961,1468-2230,A*,4801
The North American Journal of Economics and Finance,1062-9408,1879-0860,B,3801
The Pacific Review,0951-2748,1470-1332,A,3599
The Quarterly Journal of Austrian Economics,1098-3708,1936-4806,C,3801
The Quarterly Journal of Economics,0033-5533,1531-4650,A*,3801
The Review of Austrian Economics,0889-3047,1573-7128,C,3801
The Review of Black Political Economy,0034-6446,1936-4814,C,3801
The Review of Economic Studies,0034-6527,1467-937X,A*,3801
The Review of Economics and Statistics,0034-6535,1530-9142,A*,3801
The Review of Financial Studies,0893-9454,1465-7368,A*,3502
The Review of Network Economics,1446-9022,,B,3801
The Social Science Journal,0362-3319,1873-5355,C,3599
The Sociological Review,0038-0261,1467-954X,A,3507
The Sydney Law Review,0082-0512,,A*,4801
The Tax Lawyer,0040-005X,,B,4801
The TQM Journal,1754-2731,1754-274X,B,3507
The UNE Law Journal,1449-2199,,C,4801
The World Bank Economic Review,0258-6770,1564-698X,A,3801
The World Economy,0378-5920,1467-9701,A,3801
The Yale Law Journal,0044-0094,1939-8611,A*,4801
Theoretical and Applied Economics,1841-8678,1844-0029,C,3803
Theoretical Economics,1933-6837,1555-7561,A*,3803
Theory and Decision: an international journal for multidisciplinary advances in decision sciences,0040-5833,1573-7187,A,3803
Theory of Probability and its Applications,0040-585X,1095-7219,A,4905
Third Sector Review,1323-9163,1839-5937,C,3507
Third World Quarterly,0143-6597,1360-2241,A,3599
Thunderbird International Business Review,1096-4762,1520-6874,B,3507
Tijdschrift voor Economische en Sociale Geografie,,1467-9663,B,3801
Time and Society,0961-463X,1461-7463,B,3507
Tobacco Control,0964-4563,1468-3318,B,3506
TOP - Transactions in Operations Research,1134-5764,1863-8279,B,3599
Tort Law Review,1039-3285,,A,4801
Torts Law Journal,1038-5967,,A,4801
Total Quality Management and Business Excellence,1478-3363,1478-3371,C,3507
Tourism & Management Studies,2182-8458,2182-8466,C,3508
Tourism Analysis,1083-5423,1943-3999,A,3508
Tourism and Hospitality Management,1330-7533,1847-3377,C,3508
Tourism and Hospitality Research,1467-3584,1742-9692,B,3508
Tourism Economics,1354-8166,2044-0375,A,3508
Tourism Geographies,1461-6688,1470-1340,A,3508
Tourism in Marine Environments,1544-273X,2169-0197,C,3508
Tourism Management,0261-5177,1879-3193,A*,3508
Tourism Management Perspectives,2211-9736,,A*,3508
Tourism Planning & Development,2156-8316,2156-8324,A,3508
Tourism Recreation Research,0250-8281,2320-0308,A,3508
Tourism Review,1660-5373,1759-8451,A,3508
Tourism Review International,1544-2721,1943-4421,C,3508
"Tourism, Culture and Communication",1098-304X,1943-4146,C,3508
Tourism: An International Interdisciplinary Journal,1332-7461,1849-1545,B,3508
Tourist Studies,1468-7976,1741-3206,B,3508
Transfer: European review of labour and research,1024-2589,1996-7284,C,3505
Transformations in Business and Economics,1648-4460,,C,3801
"Transforming Government: People, Process and Policy",1750-6166,1750-6174,B,4609
Transnational Corporations Review,1918-6444,1925-2099,C,3801
Transport Policy,0967-070X,1879-310X,A,3509
Transport Reviews,0144-1647,1464-5327,A,3509
Transportation,0049-4488,1572-9435,A,3509
Transportation Journal,0041-1612,2157-328X,B,3509
Transportation Letters,1942-7867,1942-7875,B,3509
Transportation Planning and Technology,0308-1060,1029-0354,B,3509
Transportation Research Part A: Policy and Practice,0965-8564,1879-2375,A*,3509
Transportation Research Part B: Methodological,0191-2615,1879-2367,A*,3509
Transportation Research Part C: Emerging Technologies,0968-090X,1879-2359,A*,3509
Transportation Research Part D: Transport and Environment,1361-9209,1879-2340,A,3509
Transportation Research Part E: Logistics and Transportation Review,1366-5545,1878-5794,A*,3509
Transportation Research Part F: Traffic Psychology and Behaviour,1369-8478,1873-5517,A,3509
Transportation Research Record,0361-1981,2169-4052,B,3509
Transportation Science,0041-1655,1526-5447,A*,3509
Transportmetrica A: Transport Science,2324-9935,2324-9943,B,3509
Transportmetrica B: Transport Dynamics,2168-0566,2168-0582,B,3509
Travel Behaviour and Society,2214-367X,,A,3509
Tulane Maritime Law Journal,1048-3748,,A,4801
UBC Law Review,0068-1849,,B,4801
UCLA Pacific Basin Law Journal,0884-0768,,B,4801
University of Chicago Law Review,0041-9494,1939-859X,A*,4801
University of Miami Business Law Review,1047-2819,,C,4801
University of New South Wales Law Journal,0313-0096,,A,4801
University of Pennsylvania Journal of Business Law,1940-8064,,C,4801
University of Queensland Law Journal,0083-4041,,B,4801
University of San Francisco Maritime Law Journal,1061-3331,,B,4801
University of Tasmania Law Review,0082-2108,,B,4801
University of Toronto Law Journal,0042-0220,1710-1174,A,4801
University of Western Australia Law Review,0042-0328,,B,4801
University of Western Sydney Law Review,1446-9294,,C,4801
UNLV Gaming Research and Review Journal,1535-7589,,B,3504
Urban Affairs Review,1078-0874,1552-8332,B,3599
Urban Studies: an international journal for research in urban studies,0042-0980,1360-063X,A*,3599
US Bureau of Labor Statistics: Monthly Labor Review,0098-1818,1937-4658,B,3599
Value in Health,1098-3015,,A,3899
Vanderbilt Journal of Transnational Law,0090-2594,,B,4801
Variance: advancing the science of risk,1940-6444,1940-6452,C,3502
Venture Capital,1369-1066,1464-5343,B,3502
Victoria University of Wellington Law Review,1171-042X,,B,4801
Vietnam's Socio-Economic Development,0868-359X,,C,3801
Villanova Journal of Law and Investment Management,1523-5513,,C,4801
Vindobona Journal of International Commercial Law and Arbitration,1439-9741,,C,4801
VINE Journal of Information and Knowledge Management Systems,2059-5891,,B,4609
Virginia Tax Review,0735-9004,,A,4801
Vision: The Journal of Business Perspectives,0972-2629,2249-5304,C,3507
Visitor Studies,1064-5578,1934-7715,A,3508
Voluntas: International Journal of Voluntary and Non-Profit Organizations,0957-8765,1573-7888,B,3507
Waikato Law Review,1172-9597,,C,4801
Washington International Law Journal,1066-8632,,B,4801
"Washington Journal of Law, Technology & Arts",1547-0695,2157-2534,C,4801
Water Resources Research,0043-1397,1944-7973,A,3599
West European Politics,0140-2382,1743-9655,B,3599
Western Australian Law Teachers' Review,2653-7710,,C,4801
Western Economics Forum,1550-4980,,C,3801
Western Journal of Communication,1057-0314,1745-1027,C,3599
"Work & Stress: An international Journal of Work, Health and Organisations",0267-8373,1464-5335,A,3505
Work and Occupations,0730-8884,1552-8464,A,3505
"Work, Aging and Retirement",2054-4642,2054-4650,B,3505
"Work, Employment and Society",0950-0170,1469-8722,A,3505
World Bank Research Observer,0257-3032,1564-6971,B,3801
World Competition Law and Economics Review,1011-4548,1875-8436,C,4801
World Development,0305-750X,1873-5991,A*,3801
World Economics,1468-1838,1474-3884,B,3801
World Journal of Management and Economics,1819-8643,1998-1392,C,3801
World Journal of VAT/GST,2048-8432,2048-8440,C,4801
World Leisure Journal,1607-8055,2333-4509,B,3504
World Politics,0043-8871,1086-3338,A,3599
"World Review of Science, Technology and Sustainable Development",1741-2242,1741-2234,C,3599
World Tax Journal,1878-4917,,B,4801
World Trade Review,1474-7456,1475-3138,C,3801
Worldwide Hospitality and Tourism Themes,1755-4217,1755-4225,C,3508
Written Communication,0741-0883,1552-8472,B,3507
Yale Journal on Regulation,0741-9457,,B,4801
Young Consumers,1747-3616,1758-7212,B,3506
Zagreb International Review of Economics and Business,1331-5609,1849-1162,C,3801
