issn,eissn,tittel,anslag
1775-3546,, Communication & Organisation,lav
2718-3734,, ST-OPEN,lav
2214-4609,,24th European Meeting of Environmental and Engineering Geophysics,lav
,2813-0103,2813-0103,lav
1619-4500,1614-2411,4OR,lav
2412-5105,,"A3Manos. Revista de La Universidad Cubanna de Diseno ISDI, Instituto Superior de Diseno, Universidad de La Habana. Cuba",lav
0858-0855,2730-3543,ABAC Journal,lav
0001-3072,1467-6281,Abacus. A Journal of Accounting and Business Studies,lav
0970-2385,2583-1445,Abhigyan,lav
1012-8255,,Academia : Revista Latinoamericana de Administración,lav
1855-3303,2335-4194,Academica Turistica - Tourism and Innovation Journal,lav
,2151-6561,Academy of Management  Proceedings,lav
,2168-1007,Academy of Management Discoveries,3
2638-4892,,Academy of Management Global Proceedings,lav
0001-4273,1948-0989,Academy of Management Journal,topp
1537-260X,1944-9585,Academy of Management Learning & Education,topp
1558-9080,1943-4529,Academy of Management Perspectives,3
0363-7425,1930-3807,Academy of Management Review,topp
1095-6298,1528-2678,Academy of Marketing Studies Journal (AMSJ),lav
0001-4575,1879-2057,Accident Analysis and Prevention,topp
0001-4788,2159-4260,Accounting and Business Research,3
0810-5391,1467-629X,Accounting and Finance,lav
,1530-9320,Accounting and the Public Interest,lav
0963-9284,1468-4489,Accounting Education,lav
0155-9982,1467-6303,Accounting Forum,lav
0888-7993,1558-7975,Accounting Horizons,3
1744-9480,1744-9499,Accounting in Europe,lav
1030-9616,1839-5465,Accounting Research Journal,lav
0001-4826,1558-7967,Accounting Review,topp
1368-0668,1758-4205,"Accounting, Auditing & Accountability Journal",3
2194-6051,2152-2820,"Accounting, Economics, and Law – A Convivium",lav
0361-3682,1873-6289,"Accounting, Organizations and Society",topp
0360-0300,1557-7341,ACM Computing Surveys,lav
2375-4699,2375-4702,ACM Transactions on Asian and Low-Resource Language Information Processing (TALLIP),lav
,1946-6226,ACM Transactions on Computing Education,lav
2691-1957,2637-8051,ACM Transactions on Computing for Healthcare (HEALTH),lav
2157-6904,2157-6912,ACM Transactions on Intelligent Systems and Technology (TIST),lav
2158-656X,2158-6578,ACM Transactions on Management Information Systems (TMIS),lav
0098-3500,1557-7295,ACM Transactions on Mathematical Software,lav
1551-6857,1551-6865,"ACM Transactions on Multimedia Computing, Communications, and Applications (TOMCCAP)",lav
1550-4867,1550-4859,ACM transactions on sensor networks,lav
1049-331X,1557-7392,ACM Transactions on Software Engineering and Methodology,lav
1559-1131,1559-114X,ACM Transactions on the Web,lav
,1530-2180,ACM Ubiquity,lav
0065-0897,,Acta Academiae Regiae Gustavi Adolphi,lav
0094-5765,1879-2030,Acta Astronautica,lav
0800-3831,1503-111X,Acta Borealia,lav
,2535-8219,Acta Didactica Norden (ADNO),lav
,1504-9922,Acta Didactica Norge,lav
0567-7572,2406-6168,Acta Horticulturae,lav
0001-6349,1600-0412,Acta Obstetricia et Gynecologica Scandinavica,lav
1691-6077,,Acta Prosperitatis,lav
0001-6918,1873-6297,Acta Psychologica,lav
0001-6993,1502-3869,Acta Sociologica,lav
2065-5924,2066-7779,"Acta Universitatis Sapientiae, Film and Media Studies",lav
1476-7333,1476-7341,Action Learning: Research and Practice,lav
1476-7503,1741-2617,Action research,lav
1469-7874,1741-2625,Active Learning in Higher Education,lav
1570-8705,1570-8713,Ad hoc networks,lav
0965-2140,1360-0443,Addiction,lav
0095-3997,1552-3039,Administration & Society,lav
0001-8392,1930-3815,Administrative Science Quarterly,topp
,2076-3387,Administrative Sciences,lav
1550-445X,,Advanced Information Networking and Applications,lav
2162-7568,,Advanced Robotics and its Social Impacts (ARSO),lav
,2666-7924,Advances in Applied Energy,lav
0001-8678,1475-6064,Advances in Applied Probability,3
0219-5259,,Advances in Complex Systems,lav
0098-9258,,Advances in Consumer Research,lav
2090-3359,2090-3367,Advances in Decision Sciences,lav
,2668-5256,Advances in Education Sciences,lav
0731-2199,,Advances in Health Economics and Health Services Research,lav
1745-3542,,Advances in Hospitality And Leisure,lav
2194-5357,2194-5365,Advances in Intelligent Systems and Computing,lav
2162-531X,2162-5328,Advances in Materials Physics and Chemistry,lav
0001-8708,1090-2082,Advances in Mathematics,lav
1479-361X,2051-3178,Advances in Mergers and Acquisitions,lav
2515-2459,2515-2467,Advances in Methods and Practices in Psychological Science (AMPPS),lav
2215-0919,2215-0927,Advances in Motivation Science,lav
1687-9147,1687-9155,Advances in Operations Research,lav
2164-0386,2164-0408,Advances in Physical Education,lav
2398-3914,2398-3922,Advances in Public Relations and Communication Management,lav
2160-0368,,Advances in Pure Mathematics,lav
1527-7941,1538-8654,Advances in Skin & Wound Care,lav
0273-1177,1879-1948,Advances in Space Research,lav
0741-238X,1865-8652,Advances in Therapy,lav
2574-0768,2574-0776,AEA Papers and Proceedings,lav
2662-2041,2662-205X,Affective Science,lav
2332-2373,2332-2381,Africa Journal of Management (AJOM),lav
1993-3738,,African Journal of Agricultural and Resource Economics,lav
,1991-637X,African Journal of Agricultural Research,lav
0976-3600,,African Journal of Business Ethics,lav
2040-0705,2040-0713,African Journal of Economic and Management Studies,lav
1012-9405,2190-7668,Afrika Matematika,lav
0804-3116,0807-2027,Aftenposten (morgenutg. : trykt utg.),lav
,1522-936X,Agbioforum,lav
1360-7863,1364-6915,Aging & Mental Health,lav
1380-6319,,Agora,lav
0800-7136,1500-1571,Agora Journal for metafysisk spekulasjon,lav
0742-4477,1520-6297,Agribusiness,lav
,2193-7532,Agricultural and Food Economics,lav
1459-6067,1795-1895,Agricultural and Food Science,lav
0168-1923,1873-2240,Agricultural and Forest Meteorology,lav
1068-2805,2372-2614,Agricultural and Resource Economics Review (ARER),lav
0169-5150,1574-0862,Agricultural Economics,lav
0308-521X,1873-2267,Agricultural Systems,lav
,2077-0472,Agriculture,lav
0929-1393,1873-0272,"Agriculture, Ecosystems & Environment. Applied Soil Ecology",lav
,1804-1930,AGRIS on-line Papers in Economics and Informatics,lav
,2073-4395,Agronomy,lav
,2673-2688,AI,lav
0951-5666,1435-5655,"AI & Society: Knowledge, Culture and Communication",lav
2730-5953,2730-5961,AI and Ethics,lav
,2473-6988,AIMS Mathematics,lav
0094-243X,1551-7616,AIP Conference Proceedings,lav
,1944-3900,AIS Transactions on Human-Computer Interaction,lav
1449-8618,1326-2238,AJIS. Australasian Journal of Information Systems,lav
,1904-0008,Akademisk Kvarter,lav
0741-8329,1873-6823,Alcohol,lav
0735-0414,1464-3502,Alcohol and Alcoholism,lav
1386-923X,1572-9079,Algebras and Representation Theory,lav
0178-4617,1432-0541,Algorithmica,lav
,1999-4893,Algorithms,lav
,2036-5195,"Almatourism - Journal of Tourism, Culture and Territorial Development",lav
1664-2201,1664-221X,Alpine Botany,lav
0044-7447,1654-7209,Ambio,lav
0002-7642,1552-3381,American Behavioral Scientist,lav
1945-7782,1945-7790,American economic journal. Applied economics,topp
1945-7731,1945-774X,American Economic Journal: Economic Policy,topp
1945-7707,1945-7715,American Economic Journal: Macroeconomics,topp
1945-7669,1945-7685,American Economic Journal: Microeconomics,3
2640-205X,2640-2068,American Economic Review: Insights (AER),topp
0002-9092,1467-8276,American Journal of Agricultural Economics,3
0002-9262,1476-6256,American Journal of Epidemiology,lav
2332-3493,2332-3507,American Journal of Health Economics,3
2165-7998,,American Journal of Management,lav
0092-5853,1540-5907,American Journal of Political Science (AJPS),topp
0002-9637,1476-1645,American Journal of Tropical Medicine and Hygiene,lav
0003-0554,1537-5943,American Political Science Review,topp
0003-066X,1935-990X,American Psychologist,3
0275-0740,1552-3357,American Review of Public Administration,lav
,2215-0390,Ampersand,lav
2398-9467,2398-9467,AMPS Proceedings Series,lav
1869-814X,1869-8182,AMS Review,lav
2213-6657,2213-6665,Analytic Methods in Accident Research,lav
1303-2917,2156-6909,Anatolia: An International Journal of Tourism and Hospitality Research,lav
0246-0203,1778-7017,Annales de l'I.H.P. Probabilites et statistiques,lav
0003-455X,1797-2450,Annales Zoologici Fennici,lav
1932-6157,1941-7330,Annals of Applied Statistics,3
2381-6732,,Annals of Corporate Governance,lav
1529-7373,,Annals of Economics and Finance,lav
1614-2446,1614-2454,Annals of Finance,lav
1174-5398,2159-6816,Annals of Leisure Research,lav
0785-3890,1365-2060,Annals of Medicine,lav
0003-4878,1475-3162,Annals of Occupational Hygiene,lav
0254-5330,1572-9338,Annals of Operations Research,lav
1370-4788,1467-8292,Annals of Public and Cooperative Economics,lav
0003-3790,1464-505X,Annals of Science,lav
0090-5364,2168-8966,Annals of Statistics,3
0160-7383,1873-7722,Annals of Tourism Research,topp
,2666-9579,Annals of Tourism Research Empirical Insights,lav
2398-7308,2398-7316,Annals of Work Exposures and Health,lav
0995-3817,2647-8145,Annuaire International de Justice Constitutionnelle,lav
2309-0979,2789-0015,Annual Conference of the International Group for Lean Construction,lav
1543-5938,1545-2050,Annual Review Environment and Resources,lav
1941-1383,1941-1391,Annual Review of Economics,topp
1941-1367,1941-1375,Annual Review of Financial Economics,lav
2327-0608,2327-0616,Annual Review of Organizational Psychology and Organizational Behavior,topp
0066-4308,1545-2085,Annual Review of Psychology,topp
1941-1340,1941-1359,Annual Review of Resource Economics,lav
,2079-6382,Antibiotics,lav
1838-0379,,ANU Centre for European Studies Briefing Paper Series,lav
0195-6663,1095-8304,Appetite,3
0862-7940,1572-9109,Applications of Mathematics,lav
0888-4080,1099-0720,Applied Cognitive Psychology,lav
2040-5790,2040-5804,Applied Economic Perspectives and Policy,lav
0003-6846,1466-4283,Applied Economics,lav
2332-7294,2332-7308,Applied Economics and Finance,lav
1350-4851,1466-4291,Applied Economics Letters,lav
0306-2619,1872-9118,Applied Energy,3
0003-6870,1872-9126,Applied Ergonomics,lav
0143-6228,1873-7730,Applied Geography,lav
,2771-0718,Applied Human Factors and Ergonomics International (AHFE International),lav
0924-669X,1573-7497,Applied Intelligence - The International Journal of Research on Intelligent Systems for Real Life Complex Problems,lav
0142-6001,1477-450X,Applied Linguistics,lav
2054-7544,2054-7552,Applied Marketing Analytics,lav
0095-4616,1432-0606,Applied Mathematics and Optimization,lav
1916-9639,1916-9647,Applied Physics Research,lav
0269-994X,1464-0597,Applied Psychology,lav
,2076-3417,Applied Sciences,lav
1568-4946,1872-9681,Applied Soft Computing,lav
,2571-5577,Applied System Innovation,lav
1789-221X,1789-7874,APSTRACT: Applied Studies In Agribusiness And Commerce,lav
,1554-5814,AQAL Journal of Intergral Theory and Practice,lav
0044-8486,1873-5622,Aquaculture,lav
1365-7305,1551-8663,Aquaculture Economics & Management,lav
1869-215X,1869-7534,Aquaculture Environment Interactions,lav
0967-6120,1573-143X,Aquaculture International,lav
1353-5773,1365-2095,Aquaculture Nutrition,lav
,2352-5134,Aquaculture Reports,lav
1355-557X,1365-2109,Aquaculture Research,lav
0990-7440,1765-2952,Aquatic Living Resources,lav
0167-5427,1996-7292,Aquatic Mammals,lav
0801-7778,2387-5879,Arbeiderhistorie,lav
1503-5883,1504-3088,Arbeidsrett,lav
,2002-343X,Arbetsmarknad & Arbetsliv,lav
2342-3064,,Arcada Working Papers,lav
,1643-8698,Archives of Budo,lav
,2054-7404,Archives of Business Research,lav
0778-7367,2049-3258,Archives of Public Health,lav
0004-0002,1573-2800,Archives of Sexual Behavior,lav
0066-6939,1933-8139,Arctic Anthropology,lav
1891-6252,2387-4562,Arctic Review on Law and Politics,lav
0004-0843,1923-1245,Arctic: Journal of the Arctic Institute of North America,lav
2379-2949,2379-2957,Area Development and Policy (ADP),lav
,1565-8961,Argumentation et Analyse du Discours,lav
2704-0925,,Arkitektur,lav
0095-327X,1556-0848,Armed forces and society,lav
0802-7005,,Arr - Idéhistorisk tidsskrift,lav
,2590-0056,Array,lav
0933-3657,1873-2860,Artificial Intelligence in Medicine,lav
0269-2821,1573-7462,Artificial Intelligence Review,lav
,2164-7747,Artivate: A Journal of Entrepreneurship in the Arts,lav
1753-3015,1753-3023,Arts and Health,lav
,2151-6200,Arts and Social Sciences Journal,lav
2331-8422,,arXiv.org,lav
,2332-9025,ASCE-ASME J of Risk & Uncertainty in Engineering SystemsPart B: Mechanical Engineering,lav
1360-2381,1743-792X,Asia Pacific Business Review,lav
2071-1395,2398-7812,Asia Pacific Journal of Innovation and Entrepreneurship (APJIE),lav
0217-4561,1572-9958,Asia Pacific Journal of Management,lav
1355-5855,1758-4248,Asia Pacific Journal of Marketing and Logistics,lav
1608-1625,2164-2257,Asia-Pacific Journal of Accounting and Economics,lav
1472-4782,1476-9328,Asian Business & Management,lav
0116-1105,1996-7241,Asian Development Review,lav
1535-3516,1536-0083,Asian Economic Papers,lav
2752-7263,2752-7271,Asian Journal for Mathematics Education (AJME),lav
,2667-2391,Asian Journal of Sport and Exercise Psychology (AJSEP),lav
2769-0148,2769-0156,Asian Journal of Sport History & Culture (AJH&C),lav
2350-0964,2349-0659,Asian Pacific Journal of Health Sciences (APJHS),lav
1943-0779,1943-0787,Asian Politics & Policy,lav
0004-4687,1533-838X,Asian Survey,lav
0260-2938,1469-297X,Assessment & Evaluation in Higher Education,lav
0736-587X,,Association for Computational Linguistics (ACL). Annual Meeting Conference Proceedings,lav
1863-8171,1863-818X,AStA Advances in Statistical Analysis,lav
2407-9898,2241-7958,Athens Journal of Education (AJE),lav
0197-4254,1573-9678,Atlantic Economic Journal,lav
1680-7316,1680-7324,Atmospheric Chemistry and Physics (ACP),lav
1352-2310,1873-2844,Atmospheric Environment,lav
1943-3921,1943-393X,"Attention, Perception & Psychophysics",lav
0278-0380,1558-7991,Auditing: A journal of Practice and Theory (AJPT),3
1441-3582,1839-3349,Australasian Marketing Journal,lav
1035-6908,1835-2561,Australian Accounting Review (AAR),lav
1036-7314,1878-1721,Australian Critical Care,lav
0004-9018,1467-8462,Australian Economic Review,lav
1364-985X,1467-8489,Australian Journal of Agricultural and Resource Economics,lav
0004-9530,1742-9536,Australian Journal of Psychology,lav
0313-6647,1467-8500,Australian Journal of Public Administration,lav
0313-5373,1835-517X,Australian Journal of Teacher Education,lav
0729-3682,2150-6841,Australian Planner,lav
2588-2953,2588-2961,AUT Journal of Modeling and Simulation,lav
0928-8910,1573-7535,Automated Software Engineering : An International Journal,lav
0005-1098,1873-2836,Automatica,lav
0005-1179,1608-3032,Automation and remote control,lav
1387-2532,1573-7454,Autonomous Agents and Multi-Agent Systems,lav
2415-9484,3004-202X,Autonómia és Felelősség: Neveléstudományi Folyóirat,lav
2528-9845,,Ayd?n ?ktisat Fakültesi Dergisi,lav
1406-099X,,Baltic Journal of Economics,lav
1746-5265,1746-5273,Baltic Journal of Management,lav
1795-5076,1459-9759,Baltic Rim Economies,lav
0390-9522,2499-1007,BANCA BORSA TITOLI DI CREDITO,lav
1120-9453,2612-2278,Banca Impresa Società,lav
1816-7403,1991-7074,Banks and Bank Systems,lav
,1807-7692,BAR : Brazilian Administration Review,lav
1575-0825,2172-3184,Barataria. Revista Castellano-Manchega de Ciencias Sociales,lav
,2324-0652,Barents Studies,lav
,2313-0105,Batteries,lav
1554-351X,1554-3528,Behavior Research Methods,lav
0140-525X,1469-1825,Behavioral and Brain Sciences,lav
0340-5443,1432-0762,Behavioral Ecology and Sociobiology,lav
1050-4753,1558-8009,Behavioral Research in Accounting,lav
,2076-328X,Behavioral Sciences,lav
1943-4472,1943-4480,Behavioral Sciences of Terrorism and Political Aggression,lav
0385-7417,1349-6964,Behaviormetrika,lav
0144-929X,1362-3001,Behaviour and Information Technology,3
0376-6357,1872-8308,Behavioural Processes,lav
2398-063X,2398-0648,Behavioural Public Policy,lav
2590-2547,2590-2539,Beijing International Review of Education,lav
1463-5771,1758-4094,Benchmarking : An International Journal,lav
2754-7833,,Bereavement - Journal of grief and responses to death,lav
,1892-2449,Bergen Language and Linguistics Studies (BeLLS),lav
0801-3322,1504-3134,Beta – Scandinavian Journal of Business Research,lav
0340-5370,,BFuP. Betriebswirtschaftliche Forschung und Praxis,lav
1893-3092,,BI Marketing Magazine,lav
,2053-9517,Big Data & Society (BD&S),lav
2280-6180,2280-6172,Bio-based and Applied Economics,lav
,1756-0381,BioData Mining,lav
0006-3207,1873-2917,Biological Conservation,lav
0961-9534,1873-2909,Biomass & Bioenergy,lav
0323-3847,1521-4036,Biometrical Journal,lav
2366-0112,2366-0120,Biophysical Economics and Sustainability,lav
,2378-1394,BioProducts Business,lav
1501-0201,1890-1743,Bistandsaktuelt,lav
1507-1383,,Biuletyn polskiego towarzystwa ekonomicznego,lav
2096-7209,2666-9536,Blockchain: Research and Applications,lav
,1471-2407,BMC Cancer,lav
,1472-6963,BMC Health Services Research,lav
,1472-6920,BMC Medical Education,lav
,1472-6939,BMC Medical Ethics,lav
,1472-6947,BMC Medical Informatics and Decision Making,lav
,1471-2288,BMC Medical Research Methodology,lav
,1472-6955,BMC Nursing,lav
,1471-2431,BMC Pediatrics,lav
,1471-244X,BMC Psychiatry,lav
,2050-7283,BMC Psychology,lav
,1471-2458,BMC Public Health,lav
,1471-2490,BMC Urology,lav
2515-446X,2515-4478,BMJ Evidence-Based Medicine,lav
,2059-7908,BMJ Global Health,lav
2055-8074,2055-642X,BMJ Innovations,lav
,2516-5542,"BMJ Nutrition, Prevention and Health",lav
,2044-6055,BMJ Open,lav
2044-5415,2044-5423,BMJ Quality and Safety,lav
1740-1445,1873-6807,Body image,lav
2046-4436,2046-4444,Border Crossing,lav
0889-1591,1090-2139,"Brain, Behavior, and Immunity",lav
2177-5184,,Brazilian Journal of Marketing,lav
1679-8171,2237-8960,Brazilian Journal of Operations & Production Management (BJO&PM),lav
2175-3369,,Brazilian Journal of Urban Management,lav
2596-1934,,Brazilian Journals of Business,lav
1810-6838,2073-4735,Breathe,lav
1467-5463,1477-4054,Briefings in Bioinformatics,lav
0007-070X,1758-4108,British Food Journal,lav
0007-0955,1464-3529,British Journal of Criminology,lav
,2398-3795,British Journal of General Practice Open,lav
0306-9885,1469-3534,British Journal of Guidance and Counselling,lav
1359-107X,2044-8287,British Journal of Health Psychology,lav
0007-1080,1467-8543,British Journal of Industrial Relations,3
1045-3172,1467-8551,British Journal of Management,topp
0007-1234,1469-2112,British Journal of Political Science,3
0007-1269,2044-8295,British Journal of Psychology,lav
0144-6665,2044-8309,British Journal of Social Psychology,3
0306-3674,1473-0480,British Journal of Sports Medicine,lav
0007-1870,,British Tax Review,lav
2340-9436,2340-9444,BRQ Business Research Quarterly,lav
0360-1323,1873-684X,Building and Environment,lav
0961-3218,1466-4321,Building Research & Information,3
,2522-2708,Building Simulation Conference Proceedings,lav
2117-0908,,Bulletin de l'Observatoire des politiques économiques en Europe,lav
0307-3378,1467-8586,Bulletin of Economic Research,lav
1435-9529,1435-9537,Bulletin of Engineering Geology and the Environment,lav
0007-4918,1472-7234,Bulletin of Indonesian economic studies,lav
0092-8240,1522-9602,Bulletin of Mathematical Biology,lav
0042-9686,1564-0604,Bulletin of the World Health Organization,lav
0007-6503,1552-4205,Business & Society,3
2057-0198,2057-0201,Business and Human Rights Journal,lav
0045-3609,1467-8594,Business and Society Review,lav
1944-5903,2157-0809,Business Education & Accreditation (BEA),lav
,2326-7526,Business Ethics Journal Review (BEJR),lav
1052-150X,2153-3326,Business Ethics Quarterly,3
2694-6416,2694-6424,"Business Ethics, the Environment and Responsibility (BEER)",lav
0962-8770,1467-8608,Business Ethics. A European Review,lav
0007-6791,1743-7938,Business History,3
0007-6805,2044-768X,Business History Review,3
0007-6813,1873-6068,Business Horizons,lav
0856-2253,,Business Management Review,lav
1463-7154,1758-4116,Business Process Management Journal,lav
,2572-3170,Business Strategy and Development,lav
0964-4733,1099-0836,Business Strategy and the Environment (BSE),3
,2673-7116,Businesses,lav
1893-935X,,Byggfakta,lav
0007-9731,2119-1026,Cahiers de civilisation médiévale,lav
0765-4944,2111-5044,Cahiers de praxématique,lav
0008-1256,2162-8564,California Management Review,3
,2239-1118,Cambio: Rivista sulle trasformazioni sociali,lav
0309-166X,1464-3545,Cambridge Journal of Economics,lav
1752-1378,1752-1386,"Cambridge Journal of Regions, Economy and Society",lav
0955-7571,1474-449X,Cambridge Review of International Affairs,lav
2292-3071,2292-3071,Canadian Food Studies,lav
0008-4085,1540-5982,Canadian Journal of Economics,lav
0045-5067,1208-6037,Canadian Journal of Forest Research,lav
0162-220X,1538-9804,Cancer Nursing,lav
1750-7219,1750-7227,Capital Markets Law Journal,lav
,1750-0680,Carbon Balance and Management (CBM),lav
1758-3004,1758-3012,Carbon Management,lav
2213-624X,2213-6258,Case Studies on Transport Policy,lav
0341-8162,1872-6887,CATENA,lav
0263-4937,1465-3354,Central Asian Survey,lav
2543-6821,,Central European Economic Journal,lav
1435-246X,1613-9178,Central European Journal of Operations Research,lav
,1802-4866,Central European Journal of Public Policy,lav
2658-0845,2658-2430,Central European Management Journal,lav
0265-8003,2045-6573,Centre for Economic Policy Research. Discussion papers,lav
,2308-3492,"CENTRIC. International Conference on Advances in Human-oriented and Personalized Mechanisms, Technologies, and Services",lav
1610-241X,1612-7501,CESifo Economic Studies,lav
1615-245X,2190-717X,CESifo Forum,lav
1617-9595,2364-1428,CESifo Working Papers,lav
,1613-0073,CEUR Workshop Proceedings,lav
0577-5132,1558-1489,Challenge magazine,lav
,2078-1547,Challenges,lav
1054-1500,1089-7682,Chaos,lav
0960-0779,1873-2887,"Chaos, Solitons & Fractals",lav
1974-9791,2283-9216,Chemical Engineering Transactions,lav
0045-6535,1879-1298,Chemosphere,lav
1356-7500,1365-2206,Child & Family Social Work,lav
0738-0151,1573-2797,Child and Adolescent Social Work Journal,lav
1357-5279,1476-489X,Child Care in Practice,lav
0009-3920,1467-8624,Child Development,lav
0951-0605,1099-0860,Children & society,lav
0392-839X,1973-8250,Chimica oggi,lav
2591-7293,,China and the World - Ancient and Modern Silk Road,lav
1043-951X,1873-7781,China economic review,lav
2044-1398,2044-1401,China Finance Review International (CFRI),lav
0920-203X,1741-590X,China Information,lav
1752-5098,1752-5101,China Journal of Social Work,lav
1750-614X,1750-6158,Chinese Management Studies,lav
1791-4027,2241-6323,Choregia,lav
2730-597X,2730-5988,Circular Economy and Sustainability,lav
0264-2751,1873-6084,Cities: The International Journal of Urban Policy and Planning,lav
1877-9166,1877-9174,"City, Culture and Society",lav
0264-9381,1361-6382,Classical and Quantum Gravity,lav
1618-954X,1618-9558,Clean Technologies and Environmental Policy,lav
,2666-7843,Cleaner and Responsible Consumption,lav
,2772-7831,Cleaner Energy Systems,lav
,2772-3909,Cleaner Logistics and Supply Chain (CLSC),lav
,2666-7916,Cleaner Production Letters (CLPL),lav
,2225-1154,Climate,lav
1756-5529,1756-5537,Climate and Development,lav
2010-0078,2010-0086,Climate Change Economics,lav
0930-7575,1432-0894,Climate Dynamics,lav
1469-3062,1752-7457,Climate Policy,lav
,2212-0963,Climate Risk Management,lav
,2405-8807,Climate Services,lav
0165-0009,1573-1480,Climatic Change,lav
2444-1961,,"CLINA: An Interdisciplinary Journal of Translation, Interpreting and Intercultural Communication",lav
,1179-1349,Clinical Epidemiology,lav
1477-7509,1758-101X,Clinical Ethics,lav
2324-7940,2324-7959,Clinical Nursing Studies,lav
2373-7530,,Cliodynamics,lav
1863-2505,1863-2513,Cliometrica,lav
1386-7857,1573-7543,Cluster Computing,lav
0809-6732,0809-6740,CMI Brief,lav
1752-1882,1752-1890,"Coaching: An International Journal of Theory, Research and Practice",lav
,2079-6412,Coatings,lav
,1469-493X,Cochrane Database of Systematic Reviews,lav
,2331-1983,Cogent Arts & Humanities,lav
,2331-1975,Cogent Business & Management,lav
,2332-2039,Cogent Economics & Finance,lav
,2331-186X,Cogent Education,lav
,2331-1916,Cogent Engineering,lav
,2331-1932,Cogent Food & Agriculture,lav
,2331-1908,Cogent Psychology,lav
,2331-1886,Cogent Social Sciences,lav
0010-0277,1873-7838,Cognition,lav
0269-9931,1464-0600,Cognition & Emotion,lav
1435-5558,1435-5566,"Cognition, Technology & Work",lav
0364-0213,1551-6709,Cognitive Science,lav
0165-232X,1872-7441,Cold Regions Science and Technology,lav
2474-7394,,Collabra: Psychology,lav
0010-0870,2150-6701,College & Research Libraries,lav
0069-5696,2330-2011,College Music Symposium,lav
0801-9282,2387-6700,Collegium Medievale,lav
,2813-2432,Commodities,lav
0214-0039,2386-7876,Communication & Society,lav
2697-4428,2630-0621,Communication and Media in Asia Pacific (CMAP),lav
2459-590X,,Communication Management Review,lav
0363-7751,1479-5787,Communication monographs,lav
0146-3373,1746-4102,Communication Quarterly,lav
2204-1451,2206-3374,Communication Research and Practice,lav
,2662-4435,Communications Earth & Environment,lav
1865-0929,1865-0937,Communications in Computer and Information Science (CCIS),lav
1007-5704,1878-7274,Communications in nonlinear science & numerical simulation,lav
0361-0918,1532-4141,Communications in Statistics - Simulation and Computation,lav
0001-0782,1557-7317,Communications of the ACM,lav
,1529-3181,Communications of the Association for Information Systems,3
1543-5970,1941-6687,Communications of the IIMA,lav
0967-067X,1873-6920,Communist and Post-Communist Studies,lav
0010-3802,1468-2656,Community Development Journal,lav
1366-8803,1469-3615,"Community, Work and Family",lav
1472-4790,1740-388X,Comparative European Politics,lav
2080-5926,2391-4491,Comparative Legilinguistics - International Journal for Legal Communication,lav
0010-4140,1552-3829,Comparative Political Studies,3
2666-9765,2666-9773,Comparative Political Theory (CPT),lav
0886-3687,1552-3837,Compensation and Benefits Review,lav
1024-5294,1477-2221,Competition & Change,lav
1554-0189,1554-6853,Competition Policy International,lav
1059-5422,2051-3143,Competitiveness Review: an international business journal,lav
1076-2787,1099-0526,Complexity,lav
1381-298X,1572-9346,Computational and mathematical organization theory,lav
0927-7099,1572-9974,Computational Economics,lav
1687-5265,1687-5273,Computational Intelligence and Neuroscience,lav
1619-697X,1619-6988,Computational Management Science,lav
0965-5425,1555-6662,Computational Mathematics and Mathematical Physics,lav
1871-3033,,Computational Methods in Applied Sciences,lav
1061-3773,1099-0542,Computer Applications in Engineering Education,lav
0140-3664,1873-703X,Computer Communications,lav
0267-3649,1873-6734,Computer Law and Security Review,lav
1574-0137,1876-7745,Computer Science Review,lav
0920-5489,1872-7018,Computer Standards & Interfaces,lav
1093-9687,1467-8667,Computer-Aided Civil and Infrastructure Engineering,lav
,2073-431X,Computers,lav
0360-1315,1873-782X,Computers & Education,lav
0098-3004,1873-7803,Computers & Geosciences,lav
0360-8352,1879-0550,Computers & industrial engineering,lav
0305-0548,1873-765X,Computers & Operations Research,lav
0167-4048,1872-6208,Computers & Security,lav
0098-1354,1873-4375,Computers and Chemical Engineering,lav
,2666-5573,Computers and Education Open (CAEO),lav
0045-7906,1879-0755,Computers and Electrical Engineering,lav
0010-4825,1879-0534,Computers in Biology and Medicine,lav
0747-5632,1873-7692,Computers in Human Behavior,3
,2451-9588,Computers in Human Behavior Reports,lav
,2949-8821,Computers in Human Behavior: Artificial Humans (CHBAH),lav
0166-3615,1872-6194,Computers in industry (Print),lav
1546-2218,1546-2226,"Computers, Materials and Continua (CMC)",lav
2325-8861,2325-887X,Computing in cardiology,lav
0803-9763,0804-5585,Concept rapport,lav
1773-9578,2116-0090,Concurrences,lav
1532-0626,1532-0634,Concurrency and Computation: Practice and Experience,lav
2384-9509,,Conference proceedings: The Future of Education,lav
0888-8892,1523-1739,Conservation Biology,lav
,2051-1434,Conservation Physiology,lav
0144-6193,1466-433X,Construction Management and Economics,lav
1065-9293,1939-0149,Consulting Psychology Journal: Practice and Research,lav
2752-6666,2752-6674,Consumer Behavior in Tourism and Hospitality (CBTH),lav
1025-3866,1477-223X,Consumption Markets & Culture,lav
0823-9150,1911-3846,Contemporary Accounting Research,topp
,2451-8654,Contemporary Clinical Trials Communications,lav
1074-3529,1465-7287,Contemporary economic policy,lav
2084-0845,2300-8814,Contemporary Economics,lav
0960-7773,1469-2171,Contemporary European History,lav
1470-8914,1476-9336,Contemporary Political Theory,lav
1356-9775,1469-3631,Contemporary Politics,lav
1352-3260,1743-8764,Contemporary Security Policy,lav
0958-4935,1469-364X,Contemporary South Asia,lav
2949-5776,,Contemporary World Economy,lav
2666-0385,2666-0393,Contrastive Pragmatics: A Cross-Disciplinary Journal (JOCP),lav
0967-0661,1873-6939,Control Engineering Practice,lav
2195-8262,2195-8270,Controlling & Management Review,lav
0935-0381,,Controlling: Zeitschrift fuer erfolgsorientierte Unternehmenssteuerung,lav
1354-8565,1748-7382,Convergence. The International Journal of Research into New Media Technologies,lav
1810-8601,2312-2722,"Corporate Board: Role, Duties and Composition",lav
1356-3289,1758-6046,Corporate Communications. An International Journal,lav
1472-0701,1758-6054,Corporate Governance : The international journal of business in society,lav
0964-8410,1467-8683,Corporate governance. An International Review,3
1727-9232,1810-3057,Corporate Ownership and Control,lav
2043-9148,2043-9156,Corporate Real Estate Journal,lav
1363-3589,1479-1889,Corporate Reputation Review,lav
1535-3958,1535-3966,Corporate Social Responsibility and Environmental Management,lav
1613-7027,1613-7035,Corpus Linguistics and Linguistic Theory,lav
1092-8057,,Cost Management,lav
2151-4755,2151-4771,Creative Education,lav
1751-0694,1751-0708,Creative Industries Journal (CIJ),lav
0963-1690,1467-8691,Creativity and Innovation Management,lav
1040-0419,1532-6934,Creativity Research Journal,lav
,2354-0036,Creativity. Theories – Research - Applications,lav
0011-1287,1552-387X,Crime and delinquency,lav
0925-4994,1573-0751,"Crime, law and social change",lav
1478-601X,1478-6028,Criminal justice studies,lav
2998-6915,2998-6907,Crisis and Risk Communication (CRC),lav
0090-3493,1530-0293,Critical Care Medicine,lav
2164-5744,2164-5760,Critical Finance Review,lav
1045-2354,1095-9955,Critical Perspectives on Accounting,3
1742-2043,1758-6062,Critical Perspectives on International Business,lav
1946-0171,1946-018X,Critical Policy Studies,lav
0958-1596,1469-3682,Critical Public Health,lav
0261-0183,1461-703X,Critical Social Policy,lav
0896-9205,1569-1632,Critical Sociology,lav
1749-6020,1749-6039,Critical Studies in Television,lav
2059-5794,2059-5808,Cross cultural & strategic management,lav
,2073-4352,Crystals,lav
1989-4570,,Cuadernos de Derecho Transnacional,lav
1584-1057,2065-5002,Cultura: International Journal of Philosophy of Culture and Axiology,lav
1749-9755,1749-9763,Cultural Sociology,lav
0950-2386,1466-4348,Cultural Studies,lav
1871-1502,1871-1510,Cultural Studies of Science Education,lav
1475-9551,1477-2760,Culture and Organization,lav
0960-9822,1879-0445,Current Biology,lav
,1936-1270,Current Issues in Auditing,lav
2353-4192,2353-561X,Current Issues in Personality Psychology,lav
,2414-6641,Current Issues in Sport Science,lav
1368-3500,1747-7603,Current Issues in Tourism,3
,2468-5844,Current Opinion in Environmental Science & Health,lav
2214-7993,,Current Opinion in Food Science,lav
2352-250X,2352-2518,Current Opinion in Psychology,lav
1385-2728,1875-5348,Current organic chemistry,lav
1057-2309,,Current Politics and Economics of Europe,lav
1046-1310,1936-4733,Current Psychology,lav
,2666-5182,Current Research in Behavioral Sciences (CRBS),lav
,2666-6227,Current Research in Ecological and Social Psychology (CRESP),lav
0011-3921,1461-7064,Current Sociology,lav
,2196-3010,Current Sustainable/Renewable Energy Reports,lav
2342-7205,,Current Trends in Translation Teaching and Learning E (CTTL E),lav
0907-0877,1756-6177,Cybernetics & Human Knowing,lav
0196-9722,1087-6553,Cybernetics and systems,lav
1060-0396,1573-8337,Cybernetics and Systems Analysis,lav
,1802-7962,Cyberpsychology: Journal of Psychosocial Research on Cyberspace,lav
0803-9372,,Dagens næringsliv,lav
2535-6801,,Dagens Perspektiv,lav
1503-2892,,Dagsavisen,lav
,2596-9196,Dansk Tidsskrift for Transportforskning,lav
1392-0588,2335-8769,Darbai ir Dienos,lav
,2306-5729,Data,lav
,2543-9251,Data and Information Management (DIM),lav
1532-0936,2331-1622,Data Base for Advances in Information Systems,lav
2161-1823,2161-1815,Data Envelopment Analysis Journal,lav
,2352-3409,Data in Brief,lav
,2769-2140,Data Science in Finance and Economics (DSFE),lav
2514-9288,2514-9318,Data Technologies and Applications,lav
0165-8654,,De Beeldenaar,lav
0013-063X,1572-9982,De Economist,lav
0212-0585,2530-3074,"Debats. Revista de cultura, poder i societat",lav
1545-8490,1545-8504,Decision Analysis,lav
,2772-6622,Decision Analytics Journal,lav
1896-8325,2300-7087,Decision Making in Manufacturing and Services,lav
0011-7315,1540-5915,Decision Sciences,3
0167-9236,1873-5797,Decision Support Systems,topp
1593-8883,1129-6569,Decisions in Economics and Finance (DAF),lav
1475-1798,1475-1801,Defense and Security Analysis,lav
1741-9166,1555-5860,Democracy and Security,lav
1351-0347,1743-890X,Democratization,lav
1435-9871,2363-7064,Demographic Research,lav
0070-3370,1533-7790,Demography,3
0029-2303,1894-180X,Den norske tannlegeforenings Tidende,lav
1477-7282,1758-6097,Development and Learning in Organizations: An International Journal,lav
0950-6764,1467-7679,Development Policy Review,lav
0376-835X,1470-3637,Development Southern Africa,lav
1878-9293,1878-9307,Developmental Cognitive Neuroscience,lav
1363-755X,1467-7687,Developmental Science,lav
0163-9625,1521-0456,Deviant Behavior,lav
,2075-4418,Diagnostics (Basel),lav
1130-0531,1988-2548,Didáctica (Lengua y Literatura),lav
0042-059X,,Die Unternehmung. Swiss Journal of Business Research and Practice,lav
,2673-6470,Digital,lav
,2666-9544,Digital Business,lav
,2950-550X,Digital Engineering,lav
2524-6984,2524-6186,Digital Finance,lav
,2055-2076,Digital Health,lav
2167-0811,2167-082X,Digital Journalism,lav
2055-7671,2055-768X,Digital Scholarship in the Humanities,lav
2731-4650,2731-4669,"Digital Society: Ethics, Socio-Legal and Governance of Digital Technology",lav
,3071-222X,Digitas: International Conference on Digitalization and Smart Solutions,lav
1501-9934,2387-6735,DIN - Tidsskrift for religion og kultur,lav
0963-8288,1464-5165,Disability and Rehabilitation,lav
1748-3107,1748-3115,Disability and Rehabilitation: Assistive Technology,lav
1935-7893,1938-744X,Disaster Medicine and Public Health Preparedness,lav
0965-3562,1758-6100,Disaster Prevention and Management,lav
1750-4813,1750-4821,Discourse & Communication,3
1461-4456,1461-7080,Discourse Studies,3
2211-6958,2211-6966,"Discourse, Context & Media",lav
,2731-5525,Discover Education,lav
,2730-7719,Discover Energy,lav
,2731-7501,Discover Health Systems,lav
2948-2941,2948-295X,Discover Space,lav
,2662-9984,Discover Sustainability,lav
1531-3492,1553-524X,Discrete and continuous dynamical systems. Series B,lav
0166-218X,1872-6771,Discrete Applied Mathematics,lav
1026-0226,1607-887X,Discrete Dynamics in Nature and Society,lav
1572-5286,1873-636X,Discrete Optimization,lav
0012-1304,1860-8787,DIW Wochenbericht,lav
2525-2828,,Diálogo com a Economia Criativa,lav
0805-9411,,"Documents - Statistics Norway, Research Department",lav
1064-5624,1531-8362,Doklady. Mathematics,lav
0376-8716,1879-0046,Drug and Alcohol Dependence,lav
0114-5916,1179-1942,Drug Safety,lav
2153-0785,2153-0793,Dynamic Games and Applications,lav
2232-5867,2350-367X,Dynamic Relationships Management Journal,lav
0932-383X,1613-7620,E & I. Elektrotechnik und Informationstechnik,lav
1897-7979,2084-4840,e-Informatica: Software Engineering Journal,lav
,1941-5842,E-review of Tourism Research,lav
1528-8226,1528-8234,e-Service Journal,lav
,2267-1242,E3S Web of Conferences,lav
0300-4430,1476-8275,Early Child Development and Care,lav
0885-2006,1873-7706,Early Childhood Research Quarterly,lav
1040-9289,1556-6935,Early Education and Development,lav
,2333-5084,Earth and Space Science,lav
1865-0473,1865-0481,Earth Science Informatics [ESIN],lav
2190-4979,2190-4987,Earth System Dynamics (ESD),lav
,2328-4277,Earth's Future,lav
0012-8252,1872-6828,Earth-Science Reviews,lav
1096-6838,1874-6284,East Asia,lav
2068-651X,2068-6633,Eastern Journal of European Studies (EJES),lav
1124-4909,1590-1262,"Eating and Weight Disorders - Studies on Anorexia, Bulimia and Obesity",lav
1471-0153,1873-7358,Eating Behaviors,lav
1653-7025,2001-7960,Eceee ... summer study proceedings,lav
,2589-5370,EClinicalMedicine,lav
0906-7590,1600-0587,Ecography,lav
1476-945X,1476-9840,Ecological Complexity : An International Journal on Biocomplexity in the Environment and Theoretical Ecology,lav
0921-8009,1873-6106,Ecological Economics,3
1470-160X,1872-7034,Ecological Indicators,lav
1574-9541,1878-0512,Ecological Informatics,lav
0304-3800,1872-7026,Ecological Modelling,lav
0912-3814,1440-1703,Ecological Research,lav
,2045-7758,Ecology and Evolution,lav
1461-023X,1461-0248,Ecology Letters,lav
2451-1935,2451-2370,Econometric Research in Finance,lav
0747-4938,1532-4168,Econometric Reviews,3
0012-9682,1468-0262,Econometrica,topp
,2225-1146,Econometrics,lav
1368-4221,1368-423X,Econometrics Journal,3
0012-981X,2499-8265,Economia Internazionale / International Economics,lav
0313-5926,2204-2296,Economic Analysis and Policy,lav
1580-0466,2335-4216,Economic and Business Review,lav
0143-831X,1461-7099,Economic and Industrial Democracy: an international journal,lav
2095-4816,2470-4024,Economic and Political Studies,lav
0012-9984,,Economic and social review,lav
,2330-4847,Economic Anthropology,lav
1573-9414,1574-0277,Economic Change and Restructuring,lav
0424-267X,1842-3264,Economic Computation and Economic Cybernetics Studies and Research,lav
0013-0079,1539-2988,Economic development and cultural change,3
0013-0095,1944-8287,Economic Geography,3
2078-0389,2078-0397,Economic History of Developing Regions,lav
0095-2583,1465-7295,Economic Inquiry,3
0264-9993,1873-6122,Economic Modelling,lav
0266-4658,1468-0327,Economic Policy,3
0938-2259,1432-0479,Economic Theory,3
2196-1085,2196-1093,Economic Theory Bulletin,lav
0013-0427,1468-0335,Economica,3
,2254-4380,Economics and Business Letters (EBL),lav
1570-677X,1873-6130,Economics and Human Biology,lav
2280-7659,2280-7667,Economics and Policy of Energy and the Environment (EPEE),lav
2071-789X,2306-3459,Economics and Sociology,lav
,1545-2921,Economics Bulletin,lav
0165-1765,1873-7374,Economics Letters,lav
2511-1280,2511-1299,Economics of Disasters and Climate Change,lav
0272-7757,1873-7382,Economics of Education Review,3
2160-5882,2160-5890,Economics of Energy & Environmental Policy,lav
1435-6104,1435-8131,Economics of Governance,lav
1043-8599,1476-8364,Economics of Innovation and New Technology,lav
2212-0122,2212-0130,Economics of Transportation,lav
2090-2123,2090-2131,Economics Research International,lav
0336-1454,1777-5574,Economie et Statistique,lav
,2227-7099,Economies,lav
2752-1184,,EconPol Forum,lav
,1942-9347,Ecopsychology,lav
,2150-8925,Ecosphere,lav
,2212-0416,Ecosystem Services,lav
1432-9840,1435-0629,Ecosystems,lav
2247-8671,,Educatia 21,lav
0040-0912,1758-6127,Education + Training,lav
0964-5292,1469-5782,Education Economics,lav
1557-3060,1557-3079,Education Finance and Policy,3
,2000-4508,Education Inquiry,lav
2090-4002,2090-4010,Education Research International,lav
,2227-7102,Education Sciences,lav
0965-0792,1747-5074,Educational Action Research,lav
1874-8597,1874-8600,"Educational Assessment, Evaluation and Accountability",lav
2147-0901,,Educational Process: International Journal,lav
0144-3410,1469-5820,Educational Psychology,lav
0013-1881,1469-5847,Educational Research,lav
1380-3611,1744-4187,Educational Research and Evaluation,lav
1747-938X,1878-0385,Educational Research Review,lav
0013-1911,1465-3397,Educational review (Birmingham),lav
1176-3647,1436-4522,Educational Technology & Society,lav
,2340-1117,EDULEARN Proceedings,lav
1448-2398,,eJournal of Tax Research,lav
0131-7652,,EKO,lav
0213-3865,2340-4051,Ekonomiaz : Revista Vasca de Economía,lav
0345-2646,2002-4231,Ekonomisk Debatt,lav
1331-677X,1848-9664,Ekonomska Istrazivanja,lav
1330-1039,1848-963X,Ekonomska Misao i Praksa,lav
0261-3794,1873-6890,Electoral Studies: an international journal on voting and electoral systems and strategy,lav
0378-7796,1873-2046,Electric power systems research,lav
1040-6190,1873-6874,Electricity Journal,lav
1389-5753,1572-9362,Electronic Commerce Research,lav
1567-4223,1873-7846,Electronic Commerce Research and Applications,lav
1740-7494,1740-7508,"Electronic Government, an International Journal",lav
,1479-439X,Electronic Journal of e-Government (EJEG),lav
,1479-4411,Electronic Journal of Knowledge Management (EJKM),lav
1019-6781,1422-8890,Electronic Markets,lav
,2079-9292,Electronics (Basel),lav
,2325-1026,Elementa: Science of the Anthropocene,lav
,2050-084X,eLIFE,lav
1521-3250,1532-7000,Emergence,lav
2394-9015,2454-2148,Emerging Economy Studies,lav
,2045-0621,Emerging Markets Case Studies (EEMCS),lav
1540-496X,1558-0938,Emerging markets finance & trade,lav
1566-0141,1873-6173,Emerging Markets Review,lav
2752-3543,2752-3551,Emerging Media,lav
1528-3542,1931-1516,Emotion,lav
1757-1952,1757-1960,Empedocles: European Journal for the Philosophy of Communication,lav
0340-8744,1573-6911,Empirica,lav
0377-7332,1435-8921,Empirical Economics,lav
,1681-8997,Empirical Economics Letters (EEL),lav
1382-3256,1573-7616,Empirical Software Engineering,lav
0142-5455,1758-7069,Employee Relations,lav
,2673-8392,Encyclopedia,lav
2409-5516,,Enegreticheskaia Politika,lav
,1996-1073,Energies,lav
0360-5442,1873-6785,Energy,lav
0958-305X,2048-4070,Energy & Environment,lav
,2666-5468,Energy and AI,lav
0378-7788,1872-6178,Energy and Buildings,lav
,2666-2787,Energy and Climate Change,lav
0196-8904,1879-2227,Energy Conversion and Management,lav
,2590-1745,Energy Conversion and Management: X,lav
0140-9883,1873-6181,Energy Economics,topp
1570-646X,1570-6478,Energy Efficiency,lav
0973-0826,,Energy for Sustainable Development,lav
0195-6574,1944-9089,Energy Journal,lav
,2772-4271,Energy Nexus,lav
0301-4215,1873-6777,Energy Policy,lav
,1876-6102,Energy Procedia,lav
,2352-4847,Energy Reports,lav
2214-6296,2214-6326,Energy Research & Social Science,lav
,2652-6433,Energy RESEARCH LETTERS,lav
1556-7249,1556-7257,"Energy Sources, Part B: Economics, Planning and Policy",lav
,2578-4862,Energy Storage,lav
2211-467X,2211-4688,Energy Strategy Reviews,lav
1868-3967,1868-3975,"Energy Systems, Springer Verlag",lav
,2308-412X,"ENERGY, International Conference on Smart Grids, Green Communications and IT Energy-aware Technologies",lav
,2192-0567,"Energy, Sustainability and Society",lav
0952-1976,1873-6769,Engineering Applications of Artificial Intelligence,lav
1994-2060,1997-003X,Engineering Applications of Computational Fluid Mechanics,lav
0969-9988,1365-232X,Engineering Construction and Architectural Management,lav
2543-6597,2543-912X,Engineering Management in Production and Services,lav
1042-9247,2377-0643,Engineering Management Journal (EMJ),lav
0305-215X,1029-0273,Engineering optimization (Print),lav
2157-3727,2157-3735,Engineering Project Organization Journal,lav
0177-0667,1435-5663,Engineering with Computers,lav
1467-2227,1467-2235,Enterprise & Society,3
1755-1978,1755-1986,Enterprise Development and Microfinance,lav
1751-7575,1751-7583,Enterprise Information Systems,3
,1748-944X,Entertainment and Sports Law Journal,lav
1875-9521,1875-953X,Entertainment Computing,lav
2034-7634,2034-7642,Entreprendre & Innover,lav
2353-883X,2353-8821,Entrepreneurial Business and Economics Review,lav
0898-5626,1464-5114,Entrepreneurship and Regional Development,3
,2515-1274,Entrepreneurship Education and Pedagogy (EE&P),lav
,2157-5665,Entrepreneurship Research Journal,lav
1042-2587,1540-6520,Entrepreneurship: Theory and Practice,topp
,1099-4300,Entropy,lav
0263-7758,1472-3433,"Environment & Planning. D, Society and Space",3
0013-9165,1552-390X,Environment and Behavior,lav
1355-770X,1469-4395,Environment and Development Economics,lav
0308-518X,1472-3409,Environment and Planning A: Economy and Space,3
0263-774X,1472-3425,"Environment and Planning. C, Government and Policy",lav
0160-4120,1873-6750,Environment International,lav
2194-5403,2194-5411,Environment Systems and Decisions,lav
1387-585X,1573-2975,"Environment, Development and Sustainability",lav
2398-4287,,Environment-Behaviour Proceedings Journal,lav
1352-8505,1573-3009,Environmental and Ecological Statistics,lav
0924-6460,1573-1502,Environmental and Resource Economics,3
,2667-0100,Environmental Challenges,lav
1752-4032,1752-4040,Environmental Communication,lav
2211-4645,2211-4653,Environmental Development,lav
1866-6280,1866-6299,Environmental Earth Sciences,lav
1998-6041,1998-605X,Environmental Economics,lav
0195-9255,1873-6432,Environmental impact assessment review,lav
2210-4224,2210-4232,Environmental Innovation and Societal Transitions,3
0364-152X,1432-1009,Environmental Management,lav
1364-8152,1873-6726,Environmental Modelling & Software,lav
0167-6369,1573-2959,Environmental Monitoring and Assessment,lav
1756-932X,1756-9338,Environmental Policy and Governance,lav
0013-9351,1096-0953,Environmental Research,lav
,2515-7620,Environmental Research Communications (ERC),lav
,1748-9326,Environmental Research Letters,lav
,2752-5295,Environmental Research: Climate,lav
1462-9011,1873-6416,Environmental Science and Policy,lav
0944-1344,1614-7499,Environmental Science and Pollution Research,lav
0013-936X,1520-5851,Environmental Science and Technology,lav
,2190-4715,Environmental Sciences Europe,lav
,2325-1042,Environmental Sociology,lav
,2352-1864,Environmental Technology & Innovation,lav
2052-1499,1473-2866,Ephemera : Theory and Politics in Organization,lav
1044-3983,1531-5487,Epidemiology,lav
0950-2688,1469-4409,Epidemiology and Infection,lav
2040-7149,2040-7157,"Equality, Diversity and Inclusion (EDI)",lav
,2752-6461,Equity in Education & Society,lav
,1876-9098,Erasmus Journal for Philosophy and Economics,lav
0014-0139,1366-5847,Ergonomics,lav
1064-8046,2169-5083,Ergonomics in design,lav
2822-7840,2804-7214,ESAIM: Mathematical Modelling and Numerical Analysis (ESAIM: M2AN),lav
,2055-5822,ESC Heart Failure,lav
0212-1867,1989-3574,ESIC Market,lav
0014-0759,2111-4579,Esprit (1940),lav
2433-5681,,Essays of Osaka University of Economics,lav
0304-2758,0718-5286,Estudios de Economia,lav
1386-2820,1572-8447,Ethical Theory and Moral Practice,lav
1050-8422,1532-7019,Ethics & behavior,lav
1388-1957,1572-8439,Ethics and Information Technology,lav
2155-0085,2155-0093,"Ethics, Policy & Environment",lav
1309-4297,2147-4281,Eurasian Business Review (EABR),lav
1309-422X,2147-429X,Eurasian Economic Review (EAER),lav
1538-7216,1938-2863,Eurasian geography and economics,lav
,2148-0192,Eurasian Journal of Economics and Finance (EJEF),lav
,2148-0214,Eurasian Journal of Social Sciences (EJSS),lav
2192-4406,2192-4414,EURO Journal on Computational Optimization,lav
2193-9438,2193-9446,EURO Journal on Decision Processes,lav
2192-4376,2192-4384,EURO Journal on Transportation and Logistics,lav
1450-2194,1758-888X,EuroMed Journal of Business,lav
1429-7132,,Europa XXI,lav
0531-2485,,Europarecht,lav
1403-8722,,Europarättslig tidskrift,lav
,1841-0413,Europe's Journal of Psychology,lav
0966-8136,1465-3427,Europe-Asia Studies,lav
0963-8180,1468-4497,European Accounting Review,3
0959-6941,1875-841X,European Business Law Review,lav
1566-7529,1741-6205,European Business Organization Law Review (EBOR),lav
0955-534X,1758-7107,European Business Review,lav
1613-2548,1613-2556,European Company and Financial Law Review,lav
1744-1056,1757-8396,European Competition Journal,lav
0144-3054,2754-1711,European Competition Law Review (ECLR),3
2048-8637,2048-8645,European Conference on e-Learning,lav
0964-0037,,European Current Law,lav
1350-293X,1752-1807,European Early Childhood Education Research Journal,lav
0014-2921,1873-572X,European Economic Review,3
1056-4934,1944-7086,European Education : Issues and Studies,lav
,1474-9041,European Educational Research Journal,lav
1354-7798,1468-036X,European Financial Management,3
1384-6299,1875-8223,European Foreign Affairs Review,lav
0265-6914,1461-7110,European History Quarterly,lav
0142-0461,,European intellectual property review,lav
2052-5648,2052-5656,European Journal for Person Centered Healthcare,lav
1879-4912,1879-4920,European Journal for Philosophy of Science,lav
2365-0931,2365-1695,European Journal for Security Research,lav
1613-8171,2380-5919,European Journal for Sport and Society (EJSS),lav
0956-7925,1469-4425,European journal of applied mathematics,lav
,2684-4451,European Journal of Applied Physics,lav
1502-1149,2377-729X,European Journal of Behavior Analysis (EJOBA),lav
0959-8049,1879-0852,European Journal of Cancer,lav
0961-5423,1365-2354,European Journal of Cancer Care,lav
0267-3231,1460-3705,European Journal of Communication,lav
2213-4506,2213-4514,European Journal of Comparative Law and Governance,lav
,2663-5771,European Journal of Cultural Management and Policy,lav
1367-5494,1460-3551,European Journal of Cultural Studies,lav
0957-8811,1743-9728,European Journal of Development Research,lav
0141-8211,1465-3435,European Journal of Education,lav
,2501-1111,European Journal of Education Studies,lav
0969-9546,1473-5695,European journal of emergency medicine,lav
0304-3797,1469-5898,European Journal of Engineering Education,lav
0393-2990,1573-7284,European Journal of Epidemiology (EJE),lav
2444-877X,2444-8788,EUROPEAN JOURNAL OF FAMILY BUSINESS,lav
1351-847X,1466-4364,European Journal of Finance,lav
2195-4194,2195-2248,European Journal of Futures Research,lav
1618-7598,1618-7601,European Journal of Health Economics,lav
0960-085X,1476-9344,European Journal of Information Systems,topp
1460-1060,1758-7115,European Journal of Innovation Management,lav
0938-5428,1464-3596,European journal of international law,3
1751-6757,1751-6765,European Journal of International Management,lav
1354-0661,1460-3713,European Journal of International Relations,3
0929-1261,1572-9990,European Journal of Law and Economics,lav
1555-4015,2378-8526,European Journal of Management,lav
2444-8451,2444-8494,European Journal of Management and Business Economics,lav
0309-0566,1758-7123,European Journal of Marketing,topp
0377-2217,1872-6860,European Journal of Operational Research,topp
2034-760X,2295-3523,European Journal of Policing Studies,lav
0176-2680,1873-5703,European Journal of Political Economy,lav
0304-4130,1475-6765,European Journal of Political Research,3
0168-6577,1572-9885,European Journal of Population,lav
1015-5759,2151-2426,European Journal of Psychological Assessment,lav
1101-1262,1464-360X,European Journal of Public Health,lav
1867-299X,2190-8249,European Journal of Risk Regulation,lav
2191-9399,2191-9402,European Journal of Scandinavian Studies,lav
,2301-251X,European Journal of Science and Mathematics Education,lav
0046-2772,1099-0992,European Journal of Social Psychology,3
1388-2627,2399-2948,European Journal of Social Security (EJSS),lav
1369-1457,1468-2664,European Journal of Social Work,lav
,1650-9544,European Journal of Spatial Development,lav
0885-6257,1469-591X,European Journal of Special Needs Education,lav
1746-1391,1536-7290,European Journal of Sport Science (EJSS),lav
,2282-5673,European Journal of Sport Studies (EJSS),lav
2239-5938,2239-6101,European Journal of Sustainable Development,lav
0261-9768,1469-5928,European Journal of Teacher Education,lav
0967-2567,1469-5936,European Journal of the History of Economic Thought,lav
0960-2720,2666-9730,European Journal of Theology,lav
1994-7658,1314-0817,European Journal of Tourism Research,lav
,2182-4916,"European Journal of Tourism, Hospitality and Recreation",lav
2046-9012,2046-9020,European Journal of Training and Development,lav
1567-7133,1567-7141,European Journal of Transport and Infrastructure Research,lav
1863-9933,1863-9941,European Journal of Trauma and Emergency Surgery,lav
1612-4642,1439-0574,European Journal of Wildlife Research,lav
1359-432X,1464-0643,European Journal of Work and Organizational Psychology,3
2387-4570,,European Journal of Workplace Innovation,lav
0307-5400,,European Law Review,3
0263-2373,1873-5681,European Management Journal,3
1740-4754,1740-4762,European Management Review,lav
1403-3879,,European Perspectives,lav
0965-4313,1469-5944,European Planning Studies,lav
2374-5118,2374-5126,European Politics and Society,lav
,2444-8834,European Research on Management and Business Economics,lav
1108-2976,,European Research Studies Journal,lav
0903-1936,1399-3003,European Respiratory Journal,lav
1062-7987,1474-0575,European Review,lav
0165-1587,1464-3618,European Review of Agricultural Economics,3
1614-9920,1614-9939,European Review of Contract Law (ERCL),lav
1361-4916,1474-0044,European Review of Economic History,3
0928-9801,1875-8371,European Review of Private Law,lav
2495-991X,,European Review of Service Economics and Management,lav
1046-3283,1479-277X,European Review of Social Psychology,lav
1857-7881,1857-7431,European Scientific Journal,lav
0966-2839,1746-1545,European Security,lav
1231-1952,1896-1525,European Spatial Research and Policy,lav
1618-4742,1746-031X,European Sport Management Quarterly,lav
1619-5272,2190-8184,European State Aid Law Quarterly,lav
0014-3138,,European Taxation,lav
1825-3997,2283-5520,European Transport / Trasporti Europei,lav
0014-3154,,European transport law,lav
1867-0717,1866-8887,European Transport Research Review,lav
0969-7764,1461-7145,European Urban and Regional Studies,3
1781-6858,1865-5831,European View,lav
1105-7580,1792-085X,European Water,lav
2471-8963,2164-974X,European Workshop on Visual Information Processing,lav
0937-7204,,Europäische Zeitschrift für Wirtschaftsrecht,lav
0149-7189,1873-7870,Evaluation and Program Planning,lav
1356-3890,1461-7153,"Evaluation: International Journal of Theory, Research and Practice",lav
1525-9951,1943-4308,Event Management,lav
2049-3983,2049-3991,Evidence-based HRM: a Global Forum for Empirical Scholarship,lav
1090-5138,1879-0607,Evolution and human behavior,lav
2330-2925,2330-2933,Evolutionary Behavioral Sciences,lav
,2198-9885,Evolutionary Psychological Science,lav
2297-9174,,ex ante,lav
0014-4819,1432-1106,Experimental Brain Research,lav
1386-4157,1573-6938,Experimental Economics,3
0036-746X,2297-5624,Expert Focus,lav
2686-8563,,Expert opinions (Valdai Discussion Club),lav
0266-4720,1468-0394,Expert Systems,lav
0957-4174,1873-6793,Expert Systems With Applications,lav
0014-4983,1090-2457,Explorations in economic history (EEH),3
,2667-2766,Exploratory Research in Clinical and Social Pharmacy (ERCSP),lav
,2046-1402,F1000 Research,lav
,2100-0689,"Fabula - Litterature, histoire et theorie",lav
1017-3285,2523-9201,FACHSPRACHE,lav
0263-2772,1758-7131,Facilities,lav
1893-3009,,Fagbladet samfunn og økonomi,lav
0263-2136,1460-2229,Family Practice,lav
1362-704X,1751-7419,Fashion Theory,lav
2164-1846,2164-1862,"Fatigue: Biomedicine, Health & Behavior",lav
1502-4873,1891-5396,Fauna Norvegica,lav
2573-7953,,Federal Reserve Bank of Cleveland Working Paper Series,lav
0015-0010,1798-5617,Fennia,lav
,2772-168X,Ferðamál á norðurslóðum,lav
2319-7145,2455-2658,FIIB Business Review,lav
0235-7186,2424-4546,Filosofija. Sociologija,lav
,2101-0145,Finance,lav
0015-1920,,Finance a úver,lav
0949-2984,1432-1122,Finance and Stochastics,3
1544-6123,1544-6131,Finance Research Letters,lav
0267-4424,1468-0408,Financial Accountability and Management,lav
0015-198X,1938-3312,Financial analysts journal,lav
,2199-4730,Financial Innovation,lav
0046-3892,1755-053X,Financial Management,3
1934-4554,2373-8529,Financial Markets and Portfolio Management (FMPM),lav
0963-8008,1468-0416,"Financial Markets, Institutions & Instruments",lav
,2573-8615,Financial Planning Review,lav
0015-2218,1614-0974,FinanzArchiv / Public Finance Analysis (FA),lav
1555-4961,1555-497X,Finanzmarkt und Portfolio Management,lav
,2652-8800,Findings,lav
2341-9938,,Finnish Business Review,lav
,1798-0798,Finnish Journal of EHealth and EWelfare (FinJeHeW),lav
,1396-0466,First Monday,lav
0143-5671,1475-5890,Fiscal studies,lav
1467-2960,1467-2979,Fish and Fisheries,lav
0969-997X,1365-2400,Fisheries Management and Ecology,lav
0165-7836,1872-6763,Fisheries Research,lav
0919-9268,1444-2906,Fisheries Science,lav
,2410-3888,Fishes,lav
2643-7767,,FIU Law Review,lav
,1894-5988,FLEKS - Scandinavian Journal of Intercultural Theory and practice,lav
1936-6582,1936-6590,Flexible Services and Manufacturing Journal,lav
1066-3487,2476-1699,Florida Tax Review (FTR),lav
,2045-8118,Fluids and Barriers of the CNS,lav
0332-5415,0807-7487,Fokus på familien/ Nordisk tidsskrift for familie- og relasjonsarbeid,lav
1890-9868,1892-7947,Fontene forskning,lav
0956-7135,1873-7129,Food Control,lav
2364-6853,2364-6861,Food Ethics,lav
0306-9192,1873-5657,Food Policy,lav
0950-3293,1873-6343,Food Quality and Preference,3
0963-9969,1873-7145,Food Research International,lav
1876-4517,1876-4525,Food Security,lav
,2304-8158,Foods,lav
1079-6657,1559-4785,Fordham Environmental Law Review,lav
,2535-4000,Forebygging.no,lav
,2571-9394,Forecasting,lav
1463-6689,1465-9832,Foresight,lav
1995-459X,2312-9972,Foresight and STI Governance,lav
0378-1127,1872-7042,Forest Ecology and Management,lav
1389-9341,1872-7050,Forest Policy and Economics,lav
0015-7473,,Forest products journal,lav
,1999-4907,Forests,lav
,1890-9515,FormAkademisk - Forskningstidsskriftet for design og designdidaktikk,lav
0347-5131,,Fornvårdaren,lav
,2535-5279,Forskning og Forandring,lav
1891-635X,1891-6341,Forskning.no,lav
0333-0273,0805-8210,Forskningspolitikk,lav
0800-5249,,Forsvarsmuseets småskrift,lav
1504-1913,1891-1668,Fortid,lav
1503-643X,,"Fortuna. Tidsskrift for historie, teknologi og kultur med tilknytning til de gamle jernverkene",lav
,2644-2906,Fortune Journal of Health Sciences (FJHS),lav
1904-2183,2596-4143,Forum for Idræt (Idrætshistorisk Årbog),lav
0736-0932,1874-6381,Forum for Social Economics,lav
,1438-5627,Forum Qualitative Sozialforschung,lav
2300-5947,2353-4435,Forum Scientiae Oeconomia,lav
,2673-9321,Foundations,lav
1554-0642,1554-0650,Foundations and Trends® in Accounting,lav
1311-0454,1314-2224,Fractional Calculus and Applied Analysis,lav
,2673-3218,Frontiers in Agronomy,lav
,2813-5334,Frontiers in Aquaculture,lav
,2624-8212,Frontiers in Artificial Intelligence,lav
,2813-5296,Frontiers in Behavioral Economics,lav
,2624-7852,Frontiers in Blockchain,lav
,2673-2718,Frontiers in Chemical Engineering,lav
,2297-900X,Frontiers in Communication,lav
,2624-9898,Frontiers in Computer Science,lav
,2673-253X,Frontiers in Digital Health,lav
,2504-284X,Frontiers in Education,lav
,2296-598X,Frontiers in Energy Research,lav
,2296-665X,Frontiers in Environmental Science,lav
2676-7104,2676-7104,Frontiers in health informatics,lav
,2813-0146,Frontiers in Health Services,lav
,2673-2726,Frontiers in Human Dynamics,lav
,2296-7745,Frontiers in Marine Science,lav
,2296-8016,Frontiers in Materials,lav
,2296-858X,Frontiers in Medicine,lav
,1664-302X,Frontiers in Microbiology,lav
1662-4548,1662-453X,Frontiers in Neuroscience,lav
,2296-861X,Frontiers in Nutrition,lav
,2234-943X,Frontiers in Oncology,lav
,1664-042X,Frontiers in Physiology,lav
,1664-0640,Frontiers in Psychiatry,lav
,1664-1078,Frontiers in Psychology,lav
,2296-2565,Frontiers in Public Health,lav
,2504-0537,Frontiers in Research Metrics and Analytics,lav
,2296-9144,Frontiers in Robotics and AI,lav
,2297-7775,Frontiers in Sociology,lav
,2624-9367,Frontiers in Sports and Active Living,lav
,2673-4524,Frontiers in Sustainability,lav
,2571-581X,Frontiers in Sustainable Food Systems,lav
,2813-2815,Frontiers in Sustainable Tourism,lav
,2673-7515,Frontiers in Tropical Diseases,lav
,2673-4192,Frontiers in Virtual Reality,lav
,1742-9994,Frontiers in Zoology,lav
2095-2228,2095-2236,Frontiers of Computer Science,lav
2095-7513,2096-0255,Frontiers of Engineering Management (FEM),lav
0367-1704,2445-6144,Fródskaparrit - Annales Societatis Scientiarum Færoensis,lav
0016-2361,1873-7153,Fuel,lav
2314-7202,2314-7210,Future Business Journal (FBUJ),lav
,2666-8335,Future Foods,lav
0167-739X,1872-7115,Future Generation Computer Systems,lav
,1999-5903,Future Internet,lav
1054-8289,1550-1558,Future of children,lav
,2673-7590,Future Transportation,lav
0016-3287,1873-6378,"Futures: The journal of policy, planning and futures studies",lav
1995-1272,,FWU Journal of Social Sciences,lav
0016-3384,0807-9277,Fysioterapeuten,lav
,2073-4336,Games,lav
1555-4120,1555-4139,Games and Culture,lav
0899-8256,1090-2473,Games and Economic Behavior,3
0921-5077,1875-7235,Gedrag & Organisatie,lav
0435-1835,,Geldgeschichtliche Nachrichten,lav
1754-2413,1754-2421,Gender in Management,lav
0966-369X,1360-0524,"Gender, Place & Culture: A Journal of Feminist Geography",lav
0968-6673,1468-0432,"Gender, Work & Organization",3
1465-6906,1474-760X,Genome Biology,lav
1010-6049,1752-0762,Geocarto International,lav
0016-7061,1872-6259,Geoderma,lav
2949-8929,2949-8910,Geoenergy Science and Engineering,lav
0016-7185,1872-9398,Geoforum,lav
0435-3676,1468-0459,"Geografiska Annaler: Series A, Physical Geography",lav
0435-3684,1468-0467,"Geografiska Annaler: Series B, Human Geography",lav
0016-7282,2300-7362,Geographia Polonica,lav
0016-7363,1538-4632,Geographical Analysis,lav
0016-7398,1475-4959,Geographical Journal,lav
0016-7460,,Geographische Rundschau,lav
2373-566X,2373-5678,GeoHumanities,lav
0343-2521,1572-9893,GeoJournal,lav
0072-1050,1099-1034,Geological Journal,lav
0305-8719,2041-4927,Geological Society Special Publication,lav
1947-5705,1947-5713,"Geomatics, Natural Hazards and Risk",lav
0094-8276,1944-8007,Geophysical Research Letters,lav
1465-0045,1557-3028,Geopolitics,lav
,2076-3263,Geosciences,lav
1991-959X,1991-9603,Geoscientific Model Development,lav
0960-3182,1573-1529,Geotechnical and Geological Engineering,lav
1126-7798,,Geotema,lav
2195-9706,,Geothermal Energy,lav
1891-1889,1893-563X,Geriatrisk sykepleie,lav
2397-0022,2397-0030,German Journal of Human Resource Management,lav
1548-1603,1943-7226,GIScience & Remote Sensing,lav
1097-4954,1745-1329,Global Business and Economics Review (GBER),lav
,1947-5667,Global Business and Management Research,lav
1932-2054,1932-2062,Global Business and Organizational Excellence,lav
0972-1509,0973-0664,Global Business Review,lav
1354-1013,1365-2486,Global Change Biology,lav
2168-0612,1941-9589,Global Conference on Business and Finance Proceedings,lav
0959-3780,1872-9495,Global Environmental Change,topp
1044-0283,1873-5665,Global Finance Journal,lav
2211-9124,,Global Food Security,lav
0972-2696,0974-0198,Global Journal of Flexible Systems Management,lav
1916-9736,1916-9744,Global Journal of Health Science,lav
2194-5675,1934-2640,Global Jurist,lav
1758-5880,1758-5899,Global Policy,lav
,2333-3936,Global Qualitative Nursing Research,lav
2433-4189,2433-4197,Global Security Seminar Series,lav
,2752-3349,Global Social Challenges Journal (GSCJ),lav
2042-5791,2042-5805,Global Strategy Journal,3
,2059-4798,Global Sustainability,lav
2566-378X,,Godisnjak Pravnog fakulteta Univerziteta 'Dzemal Bijedic' u Mostaru,lav
1342-937X,1878-0571,Gondwana Research,lav
0952-1895,1468-0491,"Governance. An International Journal of Policy, Administration and Institutions",lav
0017-257X,1477-7053,Government and Opposition,lav
0740-624X,1872-9517,"Government Information Quarterly: an international journal of information technology management, policies, and practices",3
,2352-801X,Groundwater for Sustainable Development,lav
1059-6011,1552-3993,Group & Organization Management,3
0926-2644,1572-9907,Group Decision and Negotiation,lav
1089-2699,1930-7802,Group Dynamics,lav
1368-4302,1461-7188,Group Processes & Intergroup Relations,lav
0017-4815,1468-2257,Growth and Change,lav
2366-6145,2366-6218,Gruppe. Interaktion. Organisation. Zeitschrift fur Angewandte Organisationspsychologie (GIO),lav
2251-2888,,GSTF Journal on Business Review (GBR),lav
0210-1173,,Hacienda Publica Espanola,lav
1736-6070,1736-6089,Halduskultuur,lav
2164-3601,2164-361X,Harvard Business Law Review,lav
0017-8012,,Harvard Business Review,topp
2267-4284,,Harvard Business Review France,lav
2288-856X,,Harvard Business Review Korea,lav
2147-3773,,Harvard Business Review Turkiye,lav
2688-8513,2644-2353,Harvard Data Science Review,lav
2172-055X,2386-4761,HASER - Revista Internacional de Filosofía Aplicada,lav
,2049-1115,HAU: Journal of Ethnographic Theory,lav
2359-6090,,Havard Business Review Brasil,lav
,1477-7525,Health and Quality of Life Outcomes,lav
2190-7188,2190-7196,Health and Technology,lav
0361-6274,1550-5030,Health Care Management Review,3
1386-9620,1572-9389,Health Care Management Science,lav
1041-0236,1532-7027,Health Communication,lav
1057-9230,1099-1050,Health Economics,3
,2191-1991,Health Economics Review,lav
1937-5867,2167-5112,Health Environments Research & Design Journal,lav
1460-4582,1741-2811,Health Informatics Journal,lav
0735-9683,1545-0864,Health Marketing Quarterly,lav
0168-8510,1872-6054,Health Policy,3
0268-1080,1460-2237,Health Policy and Planning,lav
2211-8837,2211-8845,Health Policy and Technology,lav
0957-4824,1460-2245,Health Promotion International,lav
0278-6133,1930-7810,Health Psychology,lav
,2055-1029,Health Psychology Open (HPO),lav
1743-7199,1743-7202,Health Psychology Review,lav
0951-4848,1758-1044,Health Services Management Research,lav
0017-9124,1475-6773,Health Services Research (HSR),3
2047-6965,2047-6973,Health Systems,lav
,2227-9032,Healthcare,lav
2093-3681,2093-369X,Healthcare Informatics Research,lav
0956-2737,1572-8498,HEC Forum,lav
1615-7761,,Heimatkalender des Kreises Heinsberg,lav
0017-9841,1894-3195,Heimen - Lokal og regional historie,lav
,2405-8440,Heliyon,lav
1819-5733,2221-7479,Herald of the International Academy of Science. Russian Section,lav
,2050-7445,Heritage Science,lav
0904-1699,1903-1785,HERMES - Journal of Language and Communication in Business,lav
1574-1818,1878-0563,High Energy Density Physics,lav
0334-6455,2191-0324,High Temperature Materials and Processes,lav
0018-1560,1573-174X,Higher Education,lav
2432-9614,,Higher Education Forum,lav
2717-8676,,Higher Education Governance & Policy,lav
0952-8733,1740-3863,Higher Education Policy,lav
0951-5224,1468-2273,Higher Education Quarterly,lav
0729-4360,1469-8366,Higher Education Research and Development,lav
2042-3896,2042-390X,"Higher Education, Skills and Work-based Learning",lav
2688-8211,2284-5666,Hiperboreea,lav
0161-5440,1940-1906,Historical Methods,lav
0018-263X,1504-2944,Historisk tidsskrift,lav
0106-4991,,Historisk Tidsskrift (Danmark),lav
0046-760X,1464-5130,History of Education,lav
0018-2648,1468-229X,History: The Journal of the Historical Association,lav
0018-280X,,Hitotsubashi Journal of Economics,lav
2198-2775,,HMD Praxis der Wirtschaftsinformatik,lav
2082-5897,2353-950X,Horyzonty Polityki,lav
2042-7913,2042-7921,Hospitality & Society,lav
2703-786X,,Housing Lab Working Paper Series,lav
0267-3037,1466-1810,Housing Studies,3
2522-5790,2522-5804,Human Arenas,lav
,2578-1863,Human Behavior and Emerging Technologies,lav
0300-7839,1572-9915,Human Ecology,lav
0895-9285,1532-7043,Human Performance,lav
0018-7267,1741-282X,Human Relations,3
0268-1161,1460-2350,Human Reproduction,lav
1367-8868,1469-8374,Human Resource Development International,lav
1044-8004,1532-1096,Human Resource Development Quarterly,lav
0090-4848,1099-050X,Human Resource Management,topp
0954-5395,1748-8583,Human Resource Management Journal,3
1053-4822,1873-7889,Human Resource Management Review,3
2695-9623,,Human Review,lav
2962-5556,,Human Rights in the Global South (HRGS),lav
1461-7781,1744-1021,Human Rights Law Review,lav
2330-3131,2330-314X,"Human service organizations, management, leadership & governance",lav
0737-0024,1532-7051,Human-Computer Interaction,3
2638-602X,2638-6038,Human-Machine Communication,lav
2366-603X,2366-6048,Humanistic Management Journal,lav
,2662-9992,Humanities and Social Sciences Communications,lav
0828-8666,1758-7174,Humanomics,lav
0018-8158,1573-5117,Hydrobiologia,lav
0262-6667,2150-3435,Hydrological Sciences Journal,lav
1027-5606,1607-7938,Hydrology and Earth System Sciences (HESS),lav
1812-2116,,Hydrology and Earth System Sciences Discussions (HESSD),lav
,2041-6695,i-Perception,lav
1559-792X,,IAEE International Conference,lav
0386-1112,2210-4240,IATSS Research,lav
1342-7466,2436-6609,Ibunka komyunikeshon,lav
,2340-1095,ICERI Proceedings,lav
1054-3139,1095-9289,ICES Journal of Marine Science,lav
2251-2039,2251-2047,IE 2017 Conference Proceedings,lav
,2169-3536,IEEE Access,lav
1089-7798,1558-2558,IEEE Communications Letters,lav
0163-6804,1558-1896,IEEE Communications Magazine,lav
0360-8581,1937-4178,IEEE Engineering Management Review,lav
2165-9559,2165-9567,"IEEE Global Engineering Education Conference, EDUCON",lav
1541-1672,1941-1294,IEEE Intelligent Systems,lav
1939-1390,1941-1197,IEEE Intelligent Transportation Systems Magazine (ITSM),lav
2161-8070,2161-8089,IEEE International Conference on Automation Science and Engineering,lav
2157-3611,2157-362X,IEEE International Conference on Industrial Engineering and Engineering Management,lav
1098-7584,,IEEE International Fuzzy Systems conference proceedings,lav
2153-6996,2153-7003,IEEE International Geoscience and Remote Sensing Symposium proceedings,lav
2166-9570,2166-9589,"IEEE International Symposium on Personal, Indoor, and Mobile Radio Communications workshops",lav
2327-4662,,IEEE Internet of Things Journal,lav
2168-2194,2168-2208,IEEE Journal of Biomedical and Health Informatics,lav
1070-986X,1941-0166,IEEE Multimedia,lav
,2644-125X,IEEE Open Journal of the Communications Society,lav
,2644-1268,IEEE Open Journal of the Computer Society (OJ-CS),lav
0278-6648,1558-1772,IEEE potentials,lav
1944-9925,1944-9933,IEEE Power & Energy Society General Meeting,lav
1070-9932,1558-223X,IEEE robotics & automation magazine,lav
1530-437X,1558-1748,IEEE Sensors Journal,lav
0740-7459,1937-4194,IEEE Software,lav
1932-8184,1937-9234,IEEE Systems Journal,lav
,2332-7790,IEEE Transactions on Big Data,lav
2168-7161,,IEEE Transactions on Cloud Computing,lav
0090-6778,1558-0857,IEEE Transactions on Communications,lav
,2329-924X,IEEE Transactions on Computational Social Systems,lav
2168-2267,2168-2275,IEEE Transactions on Cybernetics,lav
1545-5971,1941-0018,IEEE Transactions on Dependable and Secure Computing,lav
,2771-9626,"IEEE Transactions on Energy Markets, Policy and Regulation",lav
0018-9391,1558-0040,IEEE transactions on engineering management,lav
1089-778X,1941-0026,IEEE Transactions on Evolutionary Computation,lav
0093-9994,1939-9367,IEEE transactions on industry applications,lav
0018-9456,1557-9662,IEEE Transactions on Instrumentation and Measurement,lav
1524-9050,1558-0016,IEEE Transactions on Intelligent Transportation Systems (T-ITS),3
,1939-1382,IEEE Transactions on Learning Technologies,lav
1520-9210,1941-0077,IEEE transactions on multimedia,lav
2162-237X,2162-2388,IEEE Transactions on Neural Networks and Learning Systems,lav
0885-8950,1558-0679,IEEE Transactions on Power Systems,lav
0098-5589,1939-3520,IEEE Transactions on Software Engineering,lav
0018-9545,1939-9359,IEEE Transactions on Vehicular Technology,lav
1077-2626,1941-0506,IEEE Transactions on Visualization and Computer Graphics (TVCG),lav
1536-1276,1558-2248,IEEE Transactions on Wireless Communications,lav
1090-3038,2577-2465,IEEE Vehicular Technology Conference (VTC),lav
2162-2337,2162-2345,IEEE Wireless Communications Letters,lav
1944-0367,1944-0375,IEEE Workshop on Local and Metropolitan Area Networks,lav
,2473-2001,IEEE Xplore Digital Library,lav
1545-5963,1557-9964,IEEE/ACM Transactions on Computational Biology & Bioinformatics,lav
1063-6692,1558-2566,IEEE/ACM Transactions on Networking,lav
,2398-3396,IET Cyber-Physical Systems: Theory & Applications,lav
2405-8971,2405-8963,IFAC-PapersOnLine,lav
1868-4238,1868-422X,IFIP Advances in Information and Communication Technology,lav
2199-4455,,ifo Schnelldienst,lav
1742-0415,,IFS Working Paper,lav
0018-9855,2195-0237,IIC - International Review of Intellectual Property and Competition Law,3
,2180-2327,IIUM Journal of Case Studies in Management,lav
1471-678X,1471-6798,IMA Journal of Management Mathematics,lav
0276-2366,1541-4477,"Imagination, Cognition and Personality",lav
,2837-6056,Imaging Neuroscience,lav
2041-4161,2041-417X,IMF Economic Review,lav
1018-5941,,IMF Working Paper,lav
1461-5517,1471-5465,Impact Assessment and Project Appraisal,lav
2502-4752,2502-4760,Indonesian Journal of Electrical Engineering and Computer Science,lav
2579-9207,2579-9150,Indonesian Journal of Urban and Environmental Technology,lav
0019-7939,2162-271X,Industrial & labor relations review,3
0019-7858,1758-5767,Industrial and Commercial Training,lav
0960-6491,1464-3650,Industrial and Corporate Change,3
1754-9426,1754-9434,Industrial and Organizational Psychology: Perspectives on Science and Practice (IOP),lav
0263-5577,1758-5783,Industrial management & data systems,lav
0019-8501,1873-2062,Industrial Marketing Management,topp
0019-8676,1468-232X,Industrial Relations,lav
0019-8692,1468-2338,Industrial relations journal,lav
0950-4222,2043-6858,Industry & higher education,lav
1366-2716,1469-8390,Industry and Innovation,3
0163-6383,1879-0453,Infant Behavior and Development,lav
0219-0257,,Infinite Dimensional Analysis Quantum Probability and Related Topics,lav
0315-5986,1916-0615,INFOR: Information Systems and Operational Research,lav
,2352-9148,Informatics in Medicine Unlocked (IMU),lav
,2078-2489,Information,lav
0378-7206,1872-7530,Information & Management,topp
,1893-2479,InFormation - Nordic Journal of Art and Research,lav
0890-5401,1090-2651,Information and Computation,lav
,2056-4961,Information and Computer Security,lav
1471-7727,1873-7919,Information and organization,topp
0950-5849,1873-6025,Information and Software Technology,lav
0167-6245,1873-5975,Information Economics and Policy,lav
1566-2535,1872-6305,Information Fusion,lav
1570-1255,1875-8754,Information Polity,lav
0306-4573,1873-5371,Information Processing & Management,lav
0020-0255,1872-6291,Information Sciences,lav
1939-3555,1939-3547,Information Security Journal,lav
0306-4379,1873-6076,Information Systems,lav
1617-9846,1617-9854,Information Systems and E-Business Management,lav
1387-3326,1572-9419,Information Systems Frontiers,3
1350-1917,1365-2575,Information Systems Journal,topp
1058-0530,1934-8703,Information systems management,lav
1385-951X,1573-7667,Information Technology and Management,lav
0959-3845,1758-5813,Information Technology and People,3
0268-1102,1554-0170,Information Technology for Development,lav
1369-118X,1468-4462,"Information, Communication & Society",3
1676-0670,1679-415X,Informe Gepec,lav
2644-0865,2644-0873,INFORMS Journal on Applied Analytics (IJAA),lav
1091-9856,1526-5528,INFORMS journal on computing,topp
2575-1484,2575-1492,INFORMS Journal on Optimization,lav
,2053-0250,Infrastructure Asset Management,lav
,2412-3811,Infrastructures,lav
1353-8047,1475-5785,Injury Prevention,lav
2157-930X,2157-9318,Innovation and Development,lav
,2949-7531,Innovation and Green Development,lav
1351-1610,1469-8412,Innovation. The European Journal of Social Sciences,lav
1447-9338,2204-0226,Innovation: Organization and Management,lav
1470-3297,1470-3300,Innovations in Education and Teaching International,lav
0020-174X,1502-3923,Inquiry (Oslo),lav
0167-6687,1873-5959,"Insurance, Mathematics & Economics",lav
,2340-1079,INTED Proceedings,lav
,1553-3069,Integral Review,lav
1364-906X,,Intellectual Property Quarterly,lav
0160-2896,1873-7935,Intelligence,lav
1079-8587,2326-005X,Intelligent Automation and Soft Computing,lav
1750-8975,1756-6932,Intelligent Buildings International,lav
0953-5438,1873-7951,Interacting with computers,lav
1072-5520,1558-3449,Interactions,lav
1467-5986,1469-8439,Intercultural Education,lav
1612-295X,1613-365X,Intercultural Pragmatics,lav
2710-2114,2710-2122,Interdisciplinary Journal of Education Research,lav
2047-7414,2047-7422,Interest Groups & Advocacy,lav
0092-2102,1526-551X,Interfaces,lav
0020-577X,1891-1757,Internasjonal Politikk,lav
1083-0898,1573-966X,International Advances in Economic Research,lav
0020-5893,1471-6895,International and Comparative Law Quarterly,3
0340-0131,1432-1246,International Archives of Occupational and Environmental Health,lav
2233-8659,2049-1123,International Area Studies Review,lav
0969-5931,1873-6149,International Business Review,3
,2577-1604,International Command and Control Research and Technology Symposium (ICCRTS) proceedings,lav
1748-0485,1748-0493,International Communication Gazette,lav
0735-1933,1879-0178,International Communications in Heat and Mass Transfer,lav
,2519-8394,International Conference on Advances and Trends in Software Engineering (SOFTENG),lav
,2308-3956,International Conference on Digital Society and eGovernments (ICDS),lav
2334-3141,2473-7569,International Conference on Frontiers of Information Technology (FIT),lav
1094-7256,,International Conference on High-Performance Computing. Proceedings,lav
,2308-3727,"International Conference on Smart Cities, Systems, Devices and Technologies (SMART)",lav
2165-4077,2165-4093,International Conference on the European Energy Market,lav
1057-5677,1556-3855,International Criminal Justice Review,lav
2576-9111,,International Crisis and Risk Communication Conference,lav
2044-3994,2044-4001,International Data Privacy Law (IDPL),lav
0020-6598,1468-2354,International Economic Review,3
1612-4804,1612-4812,International Economics and Economic Policy,lav
2576-3059,2576-3067,International Educational Research (IER),lav
1755-599X,1878-013X,International Emergency Nursing,lav
1757-4404,,International Energy Law Review,lav
1096-7508,1559-2448,International Food and Agribusiness Management Review,lav
0219-1989,,International Game Theory Review,lav
0707-5332,1949-6540,International History Review,lav
1360-144X,1470-1324,International Journal for Academic Development,lav
,1475-9276,International Journal for Equity in Health,lav
,2197-8646,International Journal for Research in Vocational Education and Training,lav
1834-7649,1758-9037,International Journal of Accounting and Information Management,lav
2372-4978,2372-4986,International Journal of Accounting and Taxation (New York),lav
1467-0895,1873-4723,International Journal of Accounting Information Systems,lav
1861-1303,1861-9916,International Journal of Action Research,lav
2313-626X,2313-3724,International Journal of Advanced and Applied Sciences,lav
,1867-5565,International Journal of Advanced Corporate Learning,lav
1758-938X,1758-9398,International Journal of Advanced Operations Management (IJAOM),lav
0265-0487,1759-3948,International Journal of Advertising: the review of marketing communications,lav
1462-4605,1741-5004,"International Journal of Agricultural Resources, Governance and Ecology",lav
1473-5903,1747-762X,International Journal of Agricultural Sustainability,lav
2516-1962,,"International Journal of Agriculture Innovation, Technology and Globalisation",lav
2160-9802,2160-9810,International Journal of Applied Behavioral Economics (IJABE),lav
,1548-0003,International Journal of Applied Economics,lav
,2577-767X,"International Journal of Applied Economics, Finance and Accounting",lav
0802-6106,1473-4192,International Journal of Applied Linguistics,lav
1947-8283,1947-8291,International Journal of Applied Metaheuristic Computing,lav
1476-8062,1476-8070,International Journal of Art & Design Education,lav
1480-8986,,International Journal of Arts Management (IJAM),lav
,2148-7456,International Journal of Assessment Tools in Education (IJATE),lav
2161-4717,2161-4725,International Journal of Astronomy and Astrophysics International Journal of Astronomy and Astrophysics,lav
1499-2027,1708-8186,International Journal of Audiology,lav
1090-6738,1099-1123,International Journal of Auditing,lav
0265-2323,1758-5937,International Journal of Bank Marketing,lav
1755-3830,1755-3849,"International Journal of Banking, Accounting and Finance",lav
2631-8679,2631-8687,International Journal of Big Data Management (IJBDM),lav
2151-3732,2151-3740,"International Journal of Biodiversity Science, Ecosystem Services & Management",lav
0020-7128,1432-1254,International journal of biometeorology,lav
1083-4346,,International journal of business,lav
1753-6219,1753-6227,International Journal of Business and Emerging Markets,lav
1833-3850,1833-8119,International Journal of Business and Management (IJBM),lav
2329-4884,2329-4892,International Journal of Business Communication (IJBC),lav
1758-2164,1758-2172,International Journal of Business Continuity and Risk Management (IJBCRM),lav
1740-0589,1740-0597,International Journal of Business Environment,lav
1756-0047,1756-0055,International Journal of Business Excellence,lav
1744-6635,1744-6643,International Journal of Business Forecasting and Marketing Intelligence (IJBFMI),lav
1477-9048,1741-802X,International Journal of Business Governance and Ethics,lav
1751-0252,1751-0260,International Journal of Business Innovation and Research,lav
1555-1296,2378-8577,International Journal of Business Research,lav
2053-4345,2053-4353,International Journal of Care Coordination,lav
1239-9736,2242-3982,International Journal of Circumpolar Health,lav
1756-8692,1756-8706,International Journal of Climate Change Strategies and Management,lav
0020-7144,1744-5183,International Journal of Clinical and Experimental Hypnosis,lav
,1932-8036,International Journal of Communication,lav
0952-617X,1875-838X,International Journal of Comparative Labour Law and Industrial Relations,lav
1757-1170,1757-1189,International Journal of Computational Economics and Econometrics,lav
0218-1959,,International journal of computational geometry and applications,lav
,2150-7988,International Journal of Computer Information Systems and Industrial Management Applications,lav
0020-7160,1029-0265,International Journal of Computer Mathematics,lav
,1684-4769,International Journal of Computer Science in Sport,lav
2349-0829,2231-2803,International Journal of Computer Trends and Technology,lav
1556-1607,1556-1615,International Journal of Computer-Supported Collaborative Learning,lav
1044-4068,1758-8545,International Journal of Conflict Management,lav
1470-6423,1470-6431,International Journal of Consumer Studies,lav
0959-6119,1757-1049,International Journal of Contemporary Hospitality Management,lav
,2366-0074,International journal of corporate social responsibility,lav
2054-8079,,International Journal of Corporate Strategy and Social Responsibility,lav
1384-6655,1569-9811,International Journal of Corpus Linguistics,lav
0973-5089,,International Journal of Criminal Justice Sciences,lav
1470-5958,1741-2838,International Journal of Cross Cultural Management,lav
1028-6632,1477-2833,International Journal of Cultural Policy,3
1754-2863,1754-2871,International Journal of Culture and Mental Health,lav
1750-6182,1750-6190,"International Journal of Culture, Tourism and Hospitality Research",lav
2364-415X,2364-4168,International Journal of Data Science and Analytics (JDSA),lav
1601-5029,1601-5037,International Journal of Dental Hygiene,lav
1755-7437,1755-7445,International Journal of Design & Nature and Ecodynamics,lav
1446-8956,,International Journal of Development Issues,lav
1753-8947,1753-8955,International Journal of Digital Earth,lav
2040-4182,2040-4190,International Journal of Digital Television,lav
1034-912X,1465-346X,"International Journal of Disability, Development and Education",lav
,2212-4209,International Journal of Disaster Risk Reduction,3
2095-0055,2192-6395,International Journal of Disaster Risk Science,lav
1741-3591,1746-6539,International Journal of Disclosure and Governance,lav
1548-1131,1548-114X,International Journal of E-Business Research,lav
0020-7187,1878-4658,International Journal of Early Childhood,lav
0966-9760,1469-8463,International Journal of Early Years Education,lav
2069-5756,2285-0430,International Journal of Economic Behavior,lav
1752-0452,1752-0460,International Journal of Economic Policy in Emerging Economies (IJEPEE),lav
,1804-9796,International Journal of Economic Sciences,lav
1948-5166,,International Journal of Economics and Business,lav
,2241-4754,International Journal of Economics and Business Administration (IJEBA),lav
1756-9850,1756-9869,International Journal of Economics and Business Research,lav
,2146-4138,International Journal of Economics and Financial Issues,lav
,1529-8094,International Journal of Education and the Arts,lav
1759-5673,1759-5681,International Journal of Education Economics and Development (IJEED),lav
,2147-611X,"International Journal of Education in Mathematics, Science and Technology (IJEMST)",lav
0951-354X,1758-6518,International Journal of Educational Management,lav
0883-0355,1873-538X,International Journal of Educational Research,lav
,2666-3740,International Journal of Educational Research Open,lav
0142-0615,1879-3517,International Journal of Electrical Power & Energy Systems,lav
1470-6067,1741-5063,International Journal of Electronic Business,lav
1086-4415,1557-9301,International Journal of Electronic Commerce,3
1471-4825,1741-5071,International Journal of Emergency Management,lav
1522-4821,,International Journal of Emergency Mental Health,lav
2047-0894,2047-0908,International Journal of Emergency Services,lav
1746-8809,1746-8817,International Journal of Emerging Markets,lav
1750-6220,1750-6239,International Journal of Energy Sector Management,lav
1748-1252,1748-1260,International Journal of Enterprise Network Management,lav
1355-2554,1758-6534,International Journal of Entrepreneurial Behaviour & Research,lav
2336-2952,2336-2960,International Journal of Entrepreneurial Knowledge,lav
1742-5360,1742-5379,International Journal of Entrepreneurial Venturing,lav
1099-9264,1939-4675,International Journal of Entrepreneurship,lav
2616-0048,,International Journal of Entrepreneurship and Economic Issues,lav
1465-7503,2043-6882,International Journal of Entrepreneurship and Innovation,lav
1368-275X,1741-5098,International Journal of Entrepreneurship and Innovation Management,lav
1476-1297,1741-8054,International Journal of Entrepreneurship and Small Business (IJESB),lav
1306-3065,,International Journal of Environmental and Science Education,lav
1661-7827,1660-4601,International Journal of Environmental Research and Public Health (IJERPH),lav
1466-2132,1741-511X,International Journal of Environmental Technology and Management,lav
0300-5771,1464-3685,International Journal of Epidemiology,lav
1758-2954,1758-2962,International Journal of Event and Festival Management,lav
2059-089X,2059-0903,International Journal of Export Marketing,lav
1076-9307,1099-1158,International Journal of Finance and Economics,lav
2424-7863,2424-7944,International Journal of Financial Engineering (IJFE),lav
1460-6712,,International Journal of Financial Services Management,lav
,2227-7072,International Journal of Financial Studies (IJFS),lav
2056-6522,2056-6530,International Journal of Food Design,lav
0169-2070,1872-8200,International Journal of Forecasting,3
1562-2479,2199-3211,International Journal of Fuzzy Systems (IJFS),lav
0020-7276,1432-1270,International Journal of Game Theory,lav
2155-6849,2155-6857,International Journal of Games Based Learning,lav
1878-450X,1878-4518,International Journal of Gastronomy and Food Science,lav
1756-6266,1756-6274,International Journal of Gender and Entrepreneurship,lav
,1178-7074,International Journal of General Medicine,lav
0973-4619,0976-1888,International Journal of Global Business and Competitiveness (IJGBC),lav
1543-5075,1543-5083,International Journal of Green Energy,lav
1750-5836,1878-0148,International Journal of Greenhouse Gas Control,lav
0020-7292,1879-3479,International Journal of Gynecology & Obstetrics,lav
2059-4631,2059-464X,International Journal of Health Governance,lav
0749-6753,1099-1751,International Journal of Health Planning and Management,lav
1463-5240,2164-9545,International Journal of Health Promotion and Education,lav
2047-9700,2047-9719,International Journal of Healthcare Management,lav
1368-2156,1741-5144,International Journal of Healthcare Technology and Management,lav
1352-7258,1470-3610,International Journal of Heritage Studies (IJHS),lav
1927-6044,1927-6052,International Journal of Higher Education,lav
0278-4319,1873-4693,International Journal of Hospitality Management,topp
1753-8270,1753-8289,International Journal of Housing Markets and Analysis,lav
1949-1247,1949-1255,International journal of housing policy,lav
0958-5192,1466-4399,International Journal of Human Resource Management,3
1044-7318,1532-7590,International Journal of Human-Computer Interaction,lav
1071-5819,1095-9300,International Journal of Human-Computer Studies,lav
0360-3199,1879-3487,International Journal of Hydrogen Energy,lav
1748-5037,1748-5045,International Journal of Industrial and Systems Engineering (IJISE),lav
0169-8141,1872-8219,International Journal of Industrial Ergonomics,lav
0167-7187,1873-7986,International Journal of Industrial Organization,3
0268-4012,1873-4707,International Journal of Information Management,3
,2667-0968,International Journal of Information Management Data Insights,lav
1615-5262,1615-5270,International Journal of Information Security,lav
2182-7796,2182-7788,International Journal of Information Systems and Project Management,lav
1935-570X,1935-5718,International Journal of Information Technologies and Systems Approach,lav
0219-6220,,International Journal of Information Technology and Decision Making,lav
1461-4111,1741-5179,International Journal of Information Technology and Management,lav
1938-0232,1938-0240,International Journal of Information Technology Project Management,lav
1753-0660,1753-0679,International Journal of Innovation and Regional Development,lav
1740-8822,1740-8830,International Journal of Innovation and Sustainable Development,lav
0219-8770,,International Journal of Innovation and Technology Management (IJITM),lav
1947-8305,1947-8313,International Journal of Innovation in the Digital Economy,lav
1363-9196,1757-5877,International Journal of Innovation Management,lav
1757-2223,1757-2231,International Journal of Innovation Science,lav
2201-1315,2201-1323,"International Journal of Innovation, Creativity and Change",lav
,1568-4156,International Journal of Integrated Care (IJIC),lav
0884-8173,1098-111X,International Journal of Intelligent Systems,lav
0147-1767,1873-7552,International Journal of Intercultural Relations,lav
1477-5212,1741-8100,International Journal of Internet Marketing and Advertising,lav
1753-8394,1753-8408,International Journal of Islamic and Middle Eastern Finance and Management,lav
1741-1009,1741-1017,International Journal of Knowledge and Learning,lav
2040-4468,2040-4476,International Journal of Knowledge-Based Development,lav
0967-0769,1464-3693,International Journal of Law and Information Technology,3
1744-5523,1744-5531,International Journal of Law in Context,lav
1756-0616,1876-763X,"International Journal of Law, Crime and Justice",lav
1360-3124,1464-5092,International Journal of Leadership in Education,lav
2040-4166,2040-4174,International Journal of Lean Six Sigma,lav
1740-2875,1740-2883,International Journal of Learning and Change,lav
1694-2493,1694-2116,"International Journal of Learning, Teaching and Educational Research (ILJTER)",lav
0260-1370,1464-519X,International Journal of Lifelong Education,lav
1741-5373,1741-5381,International Journal of Logistics Economics and Globalisation,lav
0957-4093,1758-6550,International Journal of Logistics Management,lav
1367-5567,1469-848X,International Journal of Logistics Research and Applications,lav
1742-7967,1742-7975,International Journal of Logistics Systems and Management,lav
1468-4330,1741-8127,International Journal of Management and Enterprise Development,lav
1478-1484,1741-8135,International Journal of Management Concepts and Philosophy,lav
1752-8240,1752-850X,International Journal of Management Development,lav
1477-9064,1741-8143,International Journal of Management Practice,lav
1460-8545,1468-2370,International Journal of Management Reviews,topp
2232-5107,2232-5697,"International Journal of Management, Knowledge and Learning",lav
1753-6715,1753-6723,International Journal of Managerial and Financial Accounting,lav
1743-9132,1758-6569,International Journal of Managerial Finance,lav
1753-8378,1753-8386,International Journal of Managing Projects in Business,lav
0143-7720,1758-6577,International journal of manpower,lav
1368-2148,1741-5195,International Journal of Manufacturing Technology and Management (IJMTM),lav
1388-1973,1476-0592,International Journal of Maritime Economics,lav
0843-8714,2052-7756,International Journal of Maritime History,lav
1470-7853,2515-2173,International Journal of Market Research (IJMR),lav
1386-5056,1872-8243,International Journal of Medical Informatics,lav
,1752-4458,International Journal of Mental Health Systems,lav
1755-2176,1755-2184,International Journal of Metaheuristics (IJMHeur),lav
,1747-5864,International Journal of Microsimulation,lav
1479-0718,1747-7530,International Journal of Multilingualism,lav
,2227-5789,International Journal of Music Business Research,lav
2048-2175,2048-2183,International Journal of Network Science,lav
0020-7462,1878-5638,International Journal of Non-Linear Mechanics,lav
1465-4520,1479-103X,International Journal of Nonprofit & Voluntary Sector Marketing,lav
0020-7489,1873-491X,International Journal of Nursing Studies,lav
0307-0565,1476-5497,International Journal of Obesity,lav
1232-1087,1896-494X,International Journal of Occupational Medicine and Environmental Health,lav
1080-3548,2376-9130,International Journal of Occupational Safety and Ergonomics (JOSE),lav
1868-1646,1861-2121,International Journal of Online Engineering,lav
0144-3577,1758-6593,International Journal of Operations & Production Management,3
1093-4537,1532-4273,International Journal of Organization Theory and Behavior,lav
1934-8835,1758-8561,International Journal of Organizational Analysis,lav
2383-1103,2345-6744,International Journal of Organizational Leadership,lav
1750-6123,1750-6131,International Journal of Pharmaceutical and Healthcare Marketing,lav
0960-0035,1758-664X,International Journal of Physical Distribution & Logistics Management,3
1461-3557,1478-1603,International Journal of Police Science and Management,lav
1744-9200,1744-9219,International Journal of Prisoner Health,lav
1460-6739,1741-816X,International Journal of Process Management and Benchmarking,lav
1753-8432,1753-8440,International Journal of procurement management,lav
1477-9056,1741-8178,International Journal of Product Development,lav
0925-5273,1873-7579,International Journal of Production Economics,3
0020-7543,1366-588X,International Journal of Production Research,3
1741-0401,1758-6658,International Journal of Productivity and Performance Management,lav
1746-6474,1746-6482,International Journal of Productivity and Quality Management,lav
0263-7863,1873-4634,International Journal of Project Management,topp
1740-2891,1740-2905,International Journal of Project Organisation and Management,lav
0020-7594,1464-066X,International Journal of Psychology (IJP),lav
,1475-7192,International Journal of Psychosocial Rehabilitation,lav
0190-0692,1532-4265,International Journal of Public Administration,lav
2334-4520,2334-4539,International Journal of Public Administration in the Digital Age,lav
2056-4929,2056-4937,International Journal of Public Leadership,lav
0951-3558,1758-6666,International Journal of Public Sector Management,lav
1741-1041,1741-105X,International Journal of Public Sector Performance Management,lav
,1609-4069,International Journal of Qualitative Methods (IJQM),lav
0265-671X,1758-6682,International Journal of Quality & Reliability Management,lav
1756-669X,1756-6703,International Journal of Quality and Service Sciences,lav
,2375-4729,International Journal of Quantum Foundations,lav
2160-9551,2160-956X,International Journal of Reliable and Quality E-Healthcare,lav
0143-1161,1366-5901,International Journal of Remote Sensing,lav
0167-8116,1873-8001,International Journal of Research in Marketing,topp
2051-9931,2051-994X,"International Journal of Research, Innovation and Commercialisation",lav
0959-0552,1758-6690,International Journal of Retail & Distribution Management,lav
2160-9624,2160-9632,International Journal of Risk and Contingency Management,lav
0924-6479,1878-6847,International Journal of Risk and Safety in Medicine,lav
1001-6279,,International Journal of Sediment Research,lav
0965-075X,1468-2389,International Journal of Selection and Assessment,lav
,2384-8766,INTERNATIONAL JOURNAL OF SERIOUS GAMES,lav
1756-6517,1756-6525,International Journal of Shipping and Transport Logistics,lav
1726-4529,1996-8566,International Journal of Simulation Modelling,lav
0306-8293,1758-6712,International Journal of Social Economics,lav
0020-7640,1741-2854,International Journal of Social Psychiatry,lav
1875-4791,1875-4805,International Journal of Social Robotics,lav
,1804-980X,International Journal of Social Sciences,lav
1369-6866,1468-2397,International Journal of Social Welfare,lav
0976-2221,,International Journal of Software Engineering & Applications,lav
1936-3915,1936-3907,International Journal of Sport Communication,lav
1558-6235,1930-076X,International Journal of Sport Finance,lav
1475-8962,1740-2808,International Journal of Sport Management and Marketing,lav
1940-6940,1940-6959,International Journal of Sport Policy and Politics,lav
1464-6668,,International Journal of Sports Marketing & Sponsorship,lav
0172-4622,1439-3964,International Journal of Sports Medicine (IJSM),lav
1747-9541,2048-397X,International journal of sports science & coaching,lav
,2196-7822,International Journal of STEM Education,lav
1740-2859,1740-2867,International Journal of Strategic Change Management,lav
1553-118X,1553-1198,International Journal of Strategic Communication,lav
1555-2411,2378-8615,International Journal of Strategic Management,lav
1648-715X,1648-9179,International Journal of Strategic Property Management,lav
1072-5245,1573-3424,International Journal of Stress Management,lav
1467-6370,1758-6739,International Journal of Sustainability in Higher Education,lav
1350-4509,1745-2627,International Journal of Sustainable Development and World Ecology,lav
1478-6451,1478-646X,International Journal of Sustainable Energy,lav
,2246-2929,International Journal of Sustainable Energy Planning and Management,lav
1939-7038,1939-7046,International Journal of Sustainable Engineering,lav
1556-8318,1556-8334,International Journal of Sustainable Transportation,lav
0975-6809,0976-4348,International Journal of System Assurance Engineering and Management,lav
2640-4265,2640-4273,International Journal of Systems and Software Security and Protection (IJSSSP),lav
2330-2674,2330-2682,International journal of systems science: Operations & logistics,lav
,2336-2022,International Journal of Teaching and Education,lav
1753-1942,1753-1950,"International Journal of Technological Learning, Innovation and Development (IJTLID)",lav
0266-4623,1471-6348,International Journal of Technology Assessment in Health Care,lav
0267-5730,1741-5276,International Journal of Technology Management,lav
1741-878X,1741-8798,International Journal of Technology Marketing,lav
1357-1516,1466-1829,International Journal of the Economics of Business,lav
0952-3367,1743-9035,International Journal of the History of Sport,lav
0020-7748,1572-9575,International journal of theoretical physics,lav
2056-5607,2056-5615,International Journal of Tourism Cities,lav
1750-4090,1750-4104,International Journal of Tourism Policy,lav
1360-3736,1468-2419,International Journal of Training and Development,lav
0303-5247,1724-2185,INTERNATIONAL JOURNAL OF TRANSPORT ECONOMICS,lav
1548-7199,1548-7202,International Journal of Unconventional Computing,lav
1946-3138,1946-3146,International Journal of Urban Sustainable Development,lav
1741-5357,1741-5365,International journal of value chain management,lav
2211-4491,,International Journal of Water Governance,lav
,1179-8602,International Journal of Wellbeing,lav
1049-8001,1448-5516,International journal of wildland fire,lav
1751-1062,1751-1070,International Journal of Wine Business Research,lav
1740-8938,1740-8946,International Journal of Work Organisation and Emotion,lav
,2538-1032,International Journal of Work-Integrated Learning,lav
1753-8351,1753-836X,International Journal of Workplace Health Management,lav
,1942-2679,International Journal on Advances in Intelligent Systems,lav
,1942-2628,International Journal On Advances in Software,lav
,1942-261X,International Journal On Advances in Systems and Measurements,lav
1432-5012,1432-1300,International Journal on Digital Libraries,lav
,1869-6945,International Journal on Food System Dynamics,lav
1313-8251,,International Journal on Information Technologies and Security (IJITS),lav
1385-4879,1571-8115,International Journal on Minority and Group Rights,lav
2405-688X,2405-6901,International Labor Rights Case Law,lav
,3050-4864,International Marine Design Conference (IMDC),lav
1641-9251,2081-3252,International Maritime Health,lav
0265-1335,1758-6763,International Marketing Review,3
0197-9183,1747-7379,International Migration Review,3
2157-3883,2157-3891,"International Perspectives in Psychology: Research, Practice, Consultation",lav
1479-3679,,International Perspectives on Education and Society,lav
0192-5121,1460-373X,International Political Science Review,lav
,2046-9292,International Practice Development Journal,lav
2010-4626,,International Proceedings of Economics Development and Research,lav
1096-7494,1559-3169,International Public Management Journal,lav
,1662-1387,International Public Management Review (IPMR),lav
1029-6131,,International Real Estate Review,lav
2154-8919,,International Real Estate Review (IRER),lav
0160-0176,1552-6925,International regional science review,lav
0047-1178,1741-2862,International Relations,lav
2394-4218,,International Research Journal of Human Resources and Social Sciences,lav
2009-2822,,International Reveiw of Entrepreneurship,lav
1012-6902,1461-7218,International Review for the Sociology of Sport,lav
0020-8523,1461-7226,International Review of Administrative Sciences,lav
1059-0560,1873-8036,International Review of Economics and Finance,lav
1932-1465,1932-1473,International Review of Environmental and Resource Economics,lav
1369-412X,1468-2443,International Review of Finance,lav
1057-5219,1873-8079,International Review of Financial Analysis,lav
0144-8188,1873-6394,International Review of Law and Economics,lav
,2146-4405,International Review of Management and Marketing,lav
1229-4659,2331-7795,International Review of Public Administration (IRPA),lav
0959-3969,1466-4402,International Review of Retail Distribution & Consumer Research,lav
,2397-8570,International Review of Social Psychology,lav
0390-6701,1469-9273,International Review of Sociology,lav
1865-1984,1865-1992,International Review on Public and Nonprofit Marketing,lav
0266-2426,1741-2870,International Small Business Journal,3
2328-918X,2328-9198,International Sport Coaching Journal,lav
0020-8825,1558-0911,International Studies of Management and Organization,lav
0020-8833,1468-2478,International Studies Quarterly,3
1641-4233,2300-8695,International Studies: Interdisciplinary Political and Cultural Journal (IS),lav
2183-1378,,International Symposium on Project Approaches in Engineering Education,lav
0927-5940,1573-6970,International Tax and Public Finance,3
0969-6016,1475-3995,International Transactions in Operational Research,lav
2372-7179,2472-7814,International Workshop on Quality of Multimedia Experience (QoMEX),lav
2199-1073,2199-1081,Internet of Things,lav
,2542-6605,Internet of Things: Engineering Cyber Physical Human Systems,lav
,2197-6775,Internet Policy Review,lav
1066-2243,,Internet Research,3
1980-4865,,Internext,lav
0165-2826,1875-8347,Intertax,lav
1695-7253,2340-2717,Investigaciones Regionales,lav
1810-4967,1812-9358,Investment Management and Financial Innovations,lav
1755-1307,1755-1315,IOP Conference Series: Earth and Environmental Science (EES),lav
1757-8981,1757-899X,IOP Conference Series: Materials Science and Engineering,lav
,2624-831X,IoT,lav
2220-8739,,Iqtisad elmləri: nəzəriyyə və praktika,lav
1891-9863,2387-3353,IRIS Selected Papers of the Information Systems Research Seminar in Scandinavia,lav
0791-0010,,Irish Communications Review,lav
1531-0353,1531-0361,Irrigation and Drainage,lav
,2589-0042,iScience,lav
2938-5202,,ISD2023 proceedings,lav
1319-1616,2411-3395,Islamic Economic Studies (IES),lav
1098-6189,1555-1792,ISOPE - International Offshore and Polar Engineering Conference. Proceedings,lav
2194-9042,2194-9050,"ISPRS Annals of the Photogrammetry, Remote Sensing and Spatial Information Sciences",lav
2220-9964,,ISPRS International Journal of Geo-Information,lav
0739-3172,1558-7983,Issues in Accounting Education,lav
1547-5840,1547-5867,Issues in Informing Science and Information Technology (IISIT),lav
,1092-1206,Issues in Science and Technology Librarianship,lav
2662-3323,2662-3331,Italian Journal of Marketing,lav
,2365-9793,IZA Discussion Papers,lav
,2054-9571,IZA World of Labor,lav
0920-380X,,Jaarboek voor Munt- en Penningkunde,lav
0948-5139,2366-035X,Jahrbuch für Wirtschaftswissenschaften,lav
0075-2800,2196-6842,Jahrbuch für Wirtschaftsgeschichte,lav
,2574-3805,JAMA Network Open,lav
2374-2437,2374-2445,JAMA Oncology,lav
1352-4739,1468-5876,Japanese Economic Review,lav
0949-6181,1862-0019,JEEMS. Journal of East European Management Studies,lav
,2561-326X,JMIR Formative Research,lav
,2292-9495,JMIR Human Factors,lav
,2369-3762,JMIR Medical Education,lav
,2291-9694,JMIR Medical Informatics,lav
,2562-7600,JMIR Nursing,lav
,1929-0748,JMIR Research Protocols,lav
,2291-9279,JMIR Serious Games,lav
1424-1277,1424-1250,JMM - The International Journal on Media Management,lav
2212-5574,,Journal Advances in Higher Education,lav
,2235-0225,Journal for Artistic Research (JAR),lav
,2510-5027,Journal for labour market research,lav
,2535-2857,Journal for Research in Arts and Sports Education,lav
1250-7970,2377-9640,Journal Logistique & Management (L&M),lav
1570-1727,1572-8544,Journal of Academic Ethics,lav
0165-4101,1879-1980,Journal of Accounting and Economics,topp
2158-3625,,Journal of Accounting and Finance,lav
1832-5912,1839-5473,Journal of Accounting and Organizational Change,lav
0278-4254,1873-2070,Journal of Accounting and Public Policy,3
0748-5751,1873-1996,Journal of Accounting Education,lav
2042-1168,2042-1176,Journal of Accounting in Emerging Economies,lav
0737-4607,,Journal of Accounting Literature,lav
0021-8456,1475-679X,Journal of Accounting Research,topp
0148-558X,2160-4061,"Journal of Accounting, Auditing and Finance",lav
0140-1971,1095-9254,Journal of Adolescence,lav
1932-202X,2162-9536,Journal of Advanced Academics (JAA),lav
0309-2402,1365-2648,Journal of Advanced Nursing,lav
1472-9679,1754-0402,Journal of Adventure Education and Outdoor Learning,lav
0021-8499,1740-1909,Journal of Advertising Research,lav
1522-8916,1522-9076,Journal of African Business,lav
0963-8024,1464-3723,Journal of African Economies,lav
2040-199X,1751-7974,Journal of African Media Studies,lav
2044-0839,2044-0847,Journal of Agribusiness in Developing and Emerging Economies,lav
,1542-0485,Journal of Agricultural & Food Industrial Organization,lav
1074-0708,2056-7405,Journal of Agricultural and Applied Economics,lav
1068-5502,2327-8285,Journal of Agricultural and Resource Economics,lav
0021-857X,1477-9552,Journal of Agricultural Economics (JAE),lav
1680-7073,2345-3737,Journal of Agricultural Science and Technology,lav
,2666-1543,Journal of Agriculture and Food Research,lav
1059-924X,1545-0813,Journal of Agromedicine,lav
0969-6997,1873-2089,Journal of Air Transport Management,lav
1750-1938,1750-1946,Journal of Airport Management,lav
0021-8693,1090-266X,Journal of Algebra,lav
,2753-3743,Journal of Alternative Finance,lav
1868-5137,1868-5145,Journal of Ambient Intelligence and Humanized Computing,lav
2521-5345,,Journal of Anti-Corruption Law,lav
0967-5426,1758-8855,Journal of Applied Accounting Research,lav
1045-4438,1545-0805,Journal of Applied Aquaculture,lav
0021-8863,1552-6879,Journal of Applied Behavioral Science,lav
1499-691X,,Journal of Applied Business and Economics (JABE),lav
1078-1196,1745-6622,Journal of Applied Corporate Finance,lav
0193-3973,1873-7900,Journal of Applied Developmental Psychology,lav
0021-8901,1365-2664,Journal of Applied Ecology,lav
0883-7252,1099-1255,Journal of applied econometrics,3
1514-0326,1667-6726,Journal of Applied Economics,lav
2001-0818,2049-9531,Journal of Applied Journalism and Media Studies,lav
1443-9905,1443-9913,Journal of Applied Management Accounting Research,lav
1110-757X,1687-0042,Journal of Applied Mathematics,lav
1598-5865,1865-2085,Journal of Applied Mathematics and Computing,lav
2327-4352,2327-4379,Journal of Applied Mathematics and Physics,lav
1735-8523,1927-0089,Journal of Applied Operational Research,lav
0021-9010,1939-1854,Journal of Applied Psychology,topp
2050-7003,1758-1184,Journal of Applied Research in Higher Education,lav
0021-9029,1559-1816,Journal of Applied Social Psychology,lav
1049-8850,1547-0636,Journal of Aquatic Food Product Technology,lav
0305-4403,1095-9238,Journal of Archaeological Science,lav
0140-1963,1095-922X,Journal of Arid Environments,lav
1558-7894,1559-2243,Journal of Asia Business Studies,lav
1367-9120,1878-5786,Journal of Asian Earth Sciences,lav
1049-0078,1873-7927,Journal of Asian Economics,lav
1470-8272,1479-179X,Journal of Asset Management,lav
1944-8953,1944-8961,Journal of Balkan and Near Eastern Studies,lav
0378-4266,1872-6372,Journal of Banking & Finance,3
2214-8043,2214-8051,Journal of Behavioral and Experimental Economics,lav
2214-6350,2214-6369,Journal of Behavioral and Experimental Finance,lav
0894-3257,1099-0771,Journal of Behavioral Decision Making,3
2652-2896,2652-290X,Journal of Behavioural Economics and Social Systems (BESS),lav
1542-7560,1542-7579,Journal of Behavorial Finance,lav
,2196-1115,Journal of Big Data,lav
1387-6996,1573-6989,Journal of Bioeconomics,lav
0305-0270,1365-2699,Journal of Biogeography,lav
1350-231X,1479-1803,Journal of Brand Management,lav
2352-7102,,Journal of Building Engineering,lav
,2078-9424,Journal of Business,lav
0735-0015,1537-2707,Journal of business & economic statistics,3
0889-3268,1573-353X,Journal of business and psychology,lav
,2245-4217,Journal of business anthropology,lav
0044-2372,1861-8928,Journal of Business Economics (JBE),lav
1611-1699,2029-4433,Journal of Business Economics and Management,lav
0167-4544,1573-0697,Journal of Business Ethics,3
1649-5195,2044-4559,Journal of Business Ethics Education,lav
0306-686X,1468-5957,Journal of Business Finance & Accounting,3
2155-4056,,Journal of Business Inquiry,lav
,2246-2465,Journal of Business Models,lav
0148-2963,1873-7978,Journal of Business Research,3
0275-6668,2052-1197,Journal of Business Strategy (JBS),lav
2194-5861,1932-9156,Journal of Business Valuation and Economic Loss Analysis,lav
0883-9026,1873-2003,Journal of Business Venturing,topp
2352-6734,,Journal of Business Venturing Insights,lav
1051-712X,1547-0628,Journal of Business-to-Business Marketing,lav
1469-7017,1479-1811,Journal of Change Management,lav
1053-8712,1547-0679,Journal of Child Sexual Abuse,lav
1938-8160,1938-8179,Journal of China Tourism Research,lav
1476-5284,1476-5292,Journal of Chinese Economic and Business Studies,lav
1080-6954,1874-6357,Journal of Chinese Political Science (JCPS),lav
,1755-5345,Journal of Choice Modelling,lav
0959-6526,1879-1786,Journal of Cleaner Production,lav
0894-8755,1520-0442,Journal of Climate,lav
,2077-0383,Journal of Clinical Medicine,lav
0962-1067,1365-2702,Journal of Clinical Nursing (JCN),lav
,2192-113X,Journal of Cloud Computing,lav
1555-3434,2169-5032,Journal of Cognitive Engineering and Decision Making,lav
0887-381X,1943-5495,Journal of cold regions engineering,lav
1382-6905,1573-2886,Journal of combinatorial optimization,lav
2405-8513,,Journal of Commodity Markets,lav
0021-9886,1468-5965,Journal of Common Market Studies,lav
1363-254X,1478-0852,Journal of Communication Management,lav
2578-2568,,Journal of Communication Pedagogy,lav
1052-9284,1099-1298,Journal of Community and Applied Social Psychology,lav
0147-5967,1095-7227,Journal of comparative economics,3
1477-0814,2767-1291,Journal of Comparative Law (JCL),lav
0021-9967,1096-9861,Journal of Comparative Neurology,lav
,0809-9936,Journal of Comparative Social Work,lav
1744-6414,1744-6422,Journal of Competition Law & Economics,lav
1804-171X,1804-1728,Journal of Competitiveness,lav
1460-1559,1755-2850,Journal of Computational Finance,lav
2432-2717,2432-2725,Journal of Computational Social Science (JCSS),lav
0022-0000,1090-2724,Journal of computer and system sciences,lav
0266-4909,1365-2729,Journal of Computer Assisted Learning (JCAL),lav
,2530-9455,Journal of Computer-Assisted Linguistic Research (JCLR),lav
0887-3801,1943-5487,Journal of computing in civil engineering,lav
0022-0027,1552-8766,Journal of Conflict Resolution,3
0733-9364,1943-7862,Journal of construction engineering and management,3
0022-0078,1745-6606,Journal of Consumer Affairs,lav
1472-0817,1479-1838,Journal of Consumer Behaviour,lav
1469-5405,1741-2900,Journal of Consumer Culture,lav
0736-3761,2052-1200,Journal of Consumer Marketing,lav
0168-7034,1573-0700,Journal of Consumer Policy,lav
1057-7408,1532-7663,Journal of Consumer Psychology,topp
0093-5301,1537-5277,Journal of Consumer Research,topp
1815-5669,,Journal of Contemporary Accounting and Economics,lav
1478-2804,1478-2790,Journal of Contemporary European Studies,lav
2516-7480,,Journal of Contemporary Marketing Science,lav
0966-0879,1468-5973,Journal of Contingencies and Crisis Management,lav
1547-0148,1547-0156,Journal of Convention & Event Tourism,lav
0944-6532,,Journal of Convex Analysis,lav
0929-1199,1872-6313,Journal of Corporate Finance,topp
1463-001X,1479-1048,Journal of Corporate Real Estate,lav
2394-9643,2454-213X,Journal of Creating Value,lav
0022-0175,2162-6057,Journal of Creative Behavior (JCB),lav
0973-2586,0973-2594,Journal of creative communications,lav
1753-0350,1753-0369,Journal of Cultural Economy,lav
1296-2074,1778-3674,Journal of Cultural Heritage,lav
0022-0272,1366-5839,Journal of Curriculum Studies,lav
,2624-800X,Journal of Cybersecurity and Privacy (JCP),lav
,2950-1059,Journal of Cycling and Micromobility Research (JCMR),lav
2416-5999,,Journal of Data Mining and Digital Humanities,lav
2398-1679,2398-1687,Journal of Data Protection and Privacy,lav
2524-6356,2524-6364,"Journal of Data, Information and Management",lav
1246-0125,2116-7052,Journal of Decision Systems (JDS),lav
2645-3304,2717-1183,Journal of Design Thinking (JDT),lav
2212-571X,2212-5752,Journal of Destination Marketing & Management,lav
0128-3863,,Journal of Development Communication,lav
0304-3878,1872-6089,Journal of Development Economics,3
1943-9342,1943-9407,Journal of Development Effectiveness,lav
0022-0388,1743-9140,Journal of Development Studies,3
0022-0396,1090-2732,Journal of Differential Equations,lav
1738-3110,2093-7717,Journal of Distribution Science (JDS),lav
0022-0418,1758-7379,Journal of Documentation,lav
0976-3503,0976-2930,Journal of E-Technology,lav
1476-718X,1741-2927,Journal of Early Childhood Research,lav
1066-9868,1528-6959,Journal of East-West Business,lav
2360-4964,,Journal of Eastern-European Criminal Law,lav
,2050-2974,Journal of Eating Disorders,lav
0304-4076,1872-6895,Journal of Econometrics,3
1026-4116,,Journal of Economic and Administrative Sciences,lav
0747-9662,1875-8932,Journal of Economic and Social Measurement,lav
0167-2681,1879-1751,Journal of Economic Behavior and Organization,3
,2949-7914,Journal of Economic Criminology,lav
0254-8372,,Journal of Economic Development,lav
,2285-3642,"Journal of Economic Development, Environment and People",lav
0165-1889,1879-1743,Journal of Economic Dynamics and Control,3
0022-0485,2152-4068,Journal of Economic Education,lav
1468-2702,1468-2710,Journal of Economic Geography,3
1381-4338,1573-7020,Journal of economic growth,3
0022-0507,1471-6372,Journal of Economic History,3
1569-1721,1573-8701,Journal of Economic Inequality,3
1225-651X,1976-5525,Journal of Economic Integration (JEI),lav
1860-711X,1860-7128,Journal of Economic Interaction and Coordination,lav
0022-0515,0364-281X,Journal of Economic Literature,topp
0895-3309,1944-7965,Journal of Economic Perspectives,topp
0167-4870,1872-7719,Journal of Economic Psychology,lav
,2193-2409,Journal of Economic Structures,lav
0144-3585,1758-7387,Journal of economic studies,lav
0950-0804,1467-6419,Journal of economic surveys,lav
0022-0531,1095-7235,Journal of Economic Theory,3
0931-8658,1617-7134,Journal of Economics,lav
0148-6195,1879-1735,Journal of Economics and Business,lav
1058-6407,1530-9134,Journal of Economics and Management Strategy,3
,2772-9001,"Journal of Economics, Theology and Religion (JETR)",lav
1472-4049,1747-7638,Journal of Ecotourism,lav
1363-9080,1469-9435,Journal of Education and Work,lav
0883-2323,1940-3356,Journal of Education for Business,lav
1389-2843,1573-1812,Journal of educational change,lav
1938-9027,1526-6133,Journal of Electronic Commerce Research,lav
,1080-2711,Journal of Electronic Publishing,lav
1543-5865,,Journal of Emergency Management,lav
0972-6527,0973-0710,Journal of Emerging Market Finance,lav
1554-1908,1558-7940,Journal of Emerging Technologies in Accounting,lav
0927-5398,1879-1727,Journal of Empirical Finance,3
0922-2936,1570-9256,Journal of empirical theology,lav
0361-4476,,Journal of Energy and Development,lav
1756-3607,1756-3615,Journal of Energy Markets,lav
2352-152X,2352-1538,Journal of Energy Storage,lav
0923-4748,1879-1719,Journal of engineering and technology management,lav
0954-4828,1466-1837,Journal of engineering design,lav
2642-6641,2642-6625,Journal of Engineering for Sustainable Buildings and Cities,lav
1726-0531,1758-8901,"Journal of Engineering, Design and Technology",lav
2191-9216,2191-933X,Journal of English as a Lingua Franca,lav
1741-0398,1758-7409,Journal of Enterprise Information Management,lav
1750-6204,1750-6212,Journal of Enterprising Communities: People and Places in the Global Economy,lav
,2975-9412,Journal of Entrepreneurial Researchers (JER),lav
0971-3557,0973-0745,Journal of Entrepreneurship,lav
2045-2101,2045-211X,Journal of Entrepreneurship and Public Policy,lav
1098-8394,1528-2651,Journal of Entrepreneurship Education,lav
2053-4604,2053-4612,Journal of Entrepreneurship in Emerging Economies,lav
2299-7075,2299-7326,"Journal of Entrepreneurship, Management and Innovation (JEMI)",lav
0095-0696,1096-0449,Journal of Environmental Economics and Management,topp
2160-6544,2160-6552,Journal of Environmental Economics and Policy,lav
0301-4797,1095-8630,Journal of Environmental Management (JEM),lav
0964-0568,1360-0559,Journal of Environmental Planning and Management,lav
1523-908X,1522-7200,Journal of Environmental Policy and Planning,lav
0272-4944,1522-9610,Journal of Environmental Psychology,3
0265-931X,1879-1700,Journal of Environmental Radioactivity,lav
0143-005X,1470-2738,Journal of Epidemiology and Community Health,lav
,2165-7556,Journal of Ergonomics,lav
1369-183X,1469-9451,Journal of Ethnic and Migration Studies,lav
1879-3665,1879-3673,Journal of Eurasian Studies,lav
2041-7764,2041-7772,Journal of European Competition Law & Practice (JECLAP),lav
0703-6337,1477-2280,Journal of European Integration,lav
1350-1763,1466-4429,Journal of European Public Policy,3
1753-9269,1753-9277,Journal of European Real Estate Research,lav
1868-9612,1868-9620,Journal of European Tort Law,lav
1356-1294,1365-2753,Journal of Evaluation In Clinical Practice,lav
0936-9937,1432-1386,Journal of evolutionary economics,lav
1053-8259,2169-009X,Journal of Experiential Education (JEE),lav
0022-0965,1096-0457,Journal of Experimental Child Psychology,lav
2052-2630,2052-2649,Journal of Experimental Political Science,lav
1076-898X,1939-2192,Journal of experimental psychology. Applied,lav
0096-3445,1939-2222,Journal of experimental psychology. General,3
0278-7393,1939-1285,"Journal of Experimental Psychology. Learning, Memory and Cognition",3
0096-1523,1939-1277,Journal of Experimental Psychology: Human Perception and Performance,lav
0022-1031,1096-0465,Journal of Experimental Social Psychology,3
1472-5967,1741-0983,Journal of Facilities Management,lav
,2474-6630,Journal of Facility Management Education and Research,lav
1547-7029,1864-1245,Journal of Failure Analysis and Prevention,lav
1058-0476,1573-3475,Journal of Family and Economic Issues,lav
2043-6238,2043-6246,Journal of Family Business Management,lav
1322-9400,1839-3543,Journal of Family Studies,lav
1361-2026,1758-7433,Journal of Fashion Marketing and Management,lav
0022-1082,1540-6261,Journal of Finance,topp
0022-1090,1756-6916,Journal of Financial and Quantitative Analysis,topp
1359-0790,1758-7239,Journal of Financial Crime,lav
1479-8409,1479-8417,Journal of Financial Econometrics,lav
1757-6385,1757-6393,Journal of Financial Economic Policy,lav
0304-405X,1879-2774,Journal of Financial Economics,topp
0093-3961,2332-421X,Journal of Financial Education (JFE),lav
1042-9573,1096-0473,Journal of Financial Intermediation,3
1386-4181,1878-576X,Journal of financial markets,3
2053-4833,2053-4841,Journal of Financial Regulation,lav
1358-1988,1740-0279,Journal of Financial Regulation and Compliance,lav
1985-2517,2042-5856,Journal of Financial Reporting & Accounting,lav
0270-2592,1475-6803,Journal of Financial Research,lav
1363-0539,1479-1846,Journal of Financial Services Marketing,lav
0920-8550,1573-0735,Journal of financial services research,3
1572-3089,1878-0962,Journal of Financial Stability,topp
,1753-318X,Journal of Flood Risk Management,lav
1045-4446,1540-4102,Journal of Food Products Marketing,lav
0146-9428,1745-4557,Journal of Food Quality,lav
1537-8020,1537-8039,Journal of Foodservice Business Research,lav
0277-6693,1099-131X,Journal of Forecasting,lav
2050-8794,2050-8808,Journal of Forensic Practice,lav
1104-6899,1618-1530,Journal of Forest Economics,lav
0022-1236,1096-0783,Journal of Functional Analysis,lav
1756-4646,2214-9414,Journal of Functional Foods,lav
0270-7314,1096-9934,Journal of futures markets,3
2169-2971,2169-298X,Journal of Gastronomy and Tourism,lav
0958-9236,1465-3869,Journal of Gender Studies,lav
0306-3070,1759-6106,Journal of General Management (JGM),lav
1435-5930,1435-5949,Journal of Geographical Systems,lav
0976-1330,,Journal of Geomatics,lav
0047-2468,1420-8997,Journal of Geometry,lav
2169-897X,2169-8996,Journal of Geophysical Research (JGR): Atmospheres,lav
0163-4372,1540-4048,Journal of gerontological social work,lav
0022-1430,1727-5652,Journal of Glaciology,lav
2228-7566,2251-7316,Journal of Global Entrepreneurship Research,lav
1062-7375,1533-7995,Journal of Global Information Management,lav
0891-1762,1528-6975,Journal of Global Marketing,lav
2049-8799,2049-8802,Journal of Global Mobility:The Home of Expatriate Management Research,lav
2398-5364,2398-5372,Journal of Global Operations and Strategic Sourcing,lav
0925-5001,1573-2916,Journal of Global Optimization,lav
2041-2568,2041-2576,Journal of Global Responsibility,lav
2163-9159,2163-9167,Journal of Global Scholars of Marketing Science (JGSMS),lav
2470-4067,2470-4075,Journal of global sport management,lav
2075-8103,,Journal of Globalization Studies,lav
2220-9352,2306-6784,Journal of Governance and Regulation,lav
0894-1130,1545-004X,Journal of Hand Therapy,lav
1389-4978,1573-7780,Journal of Happiness Studies,lav
0167-6296,1879-1646,Journal of Health Economics,3
,1178-4407,Journal of Health Informatics in Developing Countries,lav
1477-7266,1758-7247,Journal of Health Organisation and Management,lav
1359-1053,1461-7277,Journal of Health Psychology,lav
,1179-3201,Journal of Healthcare Leadership,lav
1743-873X,1747-6631,Journal of Heritage Tourism,lav
1381-1231,1572-9397,Journal of Heuristics,lav
2380-4327,2380-4335,"Journal of High Energy Physics, Gravitation and Cosmology (JHEPGC)",lav
1047-8310,1879-1638,Journal of High Technology Management Research,lav
2158-3595,,Journal of Higher Education Theory and Practice (JHETP),lav
0305-7488,1095-8614,Journal of Historical Geography,lav
2194-6361,1547-7355,Journal of Homeland Security and Emergency Management,lav
1096-3480,1557-7554,Journal of Hospitality & Tourism Research,lav
1096-3758,2325-6540,Journal of Hospitality and Tourism Education,lav
2514-9792,2514-9806,Journal of Hospitality and Tourism Insights,lav
1447-6770,,Journal of Hospitality and Tourism Management,topp
1936-8623,1936-8631,Journal of Hospitality Marketing & Management,lav
,1473-8376,"Journal of Hospitality, Leisure, Sport & Tourism Education",lav
1566-4910,1573-7772,Journal of Housing and the Built Environment,lav
1051-1377,1096-0791,Journal of Housing Economics,lav
0276-3893,1540-353X,Journal of Housing for the Elderly,lav
1932-8575,1932-8664,Journal of Human Capital,3
1945-2829,1945-2837,Journal of Human Development and Capabilities,lav
1757-9619,1757-9627,Journal of Human Rights Practice,lav
0971-6858,0973-0737,Journal of Human Values,lav
2042-6747,2042-6755,Journal of Humanitarian Logistics and Supply Chain Management,lav
0022-1694,1879-2707,Journal of Hydrology,lav
1614-0001,2151-2299,Journal of Individual Differences,lav
0391-2078,1972-4977,Journal of Industrial and Business Economics (JIBE),lav
1088-1980,1530-9290,Journal of Industrial Ecology,lav
2013-8423,2013-0953,Journal of Industrial Engineering and Management,lav
2467-964X,2452-414X,Journal of Industrial Information Integration,lav
2424-8622,2424-8630,Journal of Industrial Integration and Management: Innovation & Entrepreneurship,lav
1566-1679,1573-7012,"Journal of Industry, Competition and Trade",lav
0219-6492,1793-6926,Journal of Information & Knowledge Management,lav
0252-2667,2169-0103,Journal of Information and Optimization Sciences,lav
1554-1010,1554-1029,Journal of Information Assurance and Security,lav
2381-5892,2158-3897,Journal of Information Policy,lav
0888-7985,1558-7959,Journal of Information Systems,lav
0268-3962,1466-4437,Journal of Information Technology,topp
1477-996X,1758-8871,"Journal of Information, Communication and Ethics in Society",lav
2530-7614,2444-569X,Journal of Innovation & Knowledge (JIK),lav
,2192-5372,Journal of Innovation and Entrepreneurship,lav
,2032-5355,Journal of Innovation Economics & Management,lav
,2183-0606,Journal of Innovation Management,lav
0932-4569,1614-0559,Journal of Institutional and Theoretical Economics,lav
1744-1374,1744-1382,Journal of Institutional Economics,lav
2371-2112,,Journal of Insurance and Financial Management,lav
1476-9018,2042-8685,Journal of Integrated Care,lav
1469-1930,1758-7468,Journal of Intellectual Capital,lav
1747-1532,1747-1540,Journal of Intellectual Property Law & Practice (JIPLP),lav
,2190-3387,"Journal of Intellectual Property, Information Technology and E-Commerce Law",lav
,2079-3200,Journal of Intelligence,lav
1547-2450,1547-2442,"Journal of Intelligent Transportation Systems: Technology, Planning, and Operations",lav
,1525-2019,Journal of Interactive Advertising,lav
1094-9968,1520-6653,Journal of Interactive Marketing,3
,1404-1634,Journal of Intercultural Communication,lav
1747-5759,1747-5767,Journal of Intercultural Communication Research (JICR),lav
1542-6297,1558-8025,Journal of International Accounting Research,lav
1061-9518,1879-1603,"Journal of International Accounting, Auditing and Taxation",lav
2169-9763,2169-978X,Journal of International and Comparative Social Policy,lav
1742-6812,,Journal of international banking law and regulation,lav
1544-8037,2378-9174,Journal of International Business and Economics (JIBE),lav
1649-4946,2044-4575,Journal of International Business Education,lav
2522-0691,2522-0705,Journal of International Business Policy (JIBP),lav
1544-0222,1544-0230,Journal of International Business Research (JIBR),lav
0047-2506,1478-6990,Journal of International Business Studies,topp
0896-1530,1528-7068,Journal of International Consumer Marketing,lav
0954-1748,1099-1328,Journal of International Development,lav
2040-3585,2040-3593,Journal of International Dispute Settlement,lav
2328-0832,,Journal of International Doctoral Research,lav
1369-3034,1464-3758,Journal of international economic law,3
0022-1996,1873-0353,Journal of International Economics,topp
1570-7385,1573-7349,Journal of International Entrepreneurship,lav
0954-1314,1467-646X,Journal of International Financial Management & Accounting,lav
1042-4431,1873-0612,"Journal of international financial markets, institutions, and money",3
0897-4438,1528-6983,Journal of International Food & Agribusiness Marketing,lav
2364-3412,2364-3404,Journal of International Humanitarian Action,lav
1075-4253,1873-0620,Journal of International Management,lav
1069-031X,1547-7215,Journal of International Marketing,3
1488-3473,1874-6365,Journal of International Migration and Integration,lav
0261-5606,1873-0639,Journal of International Money and Finance,3
,1314-7277,Journal of International Scientific Publications: Educational Alternatives,lav
2071-8330,2306-3483,Journal of International Studies,lav
0963-8199,1469-9559,Journal of International Trade and Economic Development,lav
1094-2904,,Journal of Internet Law,lav
1356-1820,1469-9567,Journal of Interprofessional Care,lav
0022-2011,1096-0805,Journal of Invertebrate Pathology,lav
1544-4759,1544-4767,Journal of Investigative Psychology and Offender Profiling,lav
1068-0896,2168-8613,Journal of Investing,lav
2289-8077,,Journal of Islam in Asia,lav
1759-0833,1759-0841,Journal of Islamic Marketing,lav
1319-1578,2213-1248,Journal of King Saud University - Computer and Information Sciences,lav
1367-3270,1758-7484,Journal of Knowledge Management,lav
0734-306X,1537-5307,Journal of Labor Economics,3
0022-216X,1469-767X,Journal of Latin American Studies,lav
8756-6222,1465-7341,"Journal of Law, Economics & Organization",3
1548-0518,1939-7089,Journal of leadership & organizational studies,lav
1758-9576,1758-9584,Journal of Legal Anthropology,lav
0164-0704,1873-152X,Journal of macroeconomics,lav
0276-1467,1552-6534,Journal of Macromarketing,lav
0149-2063,1557-1211,Journal of Management,topp
1833-3672,1839-3527,Journal of Management & Organization,lav
1049-2127,1558-8033,Journal of Management Accounting Research,lav
1385-3457,1572-963X,Journal of Management and Governance,lav
2191-4761,2191-477X,Journal of Management Control,lav
0262-1711,1758-7492,Journal of Management Development,lav
1751-1348,1758-7751,Journal of Management History,lav
0742-597X,1943-5479,Journal of Management in Engineering,lav
0742-1222,1557-928X,Journal of Management Information Systems,topp
1056-4926,1552-6542,Journal of Management Inquiry,3
0022-2380,1467-6486,Journal of Management Studies,topp
1476-6086,1942-258X,"Journal of Management, Spirituality and Religion",lav
0268-3946,1758-7778,Journal of Managerial Psychology,lav
1741-038X,1758-7786,Journal of Manufacturing Technology Management,lav
,2077-1312,Journal of Marine Science and Engineering (JMSE),lav
0948-4280,1437-8213,Journal of Marine Science and Technology,lav
0022-2410,2162-4127,Journal of Maritime Law and Commerce,lav
0022-2429,1547-7185,Journal of Marketing,topp
2050-3318,2050-3326,Journal of Marketing Analytics,lav
2326-568X,2326-5698,Journal of Marketing Behavior,lav
1046-669X,1540-7039,Journal of Marketing Channels,lav
0273-4753,1552-6550,Journal of Marketing Education,lav
0884-1241,1540-7144,Journal of Marketing for Higher Education,lav
0267-257X,1472-1376,Journal of Marketing Management,lav
0022-2437,1547-7193,Journal of Marketing Research,topp
1069-6679,1944-7175,Journal of Marketing Theory and Practice,lav
1961-7798,2114-8910,Journal of Marketing Trends,lav
0022-247X,1096-0813,Journal of Mathematical Analysis and Applications,lav
0303-6812,1432-1416,Journal of Mathematical Biology,lav
0304-4068,1873-1538,Journal of Mathematical Economics,lav
1945-7502,1945-7448,Journal of Mathematics Education,lav
1652-2354,2376-2977,Journal of Media Business Studies,lav
1439-4456,1438-8871,Journal of Medical Internet Research (JMIR),lav
0963-8237,1360-0567,Journal of Mental Health,lav
,2666-6235,Journal of Migration and Health,lav
2242-3524,1799-3350,Journal of Military Studies,lav
1746-5664,1746-5672,Journal of Modelling in Management,lav
0950-0340,1362-3044,Journal of Modern Optics,lav
2153-1196,2153-120X,Journal of Modern Physics (JMP),lav
2317-3963,,Journal of Modern Project Management,lav
0304-3932,,Journal of Monetary Economics,topp
1368-5201,1758-7808,Journal of Money Laundering Control,lav
0022-2879,1538-4616,"Journal of Money, Credit and Banking",3
1057-9214,1099-1360,Journal of Multi-Criteria Decision Analysis,lav
1744-7143,1747-6615,Journal of Multicultural Discourses,lav
,1178-2390,Journal of Multidisciplinary Healthcare,lav
0143-4632,1747-7557,Journal of Multilingual and Multicultural Development (JMMD),lav
1042-444X,1873-1309,Journal of Multinational Financial Management,lav
0047-259X,1095-7243,Journal of Multivariate Analysis,3
2211-792X,2211-7954,Journal of Muslims in Europe,lav
1875-5100,2212-3865,Journal of Natural Gas Science and Engineering,lav
1084-8045,1095-8592,Journal of Network and Computer Applications,lav
1064-7570,1573-7705,Journal of Network and Systems Management,lav
1937-321X,2151-318X,"Journal of Neuroscience, Psychology, and Economics (JNPE)",lav
1402-9251,1776-0852,Journal of Nonlinear Mathematical Physics,lav
0966-0429,1365-2834,Journal of Nursing Management,lav
1499-4046,1878-2620,Journal of Nutrition Education and Behavior,lav
2090-0708,2090-0716,Journal of Obesity,lav
1545-9624,1545-9632,Journal of Occupational and Environmental Hygiene,lav
0963-1798,2044-8325,Journal of Occupational and Organizational Psychology,3
1076-8998,1939-1307,Journal of Occupational Health Psychology,3
,1745-6673,Journal of Occupational Medicine and Toxicology,lav
1053-0487,1573-3688,Journal of occupational rehabilitation,lav
2468-0133,,Journal of Ocean Engineering and Science,lav
0892-7219,1528-896X,Journal of Offshore Mechanics and Arctic Engineering,lav
,2199-8531,"Journal of Open Innovation: Technology, Market, and Complexity",lav
,2475-9066,Journal of Open Source Software (JOSS),lav
,1984-3046,Journal of Operations and Supply Chain Management (JOSCM),lav
0272-6963,1873-1317,Journal of Operations Management,topp
2040-8978,2040-8986,Journal of Optics,lav
0022-3239,1573-2878,Journal of Optimization Theory and Applications,lav
2056-9122,2056-9130,Journal of Organisational Studies and Innovation,lav
,2245-408X,Journal of Organization Design,lav
0894-3796,1099-1379,Journal of Organizational Behavior,topp
0953-4814,1758-7816,Journal of Organizational Change Management,lav
1091-9392,1532-7744,Journal of Organizational Computing and Electronic Commerce,lav
2051-6614,2051-6622,Journal of Organizational Effectiveness: People and Performance,lav
2046-6749,2046-6757,Journal of Organizational Ethnography,lav
,2752-2997,Journal of Organizational Sociology (JOS),lav
2206-3110,2522-879X,Journal of Outdoor and Environmental Education (JOEE),lav
2213-0780,2213-0799,Journal of Outdoor Recreation and Tourism,lav
,2514-7641,Journal of Participation and Employee Ownership,lav
,2152-7202,Journal of Participatory Medicine (JoPM),lav
0022-3433,1460-3578,Journal of Peace Research,lav
2047-3257,2047-3265,Journal of Pedagogic Development,lav
2213-5316,,Journal of Peer Production,lav
0885-3134,1557-7813,Journal of Personal Selling & Sales Management,3
0022-3514,1939-1315,Journal of Personality and Social Psychology,3
0022-3891,1532-7752,Journal of Personality Assessment,lav
,2075-4426,Journal of Personalized Medicine,lav
1866-5888,2190-5150,Journal of Personnel Psychology,lav
0920-4105,1873-4715,Journal of Petroleum Science and Engineering,lav
2247-8051,2247-806X,Journal of Physical Education and Sport (JPES),lav
1751-8113,1751-8121,Journal of Physics A: Mathematical and Theoretical,lav
,2399-6528,Journal of Physics Communications,lav
1742-6588,1742-6596,Journal of Physics: Conference Series (JPCS),lav
1753-8335,1753-8343,Journal of Place Management and Development,lav
0885-4122,1552-6593,Journal of planning literature,lav
0276-8739,1520-6688,Journal of policy analysis and management,3
0161-8938,1873-8060,Journal of Policy Modeling,lav
1940-7963,1940-7971,"Journal of Policy Research in Tourism, Leisure and Events",lav
1612-5681,1613-4877,Journal of Politeness Research,lav
0022-3808,1537-534X,Journal of Political Economy,topp
2832-9368,2832-9376,Journal of Political Economy Microeconomics (JPE Micro),lav
1356-9317,1469-9613,Journal of Political Ideologies,lav
2158-379X,2158-3803,Journal of Political Power,lav
0022-3816,1468-2508,Journal of Politics,lav
1874-7884,1874-7876,Journal of Population Ageing,lav
,2465-4418,Journal of Population and Social Studies (JPSS),lav
0933-1433,1432-1475,Journal of Population Economics,3
1443-2447,1835-9469,Journal of Population Research,lav
0095-4918,2168-8656,Journal of Portfolio Management,lav
1743-9760,1743-9779,Journal of Positive Psychology,lav
1087-5549,1540-7608,Journal of Poverty,lav
,2794-1558,Journal of Pragmatic Constructivism,lav
0378-2166,1879-1387,Journal of Pragmatics,lav
,2003-3605,Journal of Praxis in Higher Education (JPHE),lav
1061-0421,,Journal of Product & Brand Management,lav
0737-6782,1540-5885,Journal of Product Innovation Management,topp
0895-562X,1573-0441,Journal of Productivity Analysis,3
2051-8803,2051-8811,Journal of Professions and Organization,lav
1049-6491,1540-7594,Journal of Promotion Management,lav
0959-9916,1466-4453,Journal of Property Research,lav
1040-8800,1534-6331,Journal of Prosthetics and Orthotics,lav
0022-3956,1879-1379,Journal of Psychiatric Research,lav
1180-4882,1488-2434,Journal of Psychiatry & Neuroscience,lav
0734-2829,1557-5144,Journal of Psychoeducational Assessment,lav
0022-3980,1940-1019,Journal of Psychology,lav
0882-2689,1573-3505,Journal of Psychopathology and Behavioral Assessment,lav
0022-3999,1879-1360,Journal of Psychosomatic Research,lav
1053-1858,1477-9803,Journal of Public Administration Research and Theory (JPART),3
1472-3891,1479-1854,Journal of Public Affairs,lav
1096-3367,1945-1814,"Journal of Public Budgeting, Accounting and Financial Management",lav
1097-3923,1467-9779,Journal of Public Economic Theory,lav
0047-2727,1879-2316,Journal of Public Economics,3
1741-3842,1741-3850,Journal of Public Health,lav
0143-814X,1469-7815,Journal of Public Policy,lav
0743-9156,1547-7207,Journal of Public Policy & Marketing,3
1535-0118,2150-6930,Journal of Public Procurement,lav
1478-4092,1873-6505,Journal of Purchasing and Supply Management,3
0022-4049,1873-1376,Journal of Pure and Applied Algebra,lav
2632-9670,2632-9689,Journal of Qualitative Research in Tourism,lav
1355-2511,1758-7832,Journal of Quality in Maintenance Engineering,lav
,1559-0410,Journal of Quantitative Analysis in Sports (JQAS),lav
,2673-8813,Journal of Quantitative Description: Digital Media (JQD:DM),lav
0267-8179,1099-1417,Journal of Quaternary Science,lav
0895-5638,1573-045X,Journal of real estate finance and economics,lav
0896-5803,,Journal of Real Estate Research,lav
0022-4146,1467-9787,Journal of Regional Science,3
0922-680X,1573-0468,Journal of Regulatory Economics,lav
1533-2667,1533-2675,Journal of Relationship Marketing,lav
,1838-0956,Journal of Relationships Research,lav
2040-7122,2040-7130,Journal of Research in Interactive Marketing,lav
1471-5201,1471-521X,Journal of Research in Marketing and Entrepreneurship,lav
0092-6566,1095-7251,Journal of Research in Personality,lav
2329-9460,2329-9037,Journal of Responsible Innovation,lav
0022-4359,1873-3271,Journal of Retailing,topp
0969-6989,1873-1384,Journal of Retailing and Consumer Services,lav
1476-6930,1477-657X,Journal of Revenue and Pricing Management,lav
1465-1211,1755-2842,Journal of Risk,lav
1911-8066,1911-8074,Journal of Risk and Financial Management,lav
0022-4367,1539-6975,Journal of Risk and Insurance,3
0895-5646,1573-0476,Journal of Risk and Uncertainty,3
1753-9579,1753-9587,Journal of Risk Model Validation,lav
1366-9877,1466-4461,Journal of Risk Research,lav
0743-0167,1873-1392,Journal of Rural Studies,lav
0022-4375,1879-1247,Journal of Safety Research,3
2096-7527,2666-4496,Journal of Safety Science and Resilience (JSSR),lav
1094-6136,1099-1425,Journal of Scheduling,lav
0022-4405,1873-3506,Journal of School Psychology,lav
,2734-9950,Journal of Science and Transport Technology (JSTT),lav
2321-6654,2320-0057,Journal of Scientometric Research,lav
2029-7017,2029-7025,Journal of Security and Sustainability Issues,lav
0887-8250,1745-459X,Journal of sensory studies,lav
1757-5818,1757-5826,Journal of Service Management (JOSM),3
2511-8676,,Journal of Service Management Research (SMR),lav
1094-6705,1552-7379,Journal of Service Research,topp
2093-0720,2093-0739,Journal of Service Science Research (JoSS),lav
2055-6225,2055-6233,Journal of service theory and practice,lav
,0887-6045,Journal of Services Marketing,lav
,2364-4575,Journal of Shipping and Trade,lav
1747-7778,1747-7786,Journal of Simulation (JOS),lav
1462-6004,1758-7840,Journal of Small Business and Enterprise Development,lav
0827-6331,2169-2610,Journal of Small Business and Entrepreneurship,lav
0047-2778,1540-627X,Journal of Small Business Management,3
0972-5792,2199-6873,Journal of Social and Economic Development,lav
1942-0676,1942-0684,Journal of Social Entrepreneurship,lav
2042-6763,2042-6771,Journal of Social Marketing,lav
0047-2794,1469-7823,Journal of Social Policy,3
0022-4545,1940-1183,Journal of Social Psychology,lav
1611-9665,1618-5293,Journal of Social Science Education,lav
1549-3652,1558-6987,"Journal of Social Sciences (New York, N.Y.)",lav
0278-839X,,"Journal of Social, Political, and Economic Studies (JSPES)",lav
,2572-4088,Journal of Sociology and Christianity (JSC),lav
2047-7473,2047-7481,Journal of Software: Evolution and Process (JSEP),lav
,2330-0574,Journal of Sport for Development,lav
0888-4773,1543-270X,Journal of Sport Management,lav
1477-5085,1029-5399,Journal of Sport Tourism,lav
2215-020X,2215-0218,Journal of Sports Analytics,lav
1527-0025,1552-7794,Journal of Sports Economics,lav
0094-9655,1563-5163,Journal of Statistical Computation and Simulation,lav
0378-3758,1873-1171,Journal of Statistical Planning and Inference,lav
,1548-7660,Journal of Statistical Software,3
2055-5636,2055-5644,Journal of Strategic Contracting and Negotiation,lav
0963-8687,1873-1198,Journal of strategic information systems,topp
0965-254X,1466-4488,Journal of Strategic Marketing,lav
1755-425X,1755-4268,Journal of Strategy and Management.,lav
1028-3153,1552-7808,Journal of Studies in International Education,lav
1465-9891,1475-9942,Journal of Substance Use,lav
,2632-6582,Journal of Sustainability Research (JSR),lav
2043-0795,2043-0809,Journal of Sustainable Finance & Investment,lav
,2950-3701,Journal of Sustainable Finance and Accounting (JOSFA),lav
,2766-0117,Journal of Sustainable Marketing,lav
0966-9582,1747-7646,Journal of Sustainable Tourism,topp
0164-1212,1873-1228,Journal of Systems and Software,lav
0897-5930,1528-6991,Journal of Teaching in International Business,lav
0892-9912,1573-7047,Journal of Technology Transfer,3
2180-1843,2289-8131,"Journal of Telecommunication, Electronic and Computer Engineering (JTEC)",lav
0092-0703,1552-7824,Journal of the Academy of Marketing Science,topp
0001-4966,1520-8524,Journal of the Acoustical Society of America,lav
,2769-2485,Journal of the Agricultural and Applied Economics Association (JAAEA),lav
,1536-9323,Journal of the AIS,3
,2047-9980,Journal of the American Heart Association (JAHA),lav
0162-1459,1537-274X,Journal of the American Statistical Association,3
2378-1815,2378-1823,Journal of the Association for Consumer Research (JACR),lav
2330-1635,2330-1643,Journal of the Association for Information Science and Technology,lav
2333-5955,2333-5963,Journal of the Association of Environmental and Resource Economists,3
2199-6784,2199-6776,Journal of the Economic Science Association (JESA),lav
0926-9959,1468-3083,Journal of the European Academy of Dermatology and Venereology,lav
1542-4766,1542-4774,Journal of the European Economic Association,3
0022-5002,1938-3711,Journal of The Experimental Analysis of Behavior,lav
1939-6724,1941-3599,Journal of the History of Childhood and Youth,lav
1053-8372,1469-9656,Journal of the History of Economic Thought (JHET),lav
0255-660X,0974-3006,Journal of the Indian Society of Remote Sensing,lav
1078-4950,1532-5822,Journal of the International Academy for Case Studies,lav
2643-7015,2643-7023,Journal of the International Council for Small Business,lav
1868-7865,1868-7873,Journal of the Knowledge Economy,lav
1226-3192,2005-2863,Journal of the Korean Statistical Society,lav
0160-5682,1476-9360,Journal of the Operational Research Society,3
0094-8705,1543-2939,Journal of the Philosophy of Sport,lav
0964-1998,1467-985X,"Journal of the Royal Statistical Society, Series A (Statistics in Society)",3
0035-9254,1467-9876,"Journal of the Royal Statistical Society, Series C (Applied Statistics)",3
0893-8849,1749-7345,Journal of the World Aquaculture Society,lav
,0718-1876,Journal of Theoretical and Applied Electronic Commerce Research,lav
1992-8645,1817-3195,Journal of Theoretical and Applied Information Technology,lav
0951-6298,1460-3667,Journal of Theoretical Politics,lav
0894-9840,1572-9230,Journal of theoretical probability,lav
,2475-0387,Journal of Theoretical Social Psychology (JTSP),lav
1003-2169,1993-033X,Journal of Thermal Science,lav
0143-9782,1467-9892,Journal of Time Series Analysis,3
1476-6825,1747-7654,Journal of Tourism and Cultural Change,lav
1804-5650,,Journal of Tourism and Services,lav
2055-5911,2055-592X,Journal of Tourism Futures,lav
,2529-1947,"Journal of Tourism, Heritage & Services Marketing",lav
1528-7394,1087-2620,"Journal of Toxicology and Environmental Health, Part A",lav
2095-7564,,Journal of Traffic and Transportation Engineering (English Edition),lav
1547-5778,1547-5786,Journal of Transnational Management,lav
2310-8789,1995-5235,Journal of Transport and Supply Chain Management,lav
0022-5258,1754-5951,Journal of Transport Economics and Policy,lav
0966-6923,1873-1236,Journal of Transport Geography,3
2473-2907,2473-2893,Journal of Transportation Engineering Part A: Systems,lav
1054-8408,1540-7306,Journal of Travel & Tourism Marketing,lav
0047-2875,1552-6763,Journal of Travel Research,topp
2151-5581,2151-559X,Journal of Trust Research,lav
,1449-9789,Journal of University Teaching and Learning Practice,lav
0094-1190,1095-9068,Journal of Urban Economics,topp
1356-7667,1479-1870,Journal of Vacation Marketing,lav
1100-9233,1654-1103,Journal of Vegetation Science (JVS),lav
2633-3732,,Journal of Visual Political Communication,lav
0001-8791,1095-9084,Journal of Vocational Behavior,topp
1477-8920,1996-7829,Journal of Water and Health,lav
1931-4361,1931-437X,Journal of Wine Economics,lav
0957-1264,1469-9672,Journal of Wine Research,lav
1576-5962,2174-0534,Journal of Work and Organizational Psychology,lav
1366-5626,1758-7859,Journal of Workplace Learning,lav
1090-9516,1878-5573,Journal of World Business,topp
1011-6702,2210-2795,Journal of World Trade,lav
1367-6261,1469-9680,Journal of Youth Studies,lav
2042-6402,3049-9089,Journal on European History of Law,lav
1464-8849,1741-3001,"Journalism - Theory, Practice & Criticism",lav
,2673-5172,Journalism and Media,lav
1751-2786,1751-2794,Journalism Practice,lav
1461-670X,1469-9699,Journalism Studies,lav
1901-6220,1904-7967,Journalistica,lav
,1930-2975,Judgment and decision making,lav
0022-6971,1504-3126,Jussens Venner,lav
,2703-7487,Karnov lovkommentarer,lav
,2703-772X,Karnov tidsskrifter,lav
0047-3278,2535-6003,Kart og Plan,lav
,1930-0026,KB Journal,lav
1894-8995,,Khrono.no,lav
0902-2767,1903-2285,Klinisk Sygepleje,lav
,2673-9585,Knowledge,lav
1092-4604,1099-1441,Knowledge and Process Management,lav
1477-8238,1477-8246,Knowledge Management Research & Practice,lav
0950-7051,1872-7409,Knowledge-Based Systems,lav
1337-8740,2453-7675,Konštantínove listy,lav
,2703-9439,Kristiania rapportserie,lav
0804-7375,2387-4546,Kritisk juss,lav
,2703-707X,Kunnskapsmagasinet Kristiania,lav
1335-1745,1338-984X,Kvalita Inovácia Prosperita,lav
0368-492X,1758-7883,Kybernetes,lav
0023-5962,1467-6435,Kyklos (Basel),lav
0014-2808,,L'Europe en formation,lav
,2785-4183,La cittadinanza europea online,lav
1287-1672,2104-3876,La Revue internationale et stratégique,lav
0023-656X,1469-9702,Labor History,3
1121-7081,1467-9914,Labour,lav
0927-5371,1879-1034,Labour Economics,3
0223-4637,2115-8800,Lamy Liaisons: Semaine  sociale  Lamy,lav
,2073-445X,Land,lav
0023-7639,1543-8325,Land Economics,lav
0264-8377,1873-5754,Land Use Policy,3
0169-2046,1872-6062,Landscape and Urban Planning,lav
1612-510X,1612-5118,Landslides. Journal of the International Consortium on Landslides,lav
1866-9808,1866-9859,Language and Cognition,lav
0047-4045,1469-8013,Language in society,lav
,1938-2545,Law & Ethics of Human Rights,lav
0265-8240,1467-9930,Law & Policy,3
,2050-9014,Law and Economics Yearly Review,lav
1752-1440,,"LAW AND FINANCIAL MARKETS REVIEW,",lav
1470-8396,1470-840X,"Law, Probability and Risk",lav
0458-7251,,Le Langage et l'Homme,lav
1742-7150,1742-7169,Leadership,lav
0143-7739,1472-5347,Leadership & Organization Development Journal,lav
1751-1879,1751-1887,Leadership in Health Services,lav
1048-9843,1873-3409,Leadership Quarterly,topp
,1555-1369,Lean Construction Journal,lav
1041-6080,1873-3425,Learning and Individual Differences,lav
0959-4752,1873-3263,Learning and Instruction,lav
,2379-6146,Learning Health Systems (LHS),lav
0969-6474,1758-7905,Learning Organization,lav
2210-6561,2210-657X,"Learning, Culture and Social Interaction",lav
1865-1348,1865-1356,Lecture Notes in Business Information Processing,lav
2366-2557,2366-2565,Lecture Notes in Civil Engineering,lav
0302-9743,1611-3349,Lecture Notes in Computer Science (LNCS),lav
2195-4968,,Lecture Notes in Information Systems and Organisation (LNISO),lav
2194-8917,2194-8925,Lecture Notes in Logistics (LNL),lav
2195-4356,2195-4364,Lecture Notes in Mechanical Engineering,lav
2367-3370,2367-3389,Lecture Notes in Networks and Systems,lav
2731-040X,2731-0418,Lecture Notes in Operations Research (LNOR),lav
2367-4512,2367-4520,Lecture Notes on Data Engineering and Communications Technologies,lav
0362-9805,1939-9162,Legislative Studies Quarterly,lav
,1868-8969,Leibniz International Proceedings in Informatics,lav
0922-1565,1478-9698,Leiden Journal of International Law,lav
0261-4367,1466-4496,Leisure Studies,lav
0120-3479,2539-3804,Lenguaje,lav
2112-2679,,Les nouveaux cahiers du Conseil constitutionnel,lav
1864-4031,1864-404X,Letters in spatial and resource sciences,lav
1581-5374,1855-363X,Lex Localis,lav
,2075-1729,Life,lav
,2195-7819,"Life Sciences, Society and Policy",lav
1380-7870,1572-9249,Lifetime Data Analysis,lav
0169-5177,,Limburgs Tijdschrift voor Genealogie,lav
2284-1881,2421-0293,Lingue Culture Mediazioni (LCM),lav
2214-9953,2214-9961,Linguistic Landscape,lav
0304-2294,2295-5739,Linguistica Anverpiensia New Series – Themes in Translation Studies,lav
1650-3686,1650-3740,Linköping Electronic Conference Proceedings,lav
1392-2343,,Lithuanian Historical Studies,lav
0269-0942,1470-9325,Local Economy,lav
0300-3930,1743-9388,Local Government Studies,3
,2305-6290,Logistics,lav
0024-6301,1873-1872,Long Range Planning,topp
0800-7853,1503-8289,Lov & Data,lav
0024-6980,1504-3061,Lov og Rett,lav
2243-3376,,LUT Scientific and Expertise Publications - Tutkimusraportit,lav
,2243-3384,LUT Scientific and Expertise Publications Reports,lav
2535-4108,,Læring om læring,lav
,1286-4692,M@n@gement,lav
0024-855X,1890-5455,Maal og Minne,lav
0924-6304,,Maandblad voor Accountancy en Bedrijfseconomie,lav
1380-4170,,Maasgouw,lav
1365-1005,1469-8056,Macroeconomic Dynamics,lav
1500-0788,1500-6069,Magma forskning og viten,lav
2008-4803,2423-7841,Majallah-i muhandisī-i biyusīstim-i Īrān,lav
1842-0206,2069-8887,Management & Marketing,lav
1744-9359,1744-9367,Management & Organizational History,lav
1331-0194,1846-3363,Management - Journal of Contemporary Management Issues,lav
2209-038X,2209-0398,Management Accounting Frontiers (MAF),lav
1044-5005,1096-1224,Management Accounting Research,3
0258-042X,2321-0710,Management and Labour Studies (MLS),lav
1740-8776,1740-8784,Management and Organization Review,lav
2330-5495,2330-5509,Management and Organizational Studies,lav
2080-8208,2082-1344,Management and Production Engineering Review,lav
0893-3189,1552-6798,Management Communication Quarterly,lav
0025-1747,1758-6070,Management Decision,lav
0892-0206,1741-9883,Management in Education,lav
1206-1697,1918-9222,Management International (MI),lav
1350-5076,1461-7307,Management Learning,3
1477-7835,1758-6119,Management of Environmental Quality (MEQ),lav
,2067-2462,Management Research and Practice,lav
2040-8269,2040-8277,Management Research Review,lav
2198-1620,2198-1639,Management Review Quarterly (MRQ),lav
0935-9915,1861-9908,management revue - Socio-Economic Studies,lav
0025-1909,1526-5501,Management science,topp
2328-2185,,Management Studies,lav
0143-6570,1099-1468,Managerial and Decision Economics (MDE),lav
0268-6902,1758-7735,Managerial Auditing Journal,lav
0307-4358,1758-7743,Managerial Finance,lav
2375-0472,2375-0480,Managing Sport and Leisure,lav
1463-6786,1467-9957,Manchester School,lav
1523-4614,1526-5498,Manufacturing & Service Operations Management,topp
0171-8630,1616-1599,Marine Ecology Progress Series,lav
0308-597X,1872-9460,Marine Policy,3
0025-326X,1879-3363,Marine Pollution Bulletin,lav
0738-1360,,Marine Resource Economics,lav
0025-3359,2049-680X,Mariner's Mirror,lav
2397-3757,,Maritime Business Review,lav
1479-2931,1479-294X,Maritime Economics & Logistics,lav
,2704-2626,"Maritime perspektiver. Kultur, historie, samtid",lav
0308-8839,1464-5254,Maritime Policy & Management,lav
1872-7859,2212-9790,Maritime Studies,lav
,2666-822X,Maritime Transport Research,lav
0263-4503,1758-8049,Marketing Intelligence & Planning,lav
0923-0645,1573-059X,Marketing letters,lav
1470-5931,1741-301X,Marketing Theory,3
0149-4929,1540-9635,Marriage and Family Review,lav
,2261-236X,MATEC Web of Conferences,lav
2220-2617,2222-3193,Matematicheskie Voprosy Kriptografii,lav
,1996-1944,Materials,lav
1547-1063,1551-0018,Mathematical Biosciences and Engineering,lav
1874-8961,1874-8953,Mathematical Geosciences,lav
1432-2994,1432-5217,Mathematical Methods of Operations Research,lav
0025-5610,1436-4646,Mathematical programming,lav
0165-4896,1879-3118,Mathematical Social Sciences,lav
,2227-7390,Mathematics,lav
1862-9679,1862-9660,Mathematics and Financial Economics,lav
1805-3610,1805-3629,Mathematics for applications,lav
,2640-3501,Mathematics in Engineering,lav
0025-570X,1930-0980,Mathematics Magazine,lav
0364-765X,1526-5471,Mathematics of Operations Research,3
,2699-0903,Max Planck Institute for Legal History & Legal Theory Research Paper Series,lav
2056-4074,1470-8078,Max Weber Studies,lav
,2583-8768,MDIM Journal of Management Review and Practice,lav
0263-2241,1873-412X,Measurement,lav
1536-6367,1536-6359,Measurement: Interdisciplinary Research and Perspectives,lav
1368-3047,1758-8057,Measuring Business Excellence,lav
0163-4437,1460-3675,"Media, Culture and Society",lav
1077-5587,1552-6801,Medical Care Research and Review,lav
0272-989X,1552-681X,Medical decision making,lav
,2464-4277,Mediehistorisk tidsskrift,lav
0900-9671,1901-9726,Mediekultur,lav
0259-7446,,medien & zeit: Kommunikation in Vergangenheit und Gegenwart,lav
2049-372X,,Meditari Accountancy Research,lav
2039-9340,2039-2117,Mediterranean Journal of Social Sciences,lav
2602-2508,,Meltem ?zmir Akdeniz Akademisi Dergisi,lav
0809-8786,0809-8832,"Memorandum from Department of Economics, University of Oslo",lav
2535-3667,,Mennesket og havet. Årbok Norsk Maritimt Museum,lav
1367-4676,1469-9737,"Mental Health, Religion & Culture",lav
0026-0452,1492-1421,Meta : Journal des traducteurs,lav
,2003-2714,Meta-Psychology,lav
0026-1068,1467-9973,Metaphilosophy,lav
1387-5841,1573-7713,Methodology and Computing in Applied Probability,lav
,2041-210X,Methods in Ecology and Evolution,lav
,2215-0161,MethodsX,lav
2082-792X,2543-8565,Metody Ilosciowe w Badaniach Ekonomicznych,lav
1893-9651,2703-8874,Michael,lav
0266-6138,1532-3099,Midwifery,lav
1741-8984,1741-8992,Migration Letters,lav
2049-5838,2049-5846,Migration Studies,lav
2163-5781,2163-5803,Military Behavioral Health,lav
0026-4075,1930-613X,Military medicine,lav
0275-5823,,Military Operations Research: A journal of the Military Operations Research Society,lav
0899-5605,1532-7876,Military Psychology,lav
1501-5920,,Miljøkrim : tidsskrift for miljøkriminalitet,lav
0026-4423,1460-2113,Mind,lav
1868-8527,1868-8535,Mindfulness,lav
2191-2203,2191-2211,Mineral Economics,lav
0026-4695,1573-1871,Minerva,lav
0938-8249,1861-8901,MIR. Management International Review: journal of international business,lav
0276-7783,2162-9730,MIS Quarterly,topp
1540-1960,1540-1979,MIS Quarterly Executive,3
,2354-0389,Miscellanea Anthropologica et Sociologica,lav
1532-9194,1532-8937,MIT Sloan Management Review,topp
1574-017X,1875-905X,Mobile Information Systems,lav
2050-1579,2050-1587,Mobile Media & Communication,lav
1383-469X,1572-8153,Mobile Networks and Applications,lav
2160-0295,2160-0317,Modern China Studies,lav
2351-6046,2351-6054,Modern Stochastics: Theory and Applications (MSTA),lav
1431-5157,1420-3049,Molecules,lav
2109-5671,,Mondes du tourisme,lav
1889-4178,1989-9335,MonTI : monografías de traducción e interpretación,lav
2747-5174,2747-5182,Morals + Machines,lav
0805-3847,0806-2617,Morgenbladet,lav
0146-7239,1573-6644,Motivation and Emotion,lav
2333-8113,2333-8121,Motivation Science,lav
1380-7501,1573-7721,Multimedia Tools and Applications,lav
1525-383X,2054-1686,Multinational Business Review,lav
1096-1879,,Multinational Finance Journal,lav
2213-4794,2213-4808,Multisensory Research,lav
0027-3171,1532-7906,Multivariate Behavioral Research,lav
,1479-8360,Museum and Society (M&S),lav
0964-7775,1872-9185,Museum Management and Curatorship,lav
1461-3808,1469-9893,Music Education Research,lav
1029-8649,2045-4147,Musicae Scientiae,lav
2011-799X,,Mutatis Mutandis - Latin American Translation Journal,lav
2040-8749,2040-8757,Nankai Business Review International (NBRI),lav
,2079-4991,Nanomaterials,lav
2191-9089,2191-9097,Nanotechnology Reviews,lav
2689-3010,,National Accounting Review,lav
0027-9501,1741-3036,National Institute Economic Review,lav
0028-0283,1944-7477,National tax journal,lav
1353-7113,1557-2986,Nationalism & Ethnic Politics,lav
0921-030X,1573-0840,Natural Hazards,lav
1561-8633,1684-9981,Natural Hazards and Earth System Sciences,lav
0890-8575,1939-7445,Natural Resource Modeling,lav
0165-0203,1477-8947,Natural resources forum (Print),lav
1520-7439,1573-8981,Natural Resources Research,lav
0028-0836,1476-4687,Nature,lav
1087-0156,1546-1696,Nature Biotechnology,lav
1758-678X,1758-6798,Nature Climate Change,lav
,2041-1723,Nature Communications,lav
,2058-7546,Nature Energy,lav
,2662-1355,Nature Food,lav
1752-0894,1752-0908,Nature Geoscience,lav
,2397-3374,Nature Human Behaviour,lav
1078-8956,1546-170X,Nature Medicine,lav
,2662-138X,Nature Reviews Earth & Environment,lav
,2731-0574,Nature Reviews Psychology,lav
,2398-9629,Nature Sustainability,lav
0028-1425,1559-3584,Naval engineers journal (Print),lav
0894-069X,1520-6750,Naval Research Logistics,lav
0547-3101,2385-8052,Naše gospodarstvo,lav
0889-3365,1537-2642,NBER macroeconomics annual,lav
1073-2489,,NBER Technical Working Paper Series,lav
0898-2937,,NBER Working Paper Series,lav
2464-353X,2535-2903,Necesse,lav
1619-0033,1314-2488,NeoBiota,lav
1965-2542,2262-0354,Neologica,lav
1266-6912,,Neptunus,lav
1385-9587,1573-7071,Netnomics,lav
1556-1801,1556-181X,Networks and Heterogeneous Media,lav
1566-113X,1572-9427,Networks and Spatial Economics,lav
0028-3045,1097-0037,Networks: An International Journal,lav
0941-0643,1433-3058,Neural Computing & Applications,lav
0893-6080,1879-2782,Neural Networks,lav
1350-1925,1365-2982,Neurogastroenterology and Motility,lav
1053-8119,1095-9572,NeuroImage,lav
0732-118X,1873-3522,New Ideas in Psychology,lav
2032-2844,2399-293X,New Journal of European Criminal Law,lav
1461-4448,1461-7315,New Media & Society,lav
1594-5685,2611-1128,New Medit,lav
1356-3467,1469-9923,New Political Economy,3
0268-1072,1468-005X,"New technology, work and employment",lav
0739-5329,2376-4791,Newspaper Research Journal (NRJ),lav
0804-6824,,NHH Dept. of Economics Discussion papers,lav
1880-2761,1881-0519,Nihon LCA gakkaishi,lav
1892-0713,1892-0721,NIKT: Norsk IKT-konferanse for forskning og utdanning,lav
0027-6723,2002-3456,NIR : Nordiskt immateriellt rättsskydd,lav
1021-9722,1420-9004,NoDEA. Nonlinear differential equations and applications (Printed ed.),lav
1892-0748,1894-7719,NOKOBIT: Norsk konferanse for organisasjoners bruk av informasjonsteknologi,lav
0924-090X,1573-269X,Nonlinear dynamics,lav
0899-7640,1552-7395,Nonprofit and Voluntary Sector Quarterly,3
0803-8740,1502-394X,NORA - Nordic Journal of Feminist and Gender Research,lav
1902-097X,1902-0988,Nordic and Baltic Journal of Information and Communications Technologies,lav
1904-4526,1904-8092,Nordic Economic Policy Review,lav
,1891-943X,Nordic Journal of Digital Literacy,lav
1892-9729,1892-9710,Nordic Journal of Health Economics,lav
1891-8131,1891-814X,Nordic Journal of Human Rights,lav
,2704-0224,Nordic Journal of Innovation in the Public Sector (NJIPS),lav
,2704-1085,Nordic Journal of Labour Law (NJLL),lav
,2703-8629,Nordic Journal of Language Teaching and Learning (NJLTL),lav
0332-5865,1502-4717,Nordic Journal of Linguistics,lav
2597-0445,,Nordic Journal of Media Management,lav
,2003-184X,Nordic Journal of Media Studies,lav
,1799-649X,Nordic Journal of Migration Research,lav
0803-9488,1502-4725,Nordic Journal of Psychiatry,lav
1894-4647,,Nordic Journal of Science and Technology Studies,lav
,1892-2783,Nordic Journal of Social Research,lav
,2535-4574,Nordic Journal of STEM Education,lav
,2002-0317,Nordic Journal of Studies in Educational Policy,lav
,2703-7045,Nordic Journal of Studies in Policing (NJSP),lav
1459-5877,2341-6599,Nordic Journal of Surveying and Real Estate Research,lav
,2003-8046,"Nordic Journal of Transitions, Careers and Guidance",lav
,2242-458X,Nordic Journal of Vocational Education and Training,lav
,2245-0157,Nordic Journal of Working Life Studies,lav
,2002-7788,Nordic Journal on Law and Society,lav
,2703-9196,Nordic Machine Intelligence (NMI),lav
1901-2276,1904-0016,Nordic Psychology,lav
2156-857X,2156-8588,Nordic Social Work Research,lav
1891-5914,1891-5949,Nordic Studies in Education,lav
1455-0725,1458-6126,Nordic Studies on Alcohol and Drugs (NAD),lav
,2246-1809,Nordic Tax Journal,lav
1403-1108,2001-5119,Nordicom Review,lav
,1670-6242,Nordicum-Mediterraneum,lav
2000-9879,,Nordidactica,lav
1761-7677,,Nordiques,lav
0029-1285,2246-1310,Nordisk Administrativt Tidsskrift,lav
,1893-5281,Nordisk arkitekturforskning,lav
,1890-9167,Nordisk barnehageforskning (NBF),lav
1403-3216,2000-8325,Nordisk kulturpolitisk tidsskrift (NKT),lav
,2000-4273,Nordisk miljörättslig tidskrift,lav
1103-8152,2002-0503,Nordisk Museologi,lav
1504-5021,2535-4027,Nordisk musikkpedagogisk forskning : Årbok,lav
0025-8539,,Nordisk Numismatisk Unions medlemsblad,lav
1504-3614,1891-2982,Nordisk tidsskrift for helseforskning,lav
2245-2931,2245-294X,Nordisk Tidsskrift for informationsvitenskab- og kulturformidling,lav
,2703-9986,Nordisk tidsskrift for livskvalitet og bærekraftig velferdsutvikling,lav
,2387-5739,Nordisk tidsskrift for pedagogikk og kritikk,lav
1399-140X,,Nordisk Tidsskrift for Selskabsret,lav
,2535-7697,Nordisk tidsskrift for utdanning og praksis,lav
,2464-4161,Nordisk välfärdsforskning | Nordic Welfare Research,lav
1501-8237,,Nordiske organisasjonsstudier,lav
1100-9659,,Nordterm,lav
,2535-3047,NORDVEI: Nordisk tidsskrift i veiledningspedagogikk,lav
0802-7285,1504-2898,Norsk antropologisk tidsskrift,lav
0029-1943,1504-2901,Norsk filosofisk tidsskrift,lav
0029-1951,1502-5292,Norsk Geografisk Tidsskrift,lav
2387-3361,,Norsk Lovkommentar,lav
0804-8452,0805-9535,Norsk medietidsskrift (NMT),lav
,2464-2525,Norsk museumstidsskrift,lav
0029-2052,1504-2987,Norsk pedagogisk tidsskrift,lav
,2535-2512,Norsk sosiologisk tidsskrift,lav
0801-1745,1504-2936,Norsk statsvitenskapelig tidsskrift,lav
1503-5034,2703-9609,Norsk tidsskrift for ernæring (NTFE),lav
1504-6605,2464-1936,Norsk tidsskrift for misjonsvitenskap,lav
1601-829X,2040-0586,Northern Lights: Film & Media Studies Yearbook,lav
1501-8415,1894-0692,Norwegian Journal of Entomology,lav
2387-5844,2387-5852,Norwegian Journal of Geology,lav
,2562-7147,NOvation – Critical Studies of Innovation,lav
,2731-9814,npj Climate Action,lav
,3059-3220,npj Heritage Science,lav
,2396-8370,npj Science of Food,lav
,2056-7936,npj Science of learning,lav
1017-1398,1572-9265,Numerical Algorithms,lav
0078-2696,2054-9202,Numismatic Chronicle,lav
2090-1429,2090-1437,Nursing Research and Practice,lav
,2230-522X,Nursing: Research and Reviews,lav
1501-9594,,Nytt i privatretten : nyhetsbrev for informasjon på det privatret,lav
0800-336X,1504-3053,Nytt Norsk Tidsskrift (NNT),lav
1351-0711,1470-7926,Occupational and Environmental Medicine,lav
0962-7480,1471-8405,Occupational Medicine,lav
0964-5691,1873-524X,Ocean and Coastal Management,lav
0090-8320,1521-0642,Ocean Development and International Law,lav
0029-8018,1873-5258,Ocean Engineering,lav
,1875-418X,"Oil, Gas and Energy Law (OGEL)",lav
0030-2228,1541-3764,Omega - Journal of Death and Dying,lav
0305-0483,1873-5274,Omega. The International Journal of Management Science,3
2366-1070,2366-1089,Oncology and Therapy,lav
2590-3330,2590-3322,One Earth,lav
1468-4527,1468-4535,Online information review (Print),lav
,1947-2579,Online Journal of Public Health Informatics (OJPHI),lav
1753-0229,1753-0237,Opec Energy Review,lav
,2802-9356,Open Communications in Nonlinear Mathematical Physics,lav
,2299-1093,Open Computer Science,lav
,1874-8368,Open Construction & Building Technology Journal,lav
0923-7992,1573-708X,Open Economies Review,lav
2162-2450,2162-2469,Open Journal of Microphysics,lav
2162-5336,2162-5344,Open Journal of Nursing,lav
,2327-5960,Open Journal of Social Sciences,lav
,2300-9969,Open Linguistics,lav
,2391-5471,Open Physics,lav
0193-2713,,Operant Subjectivity,lav
1109-2858,1866-1505,Operational Research,lav
1979-3561,,Operations and Supply Chain Management,lav
1936-9735,1936-9743,Operations Management Research,lav
0030-364X,1526-5463,Operations Research,topp
2081-8858,,Operations Research and Decisions,lav
2211-6923,2211-6931,Operations Research for Health Care,lav
0167-6377,1872-7468,Operations Research Letters,lav
0721-5924,2197-9294,Operations Research Proceedings,lav
3050-7855,3050-7847,"Operations Research, Data Analytics and Logistics (ORDAL)",lav
0233-1934,1029-4945,Optimization,lav
1389-4420,1573-2924,Optimization and Engineering,lav
1862-4472,1862-4480,Optimization Letters,lav
1055-6788,1029-4937,Optimization Methods and Software,lav
0171-6468,1436-6304,OR Spectrum: quantitative approaches in management,lav
0169-1368,1872-7360,Ore Geology Reviews,lav
1879-4238,1879-4246,Organic Agriculture,lav
2001-9114,2002-0287,Organisation & Samhälle,lav
1318-5454,1581-1832,"Organizacija (Journal of Management, Informatics and Human Resources)",lav
1350-5084,1461-7323,Organization,3
1086-0266,1552-7417,Organization & Environment,3
1047-7039,1526-5455,Organization science,topp
0170-8406,1741-3044,Organization Studies,3
,2631-7877,Organization Theory (OT),3
,2168-8575,Organizational Aesthetics,lav
0749-5978,1095-9920,Organizational Behavior and Human Decision Processes,topp
0090-2616,1873-3530,Organizational Dynamics,lav
1094-4281,1552-7425,Organizational Research Methods,topp
0030-5685,2736-898X,Ornis Fennica,lav
1102-6812,,Ornis Svecica,lav
,2387-3299,Oslo Law Review,lav
,2283-7515,Osservatorio costituzionale,lav
0194-5998,1097-6817,Otolaryngology - Head and Neck Surgery (OTO),lav
1503-2663,,Overlegen,lav
0305-9049,1468-0084,Oxford Bulletin of Economics and Statistics,3
1360-0818,1469-9966,Oxford Development Studies,lav
0030-7653,1464-3812,Oxford Economic Papers,3
,2752-5074,Oxford Open Economics,lav
,2752-5082,Oxford Open Energy,lav
0266-903X,1460-2121,Oxford review of economic policy,lav
0114-0582,2041-5494,Pacific Accounting Review,lav
,2689-6354,Pacific Asian Conference on Information Systems (PACIS),lav
1361-374X,1468-0106,Pacific Economic Review,lav
0927-538X,1879-0585,Pacific-Basin Finance Journal,lav
0030-9230,1477-674X,Paedagogica Historica: International Journal of the History of Education,lav
0269-5022,1365-3016,Paediatric and Perinatal Epidemiology,lav
1904-9633,,Paideia - Tidsskrift for professionel pædagogisk praksis,lav
0030-9729,,Pakistan Development Review,lav
2074-2738,2222-6648,Pakistan Journal of Criminology,lav
2080-9778,2081-4836,Paladyn - Journal of Behavioral Robotics,lav
,2055-1045,Palgrave Communications,lav
1056-8190,1435-5957,Papers in Regional Science,lav
,2296-6684,Parallèles,lav
2235-9036,,Parliamentary Research Journal Sri Lanka,lav
,1743-8977,Particle and Fibre Toxicology,lav
1354-0688,1460-3683,Party Politics,lav
,2041-7136,Pastoralism,lav
0738-3991,1873-5134,Patient Education and Counseling,lav
0031-3203,1873-5142,Pattern Recognition,lav
0167-8655,1872-7344,Pattern Recognition Letters,lav
1078-1919,1532-7949,Peace and Conflict: The Journal of Peace Psychology,lav
1401-6788,2001-3345,Pedagogisk Forskning i Sverige,lav
1468-1366,1747-5104,"Pedagogy, Culture & Society",lav
0031-4005,1098-4275,Pediatrics,lav
1002-0160,2210-5107,Pedosphere,lav
,2376-5992,PeerJ Computer Science,lav
0301-0066,1468-4233,Perception,lav
0031-5125,1558-688X,Perceptual and Motor Skills,lav
1617-4909,1617-4917,Personal and Ubiquitous Computing,lav
0191-8869,1873-3549,Personality and Individual Differences,3
0146-1672,1552-7433,Personality and Social Psychology Bulletin,3
0031-5826,1744-6570,Personnel Psychology,3
0048-3486,1758-6933,Personnel Review,lav
2520-8969,2520-8977,Perspectives on Behavior Science,lav
1537-5927,1541-0986,Perspectives on Politics,lav
1745-6916,1745-6924,Perspectives on Psychological Science,lav
1063-6145,1530-9274,Perspectives on Science,lav
0907-676X,1747-6623,Perspectives: Studies in Translation Theory and Practice,lav
1178-2595,1179-1993,Pharmaceutical Medicine,lav
2509-4262,2509-4254,PharmacoEconomics - Open,lav
1568-7759,1572-8676,Phenomenology and the Cognitive Sciences,lav
1364-503X,1471-2962,"Philosophical Transactions of the Royal Society A: Mathematical, Physical and Engineering Sciences",lav
1740-3812,2052-9597,Philosophy of Management,lav
2040-3682,2040-3690,Philosophy of Photography,lav
1754-0763,1754-0771,Photographies,lav
0378-4371,1873-2119,Physica A: Statistical Mechanics and its Applications,lav
1740-8989,1742-5786,Physical Education and Sport Pedagogy,lav
,2643-1564,Physical Review Research (PRResearch),lav
0836-1398,2371-2236,Physics Essays,lav
,2666-0326,Physics Open,lav
0031-9384,1873-507X,Physiology and Behavior,lav
0340-269X,,Phytocoenologia,lav
0805-083X,1504-3045,"Plan - tidsskrift for samfunnsplanlegging, regional- og byutvikling",lav
,2468-0648,Planext: Next Generation Planning,lav
1553-734X,1553-7358,PLoS Computational Biology,lav
,1932-6203,PLOS ONE,lav
,2752-6542,PNAS Nexus,lav
0304-422X,1872-7514,Poetics,lav
0722-4060,1432-2056,Polar Biology,lav
1088-937X,1939-0513,Polar Geography,lav
0032-2474,1475-3057,Polar Record,lav
0800-0395,1751-8369,Polar Research,lav
1561-4263,1477-271X,Police Practice & Research,lav
1043-9463,1477-2728,Policing and Society: An International Journal of Research and Policy,lav
1752-4512,1752-4520,Policing: A Journal of Policy and Practice,lav
1363-951X,1758-695X,Policing: An International Journal of Police Strategies & Management,lav
,1944-2866,Policy & Internet,lav
1477-3996,1477-4003,Policy and Practice in Health and Safety,lav
1449-4035,1839-3373,Policy and Society: An Interdisciplinary Journal of Policy Research,lav
0032-2687,1573-0891,Policy sciences,lav
0144-2872,1470-1006,Policy Studies,lav
1527-1544,1552-7468,"Policy, Politics & Nursing Practice",lav
0105-0710,2246-042X,Politica - Tidsskrift for politisk videnskab,lav
1047-1987,1476-4989,Political Analysis,lav
1058-4609,1091-7675,Political Communication,3
0162-895X,1467-9221,Political Psychology,lav
0032-3217,1467-9248,Political Studies,lav
1743-923X,1743-9248,Politics & Gender,3
0032-3292,1552-7514,Politics & Society,lav
,2183-2463,Politics and Governance,lav
1755-0483,1755-0491,Politics and Religion,lav
1470-594X,1741-3060,"Politics, Philosophy and Economics",lav
0137-4729,,Polityka Społeczna,lav
0300-7766,1740-1712,Popular music and society,lav
0098-7921,1728-4457,Population and Development Review,3
0032-4728,1477-4747,Population Studies,3
1617-982X,1617-9838,Portuguese Economic Journal,lav
1385-1292,1572-9281,Positivity (Dordrecht),lav
,2753-8699,Possibility Studies & Society,lav
1463-1377,1465-3958,Post-Communist Economies,lav
1060-586X,1938-2855,Post-Soviet Affairs,lav
2524-485X,2524-4868,Postdigital Science and Education,lav
1501-0074,1504-2871,Praktisk Økonomi & Finans,lav
3084-1305,3084-1313,Praktisk økonomi & ledelse,lav
,1902-2271,Praktiske grunde. Nordisk tidsskrift for kultur- og samfundsvidenskab,lav
2217-2815,2406-1387,Pravni zapisi - Časopis Pravnog fakulteta Univerziteta Union u Beogradu,lav
1049-023X,1945-1938,Prehospital and Disaster Medicine,lav
0167-5877,1873-1716,Preventive Veterinary Medicine,lav
1463-4236,1477-1128,Primary Health Care Research and Development,lav
1051-1970,1935-4053,"PRIMUS - Problems, Resources, and issues in mathematics undergraduate studies",lav
2387-4538,,PrivIus Journal of Private Law,lav
0178-8051,1432-2064,Probability theory and related fields,3
1727-7051,1810-5467,Problems and Perspectives in Management,lav
,2212-8271,Procedia CIRP,lav
,1877-0509,Procedia Computer Science,lav
,1877-7058,Procedia Engineering,lav
,2351-9789,Procedia Manufacturing,lav
1093-0175,,Proceedings (Conference on Software Engineering Education and Training),lav
2325-6354,2325-6362,Proceedings (IEEE International Enterprise Distributed Object Computing Conference),lav
1539-4565,,Proceedings - Frontiers in Education Conference,lav
0376-6756,2077-7841,Proceedings - International Conference on Port and Ocean Engineering under Arctic Conditions,lav
2280-787X,,Proceedings IFKAD...,lav
,2194-511X,Proceedings in Food System Dynamics,lav
2466-7498,,Proceedings of EURAM (European Academy of Management),lav
1522-4880,2381-8549,Proceedings of IEEE International Conference on Image Processing,lav
,2640-3498,Proceedings of Machine Learning Research (PMLR),lav
0277-786X,1996-756X,"Proceedings of SPIE, the International Society for Optical Engineering",lav
3066-8743,3066-876X,Proceedings of the American Conference on Information Systems (AMCIS),lav
1530-1605,2572-6862,Proceedings of the Annual Hawaii International Conference on System Sciences (HICSS),lav
,2732-527X,Proceedings of the Design Society,lav
2049-0992,2049-100X,Proceedings of the European Conference on Games Based Learning (ECGBL),lav
2049-1050,2049-1069,"Proceedings of the European Conference on Innovation and Entrepreneurship, ECIE",lav
2048-8971,2048-8963,Proceedings of the European Conference on Knowledge Management,lav
2048-9021,2048-903X,"Proceedings of the European Conference on Management, Leadership and Governance (ECMLG)",lav
2049-0968,2049-0976,Proceedings of the European Conference on Research Methods in Business and Management,lav
2055-7213,2055-7221,Proceedings of the European Conference on Social Media (ECSM),lav
1071-1813,2169-5067,Proceedings of the Human Factors and Ergonomics Society Annual Meeting.,lav
1751-4223,1751-4231,Proceedings of the ICE - Energy,lav
0018-9219,1558-2256,Proceedings of the IEEE,lav
0074-1795,1995-6258,Proceedings of the International Astronautical Congress,lav
2184-3589,2184-433X,Proceedings of the International Conference on Agents and Artificial Intelligence (ICAART),lav
1683-0040,,Proceedings of the International Conference on Electronic Business,lav
2220-4334,2220-4342,Proceedings of the International Conference on Engineering Design,lav
,2184-4895,Proceedings of the International Conference on Evaluation of Novel Approaches to Software Engineering (ENASE),lav
,3067-0896,Proceedings of the International Conference on Information Systems (ICIS),lav
2048-9803,,"Proceedings of the International Conference on Intellectual Capital, Knowledge Management and Organisational Learning, ICICKM",lav
,2411-3387,Proceedings of the International ISCRAM Conference,lav
2161-4393,2161-4407,Proceedings of the International Joint Conference on Neural Networks,lav
,2414-6390,"Proceedings of the LACCEI international multi-conference for engineering, education and technology",lav
2295-1709,,Proceedings of the Manufacturing Accounting Research Conference,lav
0027-8424,1091-6490,Proceedings of the National Academy of Sciences of the United States of America (PNAS),lav
0962-8452,1471-2954,Proceedings of the Royal Society of London. Biological Sciences,lav
1364-5021,1471-2946,"Proceedings of the Royal Society. Mathematical, Physical and Engineering Sciences",lav
,2283-8996,Proceedings of the Summer School Francesco Turco,lav
1066-8527,1547-5913,Process safety progress,lav
1059-1478,1937-5956,Production and operations management,topp
2353-5156,2353-7779,Production Engineering Archives,lav
0953-7287,1366-5871,Production planning & control (Print),lav
2065-099X,,Professional Communication and Translation Studies (PCTS),lav
1941-5257,1941-5265,Professional Development in Education,lav
,1893-1049,Professions and Professionalism,lav
2192-6352,2192-6360,Progress in Artificial Intelligence,lav
,2949-6942,Progress in Economic Geography (PEG),lav
,2753-9687,Progress in Environmental Geography,lav
0309-1325,1477-0288,Progress in Human Geography,lav
1745-8862,,Progress in International Business Research,lav
0149-1970,1878-4224,Progress in nuclear energy (New series),lav
0305-9006,1873-4510,Progress in Planning,lav
,2666-7215,Project Leadership and Society (PLS),lav
8756-9728,1938-9507,Project Management Journal,lav
0353-5320,1848-4069,Promet,lav
0263-7472,1758-731X,Property Management,lav
0805-276X,,Prosa - tidsskrift for skribenter,lav
0033-2674,2391-5854,Psychiatria Polska,lav
,2673-5318,Psychiatry International,lav
0165-1781,1872-7123,Psychiatry Research,lav
1057-9249,1099-1611,Psycho-Oncology,lav
1896-1800,2569-653X,Psychologia Społeczna,lav
1040-3590,1939-134X,Psychological Assessment,lav
1047-840X,1532-7965,Psychological Inquiry,lav
1082-989X,1939-1463,Psychological methods,lav
0033-2941,1558-691X,Psychological Reports,lav
0956-7976,1467-9280,Psychological Science,topp
2152-7180,2152-7199,PSYCHOLOGY,lav
0742-6046,1520-6793,Psychology & Marketing,lav
0887-0446,1476-8321,Psychology and Health,lav
,2813-9844,Psychology International,lav
1931-3896,1931-390X,"Psychology of Aesthetics, Creativity, and the Arts",lav
2326-5523,2326-5531,Psychology of Consciousness,lav
2769-6863,2769-6898,Psychology of Leaders and Leadership,lav
0305-7356,1741-3087,Psychology of Music,lav
2689-6567,2689-6575,Psychology of Popular Media,lav
2160-4134,2160-4142,Psychology of Popular Media Culture,lav
1469-0292,1878-5476,Psychology of Sport And Exercise,lav
1354-8506,1465-3966,"Psychology, Health & Medicine",lav
0033-3123,1860-0980,Psychometrika,lav
0033-3158,1432-2072,Psychopharmacology,lav
1892-3364,2535-7581,Psykologi i kommunen (PIK),lav
0033-3298,1467-9299,Public Administration,3
0271-2075,1099-162X,Public Administration and Development,lav
0033-3352,1540-6210,Public Administration Review,3
2589-1707,2589-1715,Public Anthropologist,lav
0048-5829,1573-7101,Public Choice,lav
,1523-9721,Public Finance and Management,lav
1091-1421,1552-7530,Public Finance Review,lav
0033-3506,1476-5616,Public Health,lav
1368-9800,1475-2727,Public Health Nutrition (PHN),lav
1471-9037,1471-9045,Public Management Review,3
0954-0962,1467-9302,Public Money & Management,lav
1566-7170,1573-7098,Public Organization Review,lav
1530-9576,1557-9271,Public Performance and Management Review,lav
0952-0767,1749-4192,Public Policy and Administration,lav
2046-147X,2046-1488,Public relations inquiry,lav
0363-8111,1873-4537,Public Relations Review,lav
,2459-8860,Public Sector Economics,lav
1866-749X,1613-7159,Public Transport,lav
,2304-6775,Publications,lav
1053-8801,1936-4792,Publishing research quarterly,lav
,2499-1333,puntOorg International Journal,lav
,2632-3834,Qeios,lav
2082-2103,2081-6383,Quaestiones Geographicae,lav
1077-8004,1552-7565,Qualitative Inquiry,lav
1352-2752,1758-7646,Qualitative Market Research,lav
1468-7941,1741-3109,Qualitative Research,lav
1176-6093,1758-7654,Qualitative Research in Accounting and Management,lav
1755-4179,1755-4187,Qualitative Research in Financial Markets,lav
1746-5648,1746-5656,Qualitative research in organization and management,lav
2159-676X,2159-6778,"Qualitative Research in Sport, Exercise and Health",lav
1473-3250,1741-3117,Qualitative Social Work,lav
,1733-8077,Qualitative Sociology Review,lav
0033-5177,1573-7845,Quality & Quantity: International Journal of Methodology,lav
2366-0139,2366-0147,Quality and User Experience,lav
,2450-3118,Quality in Sport,lav
1068-6967,2575-6222,Quality Management Journal (QMJ),lav
0962-9343,1573-2649,Quality of Life Research,3
1759-7323,1759-7331,Quantitative Economics,3
1469-7688,1469-7696,Quantitative finance (Print),3
,2573-0134,Quantitative Finance and Economics (QFE),lav
,2624-960X,Quantum Reports,lav
0033-5533,1531-4650,Quarterly Journal of Economics,topp
1747-0218,1747-0226,Quarterly Journal of Experimental Psychology (QJEP),lav
1554-0626,1554-0634,Quarterly Journal of Political Science,lav
1062-9769,1878-4259,Quarterly Review of Economics and Finance,lav
1633-5961,2259-8901,Questions de communication,lav
0033-6807,1467-9310,R&D Management,3
,2804-7303,RAIRO - Operations Research,lav
0741-6261,1756-2171,RAND Journal of Economics,3
1797-8904,,Raportti (Tampereen teknillinen yliopisto. Rakennustuotanto ja -talous),lav
2002-6188,2002-6196,Rapport (Högskolan Väst),lav
0922-4777,1573-0905,Reading and writing,lav
1080-8620,1540-6229,Real Estate Economics,3
,1755-9472,Real-world Economics Review,lav
2259-6372,2271-2836,Recherches en Sciences de Gestion - Management Sciences - Ciencias de Gestión,lav
0034-1398,1865-519X,Rechtstheorie,lav
2285-2689,,Redefining Community in Intercultural Context,lav
,2409-5370,REGION: The Journal of ERSA,lav
1359-7566,1743-9434,Regional & Federal Studies,lav
1436-3798,1436-378X,Regional Environmental Change,lav
0166-0462,1879-2308,Regional Science and Urban Economics,3
,1757-7802,Regional Science Policy & Practice,lav
0034-3404,1360-0591,Regional studies,topp
,2352-4855,Regional Studies in Marine Science,lav
,2168-1376,"Regional Studies, Regional Science",lav
2097-0129,2666-660X,Regional Sustainability,lav
1748-5983,1748-5991,Regulation & Governance,3
0951-8320,1879-0836,Reliability Engineering & System Safety,3
0048-721X,1096-1151,Religion,lav
,2072-4292,Remote Sensing,lav
1742-1705,1742-1713,Renewable Agriculture and Food Systems,lav
1364-0321,1879-0690,Renewable and Sustainable Energy Reviews,3
,2667-095X,Renewable and Sustainable Energy Transition,lav
0960-1481,1879-0682,Renewable Energy,lav
2493-9439,,Renewable Energy and Environmental Sustainability,lav
1755-0084,1878-0229,Renewable Energy Focus,lav
,1742-4755,Reproductive Health,lav
2632-9220,,Research Europe,lav
0958-2029,1471-5449,Research Evaluation,lav
1090-9443,1090-9451,Research in Economics,lav
,2691-0667,Research in Educational Policy and Management (REPAM),lav
1064-4857,,Research in Global Strategic Management,lav
0361-0365,1573-188X,Research in Higher Education,lav
0275-5319,1878-3384,Research In International Business and Finance,lav
0147-9121,,Research in Labor Economics,lav
1855-4202,,Research in social change,lav
0276-5624,1878-5654,Research in Social Stratification and Mobility,lav
0733-558X,,Research in the Sociology of Organizations,lav
2210-5395,2210-5409,Research in Transportation Business and Management (RTBM),lav
0739-8859,1875-7979,Research in Transportation Economics,lav
0048-7333,1873-7625,Research Policy,topp
2693-5015,,Research Square,lav
1321-103X,1834-5530,Research Studies in Music Education,lav
0895-6308,1930-0166,Research technology management,lav
0399-0559,1290-3868,Reserche operationelle,lav
0928-7655,1873-0221,Resource and Energy Economics,lav
,2079-9276,Resources,lav
0301-4207,1873-7641,Resources Policy,lav
,2590-289X,"Resources, Conservation & Recycling: X",lav
0921-3449,1879-0658,"Resources, Conservation and Recycling",lav
,2666-9161,"Resources, Environment and Sustainability",lav
,2590-1230,Results in Engineering (RINENG),lav
,2211-3797,Results in Physics,lav
0105-1121,3084-1836,Retfærd: Nordic Journal of Law and Justice,lav
1475-7702,1758-7700,Review of Accounting and Finance,lav
1380-6653,1573-7136,Review of accounting studies,topp
2425-6870,2425-6897,"Review of Agricultural, Food and Environmental Studies (RAFE)",lav
,2247-6172,Review of Applied Socio-Economic Research,lav
2045-9920,2045-9939,Review of Asset Pricing Studies,3
2326-6198,2326-6201,Review of Behavioral Economics,lav
1940-5979,,Review of Behavioral Finance,lav
1546-2609,2378-9670,Review of Business Research,lav
2693-9312,2693-9320,Review of Corporate Finance (RCF),lav
1363-6669,1467-9361,Review of Development Economics,lav
,1879-9337,Review of Development Finance,lav
1434-4742,1434-4750,Review of Economic Design,lav
1094-2025,1096-6099,Review of economic dynamics,3
0034-6527,1467-937X,Review of Economic Studies,topp
0034-6535,1530-9142,Review of Economics and Statistics,3
1569-5239,1573-7152,Review of Economics of the Household,lav
1750-6816,1750-6824,Review of Environmental Economics and Policy,lav
,2545-384X,Review of European and Comparative Law,lav
1572-3097,1875-824X,Review of Finance,topp
0889-938X,1573-7160,Review of Industrial Organization,lav
,2938-0642,Review of international and European Economic Law (RIEEL),lav
2059-6014,2059-6022,Review of International Business and Strategy,lav
0965-7576,1467-9396,Review of International Economics,lav
0969-2290,1466-4526,Review of International Political Economy,3
0260-2105,1469-9044,Review of International Studies,lav
2049-5323,2049-5331,Review of Keynesian Economics,lav
2194-6000,1555-5879,Review of Law & Economics,lav
1863-6683,1863-6691,Review of Managerial Science,lav
,1446-9022,Review of Network Economics,lav
0734-371X,1552-759X,Review of Public Personnel Administration,lav
0924-865X,1573-7179,Review of Quantitative Finance and Accounting,lav
0034-6764,1470-1162,Review of social economy,lav
1610-2878,1610-2886,Review of World Economics,lav
1753-5123,1753-5131,Reviews in Aquaculture,lav
1569-1705,1572-9826,Reviews in Environmental Science and Biotechnology,lav
0960-3166,1573-5184,Reviews in Fish Biology and Fisheries,lav
2330-8249,2330-8257,Reviews in Fisheries Science & Aquaculture,lav
0332-7795,,Revisjon og Regnskap,lav
1885-5709,1885-8252,Revista Catalana de Dret Públic,lav
0716-1549,0717-7518,Revista Chilena de Nutricíon,lav
,2764-1899,Revista Científica do CPJM,lav
1415-6555,1982-7849,Revista de Administração Contemporânea,lav
,2447-8156,"Revista de Administração, Sociedade e Inovação (RASI)",lav
1138-4891,1988-4672,Revista de Contabilidad - Spanish Accounting Review,lav
1889-1810,,"Revista de Derecho del Transporte Terrestre, Marítimo, Aéreo y Multimodal (RDT)",lav
1576-0162,2340-4264,Revista de Economía Mundial (REM),lav
0211-4364,,Revista de Estudios de Juventud Injuve,lav
,2236-0972,Revista de Gestão e Projetos (GeP),lav
2734-8946,,Revista de psihologie militar?,lav
2357-9226,,Revista Econômica do Nordeste,lav
1132-2799,2255-5951,Revista Galega de Economía,lav
1668-0030,1850-0013,"Revista Iberoamericana de Ciencia, Tecnología y Sociedad -CTS",lav
0212-7016,,Revista Internacional de los Estudios Vascos,lav
0954-6545,1743-7873,Revolutionary Russia,lav
1645-6726,2183-0371,REVSTAT-Statistical Journal,lav
0774-5885,,Revue Belge de numismatique et de sigillographie,lav
0373-2630,2105-2883,Revue d' Economie politique,lav
1778-9605,,Revue d'histoire Nordique,lav
0154-3229,1773-0198,Revue d'Économie Industrielle,lav
2110-6657,2272-9054,"Revue des deux cités - Société, droit, politique et religion",lav
0750-9278,,Revue des Deux Mondes,lav
0253-1933,1608-0637,Revue scientifique et technique - Office international des épizooties,lav
0035-2764,1950-6694,Revue économique,lav
0272-4332,1539-6924,Risk Analysis,lav
2077-429X,2077-4303,RISK GOVERNANCE AND CONTROL: FINANCIAL MARKETS & INSTITUTIONS,lav
1460-3799,1743-4637,Risk Management: An International Journal,lav
,1944-4079,"Risk, Hazards & Crisis in Public Policy (RHCPP)",lav
,2227-9091,Risks,lav
,2282-6599,Rivista di economia e politica dei trasporti (REPoT),lav
0035-6697,2499-748X,Rivista Geografica Italiana (RGI),lav
,2039-8026,Rivista Gruppo di Pisa. Dibattito aperto sul Diritto e la Giustizia costituzionale,lav
2610-8763,,RIvista Italiana di Public Management,lav
1506-218X,,Rocznik Ochrona Srodowiska,lav
0278-3193,1940-865X,Roeper Review,lav
,2054-5703,Royal Society Open Science,lav
1810-6374,2618-9844,Russia in Global Affairs,lav
,1863-0421,Russian Analytical Digest,lav
1729-7427,,Russian Management Journal,lav
2474-2376,2474-6509,Rutgers Business Review (RBR),lav
,1524-847X,Rutgers Race & Law,lav
2341-9687,,RUUKKU,lav
0258-5200,2071-0763,SA Journal of Industrial Psychology,lav
,2313-576X,Safety,lav
0961-7353,2469-4126,Safety and Reliability,lav
2524-8170,2524-8189,Safety in Extreme Environments,lav
0925-7535,1879-1042,Safety Science,3
1443-8844,,Safety Science Monitor,lav
,2158-2440,Sage Open,lav
,2050-3121,SAGE Open Medicine,lav
,2596-6200,Samfundslederskab i Skandinavien,lav
0108-3937,,Samfundsøkonomen,lav
1890-5250,2703-9285,Samfunnsøkonomen,lav
0976-8386,0976-8394,"Sankhya B, The Indian Journal of Statistics",lav
2333-1151,,Santa Clara Journal of International Law,lav
0346-1238,1651-2030,Scandinavian Actuarial Journal,lav
0358-5522,1750-2837,Scandinavian Economic History Review,lav
0355-032X,,Scandinavian Forest Economics,lav
,1894-7875,Scandinavian Journal for Leadership & Theology (SJLT),lav
0283-9318,1471-6712,Scandinavian Journal of Caring Sciences,lav
0031-3831,1470-1170,Scandinavian Journal of Educational Research,lav
0282-7581,1651-1891,Scandinavian Journal of Forest Research,lav
0346-8755,1502-7716,Scandinavian Journal of History,lav
1502-2250,1502-2269,Scandinavian Journal of Hospitality and Tourism,3
0300-9475,1365-3083,Scandinavian Journal of Immunology,lav
0905-0167,1901-0990,Scandinavian Journal of Information Systems (SJIS),lav
0956-5221,1873-3387,Scandinavian Journal of Management,lav
0905-7188,1600-0838,Scandinavian Journal of Medicine & Science in Sports,lav
,2596-3856,Scandinavian Journal of Military Studies,lav
,1891-473X,Scandinavian Journal of Organizational Psychology,lav
0281-3432,1502-7724,Scandinavian Journal of Primary Health Care,lav
0036-5564,1467-9450,Scandinavian Journal of Psychology,lav
2001-7405,2001-7413,Scandinavian Journal of Public Administration (SPJA),lav
1403-4948,1651-1905,Scandinavian Journal of Public Health,lav
0303-6898,1467-9469,Scandinavian Journal of Statistics,3
1457-4969,1799-7267,Scandinavian Journal of Surgery,lav
,1757-7241,"Scandinavian Journal of Trauma, Resuscitation and Emergency Medicine",lav
,2002-2867,Scandinavian Journal of Work and Organizational Psychology,lav
0355-3140,1795-990X,"Scandinavian Journal of Work, Environment and Health",lav
0080-6757,1467-9477,Scandinavian Political Studies,lav
,1894-5570,Scandinavian Psychologist,lav
,2000-088X,Scandinavian Sport Studies Forum,lav
0085-5944,2002-9179,Scandinavian Studies in Law,lav
0036-5653,2754-0804,Scandinavica - An International Journal of Scandinavian Studies,lav
0341-2687,2366-6153,Schmalenbach Journal of Business Research,lav
0036-8075,1095-9203,Science,lav
,2375-2548,Science Advances,lav
1353-3452,1471-5546,Science and Engineering Ethics,lav
0302-3427,1471-5430,Science and Public Policy,lav
1075-5470,1552-8545,Science communication,3
0167-6423,1872-7964,Science of Computer Programming,lav
0048-9697,1879-1026,Science of the Total Environment,lav
,2470-9476,Science robotics,lav
1026-3098,2345-3605,Scientia Iranica. International Journal of Science and Technology,lav
,2468-2276,Scientific African,lav
2501-1960,2501-3165,Scientific Annals of Economics and Business,lav
,2052-4463,Scientific Data,lav
2544-7122,2545-0719,Scientific Journal of the Military University of Land Forces,lav
,2045-2322,Scientific Reports,lav
0138-9130,1588-2861,Scientometrics,3
1720-3929,2035-603X,Scienze Regionali,lav
1880-3741,,SCIS & ISIS,lav
0036-9292,1467-9485,Scottish Journal of Political Economy,lav
2229-872X,2672-7080,SEARCH Journal of Media and Communication Research,lav
,2377-6188,Secrecy and Society,lav
0955-1662,1743-4645,Security Journal,lav
1893-8728,,Segl. Katolsk Årsskrift for religion og samfunn,lav
,2617-5770,SEISENSE Journal of Management (JOM),lav
2254-3902,2281-7875,SeMA Journal - Boletin de la Sociedad Española de Matemática Aplicada,lav
,1504-4831,"Seminar.net - Media, technology and lifelong learning",lav
,1424-8220,Sensors,lav
1869-4187,1869-4195,SERIEs - Journal of the Spanish Economic Association,lav
1862-8516,1862-8508,Service Business: An International Journal,lav
0264-2069,1743-9507,Service Industries Journal,lav
1863-2386,1863-2394,Service Oriented Computing and Applications,lav
2164-3962,2164-3970,Service Science,lav
,1995-042X,Servis v Rossii i za rubezhom,lav
1877-0533,1877-0541,Set-Valued and Variational Analysis,lav
2093-7911,2093-7997,SH@W Safety and Health at Work,lav
0937-7255,2056-7111,Ship Technology Research,lav
0895-4801,1095-7146,SIAM Journal on Discrete Mathematics,lav
,1945-497X,SIAM Journal on Financial Mathematics,lav
1052-6234,1095-7189,SIAM Journal on Optimization,lav
0037-5497,1741-3133,Simulation,lav
1046-8781,1552-826X,Simulation & Gaming,lav
1569-190X,1878-1462,Simulation modelling practice and theory,lav
0393-5108,2785-549X,Sinergie Italian Journal of Management,lav
0217-5908,,Singapore Economic Review,lav
,2301-3621,"Singaporean Journal of Business Economics, and Management Studies",lav
2387-4287,2387-4295,SINTEF proceedings,lav
0080-9888,,Sjøfartshistorisk årbok,lav
,2464-4153,Skandinavisk tidsskrift for yrker og profesjoner i utvikling - SJVD,lav
0346-1254,,SkatteNytt,lav
0333-2810,1504-310X,Skatterett,lav
2535-5325,,Skriftserien fra Universitetet i Sørøst-Norge,lav
0108-8084,1904-8602,Slagmark,lav
0080-9993,2545-0212,Slavia Antiqua,lav
0037-6922,,Slovanský přehled,lav
0921-898X,1573-0913,Small Business Economics,3
1321-5906,2204-230X,Small Enterprise Research: The Journal of SEAANZ,lav
1046-4964,1552-8278,Small Group Research,lav
0959-2318,1743-9558,Small Wars & Insurgencies,lav
1873-7617,1873-7854,Small-scale Forestry,lav
,2624-6511,Smart Cities,lav
,2666-9552,Smart Energy,lav
2190-3018,2190-3026,"Smart Innovation, Systems and Technologies",lav
,2196-7091,Smart Learning Environments,lav
2523-3963,2523-3971,SN Applied Sciences,lav
,2662-9399,SN Business & Economics,lav
2662-995X,2661-8907,SN Computer Science,lav
,2662-2556,SN Operations Research Forum,lav
,2662-9283,SN Social Sciences,lav
0803-4028,,SNF Working paper,lav
1464-9365,1470-1197,Social & Cultural Geography,lav
,1751-9004,Social & Personality Psychology Compass,lav
0969-160X,2156-2245,Social and Environmental Accountability Journal,lav
0176-1714,1432-217X,Social Choice and Welfare,3
0037-7686,1461-7404,Social Compass,lav
0961-205X,1467-9507,Social Development,lav
1750-8614,1750-8533,Social Enterprise Journal,lav
0269-1728,1464-5297,Social Epistemology,lav
0037-7732,1534-7605,Social Forces,3
,2183-2803,Social Inclusion,lav
0303-8300,1573-0921,Social Indicators Research,3
2783-5502,,Social Inquiry into Well-Being,lav
1751-2395,1751-2409,Social Issues and Policy Review,lav
0885-7466,1573-6725,Social justice research,lav
0904-3535,,Social kritik : tidsskrift for social analyse og debat,lav
,2056-3051,Social Media + Society,lav
1869-5450,1869-5469,Social Network Analysis and Mining,lav
0144-5596,1467-9515,Social Policy & Administration,3
1948-5506,1948-5514,Social Psychological and Personality Science,lav
1864-9335,2151-2590,Social Psychology,lav
1747-1117,1758-857X,Social Responsibility Journal,lav
0277-9536,1873-5347,Social Science and Medicine,3
0894-4393,1552-8286,Social science computer review,lav
0145-5532,1527-8034,Social Science History,lav
0539-0184,1461-7412,Social Science Information,lav
0038-4941,1540-6237,Social Science Quarterly,lav
0049-089X,1096-0317,Social Science Research,lav
,1556-5068,Social Science Research Network (SSRN),lav
,2076-0760,Social Sciences,lav
,2590-2911,Social Sciences & Humanities Open (SSHO),lav
2392-9863,2393-1264,Social Sciences and Education Research Review (SSERR),lav
,1613-8953,Social Work & Society,lav
0098-1389,1541-034X,Social work in health care,lav
0037-833X,,Socialmedicinsk Tidskrift (SMT),lav
,2075-4698,Societies,lav
0894-1920,1521-0723,Society & Natural Resources,lav
1588-9726,1588-970X,Society and Economy,lav
1090-9389,,Society for Design and Process Science,lav
0038-0121,1873-6041,Socio-Economic Planning Sciences,lav
0038-0199,1467-9523,Sociologia Ruralis,lav
0038-0342,2002-066X,Sociologisk forskning,lav
0038-0385,1469-8684,Sociology,3
1432-7643,1433-7479,"Soft Computing - A Fusion of Foundations, Methodologies and Applications",lav
,2674-113X,Software,lav
,2665-9638,Software Impacts,lav
0963-9314,1573-1367,Software quality journal,lav
0960-0833,1099-1689,"Software testing, verification & reliability",lav
0038-0644,1097-024X,"Software, Practice & Experience",lav
,2352-7110,SoftwareX,lav
0038-092X,1471-1257,Solar Energy,lav
2078-5585,2078-5976,South African Journal of Business Management,lav
1015-8812,2222-3436,South African Journal of Economic and Management Sciences,lav
2398-628X,2398-6298,South Asian Journal of Business Studies,lav
2045-4457,2045-4465,South Asian Journal of Global Business Research,lav
0971-5428,2584-007X,South Asian Journal of Management (SAJM),lav
2410-8537,,South Asian Journal of Management Sciences,lav
2303-887X,2233-1999,South East European Journal of Economics and Business,lav
0038-4038,2325-8012,Southern Economic Journal,lav
0265-9646,1879-338X,Space policy,lav
2444-9695,2444-9709,Spanish Journal of Marketing - ESIC,lav
1877-5845,1877-5853,Spatial and Spatio-temporal Epidemiology,lav
1742-1772,1742-1780,Spatial Economic Analysis,lav
,2211-6753,Spatial Statistics,lav
,2150-1173,SPE Economics & Management,lav
0332-8457,2703-9463,Spesialpedagogikk,lav
0362-2436,1528-1159,Spine,lav
1087-1659,1543-2947,Sport History Review,lav
1746-0263,1746-0271,Sport in History,lav
1743-0437,1743-0445,"Sport in Society: Cultures, Commerce, Media, Politics",lav
1441-3523,1839-2083,Sport Management Review,lav
2042-678X,2042-6798,"Sport, Business and Management",lav
1357-3322,1470-1243,"Sport, Education and Society",lav
1751-1321,1751-133X,"Sport, Ethics and Philosophy",lav
,2075-4663,Sports,lav
2164-0629,2164-0637,Sports Coaching Review,lav
,2773-1618,Sports Economics Review (SER),lav
,2975-6235,"Sports Law, Policy & Diplomacy Journal",lav
0112-1642,1179-2035,Sports Medicine,lav
2194-1017,2194-1009,Springer Proceedings in Mathematics & Statistics,lav
2191-530X,2191-5318,SpringerBriefs in Applied Sciences and Technology,lav
,2246-1701,Språk i Norden,lav
2352-8273,,SSM - Population Health,lav
0803-0103,0809-750X,Stat & Styring,lav
1125-1964,,Statistica Applicata,lav
1874-7655,1875-9254,Statistical Journal of the IAOS,lav
1618-2510,1613-981X,Statistical Methods & Applications,lav
1471-082X,1477-0342,Statistical Modelling,lav
0932-5026,1613-9798,Statistical Papers,lav
0883-4237,2168-8745,Statistical Science,3
0960-3174,1573-1375,Statistics and computing,3
0167-7152,1879-2103,Statistics and Probability Letters,lav
0277-6715,1097-0258,Statistics in Medicine,3
0304-4149,1879-209X,Stochastic Processes and their Applications,3
0219-4937,,Stochastics and Dynamics,lav
2194-0401,2194-041X,Stochastics and Partial Differential Equations: Analysis and Computations,lav
1744-2508,1744-2516,Stochastics: An International Journal of Probability and Stochastic Processes,lav
,2464-1480,Store Norske Leksikon (Nettutgaven),lav
1944-012X,1944-0138,Strategic Behavior and the Environment,lav
1086-1718,1099-1697,Strategic Change,lav
1932-4391,1932-443X,Strategic Entrepreneurship Journal,topp
0143-2095,1097-0266,Strategic Management Journal,topp
1476-1270,1741-315X,Strategic Organization,3
1087-8572,1758-9568,Strategy & Leadership,lav
2333-2050,2333-2077,Strategy Science,lav
1025-3890,1607-8888,Stress,lav
1532-3005,1532-2998,Stress and Health,lav
0954-349X,1873-6017,Structural Change and Economic Dynamics,lav
1070-5511,1532-8007,Structural Equation Modeling,lav
,2399-1836,Student Engagement in Higher Education Journal,lav
0585-4962,,Studi mediolatini e volgari,lav
1582-5647,2069-0061,Studia Phænomenologica,lav
1220-0484,2065-9652,Studia Universitatis Babeş-Bolyai Philologia,lav
1842-4120,2344-5416,Studies in Business and Economics,lav
1424-4896,2296-4150,Studies in Communication Sciences (SComS),lav
1860-949X,1860-9503,Studies in Computational Intelligence,lav
0158-037X,1470-126X,Studies in Continuing Education,lav
1086-7376,1755-6791,Studies in Economics and Finance (SEF),lav
0191-491X,1879-2529,Studies in Educational Evaluation,lav
0926-9630,1879-8365,Studies in Health Technology and Informatics,lav
0307-5079,1470-174X,Studies in Higher Education,3
1369-8486,1879-2499,Studies in History and Philosophy of Science Part C: Studies in History and Philosophy of Biological and Biomedical Sciences,lav
1081-1826,1558-3708,Studies in Nonlinear Dynamics & Econometrics,lav
,1797-4453,"Studies in Variation, Contacts and Change in English",lav
1562-8183,,Studime Gjeografike,lav
,1747-597X,"Substance Abuse Treatment, Prevention, and Policy",lav
2409-3858,,Sudostroenie i morskaâ infrastruktura,lav
1501-6994,1892-9842,Suicidologi,lav
1625-8312,1624-6039,Supply Chain Forum: an International Journal,lav
1359-8546,1758-6852,Supply chain management,3
,2071-1050,Sustainability,lav
2040-8021,2040-803X,"Sustainability Accounting, Management and Policy Journal",lav
,2667-2596,Sustainability Analytics and Modeling,lav
1862-4065,1862-4057,Sustainability Science,lav
,1548-7733,"Sustainability: Science, Practice, & Policy",lav
2378-9689,2378-9697,Sustainable and Resilient Infrastructure,lav
2210-6707,2210-6715,Sustainable Cities and Society (SCS),lav
0968-0802,1099-1719,Sustainable Development,lav
2213-1388,2213-1396,Sustainable Energy Technologies and Assessments,lav
,2352-4677,"Sustainable Energy, Grids and Networks",lav
,2666-1888,Sustainable Futures,lav
,2772-7378,Sustainable Horizons,lav
,2352-5509,Sustainable Production and Consumption,lav
0346-2218,,Svensk skattetidning,lav
1890-2936,1891-2710,Sykepleien Forskning,lav
0039-7660,,Sylwan,lav
0334-5114,1878-7665,Symbiosis,lav
0039-7857,1573-0964,Synthese,lav
0883-7066,1099-1727,System Dynamics Review,lav
1094-429X,1573-9295,Systemic Practice and Action Research,lav
,2079-8954,Systems,lav
,2772-9419,Systems and Soft Computing (SASC),lav
1098-1241,1520-6858,Systems Engineering,lav
1092-7026,1099-1743,Systems research and behavioral science,lav
1504-8004,1504-7989,Søkelys på arbeidslivet,lav
2674-4600,2674-4619,TalTech Journal of European Studies (TJES),lav
1048-3306,1528-767X,Tax Notes International,lav
2688-6596,,Tax Notes State,lav
0890-6459,,Teacher Education & Practice,lav
1354-0602,1470-1278,Teachers and Teaching: theory and practice,lav
2167-4779,2167-4787,Teaching and Learning Inquiry,lav
0742-051X,1879-2480,Teaching and Teacher Education : An International Journal of Research and Studies,lav
1356-2517,1470-1294,Teaching in Higher Education,lav
0268-3679,1471-6976,Teaching Mathematics and its Applications,lav
0144-7394,2047-8720,Teaching Public Administration (TPA),lav
1352-7592,1758-6860,Team Performance Management,lav
2029-4913,2029-4921,Technological and Economic Development of Economy,lav
0040-1625,1873-5509,Technological Forecasting and Social Change,3
2754-1312,2754-1320,Technological Sustainability,lav
,2227-7080,Technologies,lav
0953-7325,1465-3990,Technology Analysis & Strategic Management,lav
1055-4181,1878-643X,Technology and Disability,lav
0160-791X,1879-3274,Technology in society,lav
,1927-0321,Technology innovation management review,lav
2211-1662,2211-1670,"Technology, Knowledge and Learning",lav
0166-4972,1879-2383,Technovation,3
0308-5961,1879-3258,Telecommunications Policy,lav
0800-3408,,Telemark historie,lav
0736-5853,1879-324X,Telematics and informatics,lav
2217-8309,2217-8333,"TEM JOURNAL - Technology, Education, Management, Informatics",lav
0929-9971,1569-9994,Terminology,lav
2162-2671,2162-268X,"Territory, Politics, Governance",lav
0954-6553,1556-1836,Terrorism and Political Violence,lav
1358-3883,1573-1936,Tertiary Education and Management,lav
1133-0686,1863-8260,Test - An Official Journal of the Spanish Society of Statistics and Operations Research,lav
2520-3134,2520-3134,Texila international journal of public health,lav
1941-6520,1941-6067,The Academy of Management Annals,topp
0002-8282,1944-7981,The American Economic Review,topp
0002-919X,2326-9197,The American journal of comparative law,3
0003-2654,1364-5528,The Analyst,lav
0570-1864,1432-0592,The annals of regional science,lav
,2298-2418,The Arctic Yearbook,lav
2473-7321,,"The Art, Science, and Engineering of Programming",lav
2092-5212,2352-4871,The Asian Journal of Shipping and Logistics,lav
,1935-1682,The B.E. Journal of Economic Analysis & Policy,lav
,1935-1690,The B.E. Journal of Macroeconomics,lav
,1935-1704,The B.E. Journal of Theoretical Economics,lav
,1555-0486,The B.E. Journals in Macroeconomics,lav
0304-095X,,The Bangladesh Development Studies (BDS),lav
0738-6729,,The Behavior Analyst,lav
2049-4394,2049-4408,The Bone & Joint Journal,lav
0890-8389,1095-8347,The British Accounting Review,topp
0264-6196,1744-5809,The British Journal of Visual Impairment,lav
2047-2854,2047-2862,The business & management review: Conference Proceedings,lav
,1920-9355,The Canadian Journal of Nonprofit and Social Economy Research (CJNSER),lav
1529-0816,,The Chicago Journal of International Law,lav
,2052-773X,The Computer Games Journal,lav
,2634-4076,The Contemporary Mathematics and Science Education (CONMATHSCED),lav
0013-0117,1468-0289,The Economic History Review,3
0013-0133,1468-0297,The Economic Journal,3
1097-1440,1077-8926,The Electronic Journal of Combinatorics,lav
,1479-4403,The Electronic Journal of e-Learning (EJEL),lav
,1933-2823,The Electronic Journal of Mathematics & Technology,lav
0013-791X,1547-2701,The Engineering Economist,lav
2518-3567,,The ESSE Messenger,lav
1754-5501,,The European Business Review,lav
2214-790X,2214-7918,The Extractive Industries and Society,lav
0732-8516,1540-6288,The Financial Review,lav
1465-6485,1468-0475,The German Economic Review,lav
1871-1901,1871-191X,The Hague Journal of Diplomacy,lav
1042-7716,2163-2049,The History of Economics Society Bulletin (HESB),lav
1081-602X,1873-5398,The History of the Family,lav
0959-6836,1477-0911,The Holocene,lav
2059-1403,0809-7259,The IMP Journal,lav
2519-5670,,The Independent Journal of Teaching and Learning,lav
1387-5264,,The Information Retrieval Series (IR),lav
0197-2243,1087-6537,The Information Society,3
1715-3816,,The Innovation Journal - Public Sector Innovation Journal,lav
1554-7191,1555-1938,The International Entrepreneurship and Management Journal,lav
1094-4060,2213-3933,The International Journal of Accounting,lav
2799-2160,,The international journal of Business and Management in Emerging Markets (IJOBMEM),lav
1815-4654,1815-7556,The International Journal of Central Banking,lav
0927-5568,1571-8182,The International Journal of Children's Rights,lav
0948-3349,1614-7502,The International Journal of Life Cycle Assessment,lav
1472-8117,2352-3565,The International Journal of Management Education,lav
1849-5419,1849-5664,The International Journal of Management Science and Business Administration,lav
1940-1612,1940-1620,The International Journal of Press/Politics,lav
0798-1759,2524-1982,The International Journal of Sociology of Agriculture and Food (IJSAF),lav
2152-7857,2152-7865,The International Journal of Sport and Society,lav
1099-2340,1522-1970,The international journal of tourism research,lav
1027-3719,1815-7920,The International Journal of Tuberculosis and Lung Disease,lav
2349-1892,2393-9567,The International Journal on Green Growth and Development,lav
1567-7559,2213-5154,The International Sports Law Journal,lav
0885-3908,1521-0545,The international trade journal,lav
1750-399X,1757-0417,The Interpreter and Translator Trainer,lav
1520-3255,2168-8435,The Journal of Alternative Investments,lav
1063-2921,1930-7799,"The Journal of Arts Management, Law, and Society",lav
2771-6511,2771-6511,The journal of beta investment strategies,lav
0885-8624,2052-1189,The journal of business & industrial marketing,lav
1548-5129,1557-380X,"The Journal of Defence Modeling and Simulation: Applications, Methodology, Technology",lav
2687-590X,,The Journal of Diplomatic Research,lav
0022-0469,1469-7637,The Journal of Ecclesiastical History,lav
1877-8585,1877-8593,The Journal of Family Business Strategy,lav
,2405-9188,The Journal of Finance and Data Science,lav
2640-3943,2640-3951,The Journal of Financial Data Science,lav
,2282-717X,"The Journal of Financial Management, Markets and Institutions",lav
0022-1309,1940-0888,The Journal of general psychology,lav
0022-1325,1940-0896,The Journal of Genetic Psychology,lav
1129-2369,1129-2377,The Journal of Headache and Pain,lav
0022-166X,1548-8004,The Journal of human resources,3
0022-1821,1467-6451,The Journal of Industrial Economics,3
,2043-8869,The Journal of Information Technology Teaching Cases (JITTC),lav
1738-2122,2508-7592,The Journal of International Logistics and Trade (JILT),lav
0022-2186,1537-5285,The Journal of law & economics,3
0748-0814,2163-3088,The Journal of Law and Religion,lav
0022-250X,1545-5874,The Journal of mathematical sociology,lav
,1894-5562,The Journal of Media Innovations,lav
0368-5187,,The Journal of Public Health Practice,lav
1526-5943,2331-2947,The Journal of Risk Finance,lav
,2195-3325,The Journal of Social and Political Psychology,lav
0920-8542,1573-0484,The Journal of Supercomputing,lav
1949-8276,1949-8284,The Journal of Sustainable Real Estate,lav
1050-8406,1532-7809,The Journal of the Learning Sciences,lav
2153-019X,1948-0733,The Journal of Values Based Leadership,lav
1534-7524,,The journal of wealth management,lav
1422-2213,1747-1796,The Journal of World Intellectual Property,lav
2572-116X,2214-109X,The Lancet Global Health,lav
,2542-5196,The Lancet Planetary Health,lav
2213-2600,2213-2619,The Lancet Respiratory Medicine,lav
,1551-3440,The Mathematics Enthusiast (TME),lav
1803-3814,,The MENDEL Soft Computing journal : International Conference on Soft Computing MENDEL,lav
2342-9003,2342-9011,The Nordic Journal of Business,lav
2057-1585,2057-1593,The Nordic Journal of Nursing Research (NJNR),lav
2001-2454,,The Nordic Psychiatrist,lav
1062-9408,1879-0860,The North American journal of economics and finance,lav
2154-896X,2154-8978,The Polar Journal,lav
0032-258X,1740-5599,The Police Journal,lav
0032-3179,1467-923X,The Political Quarterly,lav
2048-8882,2048-8890,The proceedings of the ... international conference on e-learning,lav
1088-7156,1550-3461,The Psychologist-Manager Journal,lav
0963-8245,,The Public Procurement Law Review,lav
1052-0147,2160-3715,The Qualitative Report (TQR),lav
1098-3708,1936-4806,The Quarterly Journal of Austrian Economics,lav
,2073-4859,The R Journal,lav
0889-3047,1573-7128,The Review of Austrian Economics,lav
2046-9128,2046-9136,The Review of Corporate Finance Studies,lav
0893-9454,1465-7368,The Review of financial studies,topp
0034-6586,1475-4991,The Review of Income and Wealth,3
1559-7431,1559-744X,The Review of International Organizations,lav
1755-0203,1755-0211,The Review of Symbolic Logic,lav
0307-1847,1744-0378,The RUSI Journal,lav
0347-0520,1467-9442,The Scandinavian Journal of Economics,3
2522-7343,2071-3185,The Southern African Journal of Entrepreneurship and Small Business Management,lav
1138-7416,1988-2904,The Spanish Journal of Psychology,lav
1536-867X,1536-8734,The Stata Journal,lav
1754-2731,1754-274X,The TQM Journal,lav
0378-5920,1467-9701,The World Economy,lav
0177-798X,1434-4483,Theoretical and Applied Climatology,lav
0304-3975,1879-2294,Theoretical Computer Science,lav
1933-6837,1555-7561,Theoretical Economics,3
2162-2078,2162-2086,Theoretical Economics Letters,lav
0040-5833,1573-7187,Theory and Decision,lav
0304-2421,1573-7853,Theory and society,lav
0263-2764,1460-3616,"Theory, Culture and Society. Explorations in Critical Social Science",lav
1871-1871,1878-0423,Thinking Skills and Creativity,lav
1096-4762,1520-6874,Thunderbird International Business Review,lav
0040-6953,,Tidskrift utgiven av juridiska föreningen Finland,lav
1399-1442,,Tidsskrift for Arbejdsliv,lav
,2535-5988,Tidsskrift for boligforskning,lav
0029-2001,0807-7096,Tidsskrift for Den norske legeforening (Tidsskriftet),lav
1504-3495,0809-9529,Tidsskrift for eiendomsrett,lav
2464-336X,2464-3378,"Tidsskrift for erstatningsrett, forsikringsrett og trygderett",lav
0805-4355,0809-9510,Tidsskrift for forretningsjus,lav
1502-7473,2387-6727,Tidsskrift for kulturforskning,lav
0332-6470,2703-9528,Tidsskrift for Norsk psykologforening (Psykologtidsskriftet),lav
2387-5976,2387-5984,Tidsskrift for omsorgsforskning,lav
1893-4773,,Tidsskrift for Praktisk Teologi (TPT),lav
2446-0273,,Tidsskrift for professionsstudier,lav
0040-7143,1504-3096,Tidsskrift for Rettsvitenskap,lav
0040-716X,1504-291X,Tidsskrift for samfunnsforskning (TfS),lav
1502-685X,0809-9537,Tidsskrift for strafferett,lav
1502-7759,1894-1036,Tidsskrift for ungdomsforskning,lav
0809-2052,2464-3076,Tidsskrift for velferdsforskning,lav
0800-1014,1891-1838,Tidsskriftet Norges Barnevern,lav
,1502-3532,Tidsskriftet Utmark,lav
0169-2216,2468-9424,Tijdschrift voor Arbeidsvraagstukken,lav
0040-747X,1467-9663,Tijdschrift voor economische en sociale geografie,lav
,1388-1302,Tijdschrift voor HRM,lav
1134-5764,1863-8279,TOP - An Official Journal of the Spanish Society of Statistics and Operations Research,lav
1478-3363,1478-3371,Total Quality Management and Business Excellence,lav
1332-7461,,Tourism,lav
1083-5423,1943-3999,Tourism Analysis,lav
,2673-5768,Tourism and Hospitality,lav
1467-3584,1742-9692,Tourism and Hospitality Research,lav
1354-8166,2044-0375,Tourism Economics,lav
1461-6688,1470-1340,"Tourism Geographies: an international journal of tourism space, place and environment",3
1544-273X,2169-0197,Tourism in Marine Environments,lav
0261-5177,1879-3193,Tourism Management,topp
2211-9736,2211-9744,Tourism Management Perspectives,topp
2156-8316,2156-8324,Tourism Planning & Development,lav
0250-8281,2320-0308,Tourism Recreation Resarch,lav
1660-5373,1759-8451,Tourism Review,lav
1450-0906,,Tourism Today,lav
1468-7976,1741-3206,Tourist Studies,lav
0277-2248,1029-0486,Toxicological & Environmental Chemistry,lav
0300-483X,1879-3185,Toxicology,lav
0887-2333,1879-3177,Toxicology in Vitro,lav
0081-1661,,Transactions - Society of Naval Architects and Marine Engineers,lav
0020-2967,1745-9192,Transactions of the Institute of Metal Finishing,lav
1124-318X,2161-3915,Transactions on Emerging Telecommunications Technologies,lav
1024-2589,1996-7284,Transfer - European Review of Labour and Research,lav
1750-6166,1750-6174,"Transforming Government: People, Process and Policy",lav
,2573-8488,Translational Sports Medicine (TSM),lav
,2453-9899,Translatologia,lav
1014-9562,2076-099X,Transnational Corporations Journal,lav
2083-6473,2083-6481,"TransNav, International Journal on Marine Navigation and Safety of Sea Transportation",lav
0967-070X,1879-310X,Transport Policy,3
0049-4488,1572-9435,Transportation,3
,2666-691X,Transportation Engineering,lav
0308-1060,1029-0354,Transportation planning and technology (Print),lav
,2590-1982,Transportation Research Interdisciplinary Perspectives (TRIP),lav
0965-8564,1879-2375,Transportation Research Part A: Policy and Practice,3
0191-2615,1879-2367,Transportation Research Part B: Methodological,topp
0968-090X,1879-2359,Transportation Research Part C: Emerging Technologies,topp
1361-9209,1879-2340,Transportation Research Part D: Transport and Environment,lav
1366-5545,1878-5794,Transportation Research Part E: Logistics and Transportation Review,topp
1369-8478,1873-5517,Transportation Research Part F: Traffic Psychology and Behaviour,lav
,2352-1465,Transportation Research Procedia,lav
0361-1981,2169-4052,Transportation Research Record,lav
0041-1655,1526-5447,Transportation Science,topp
2324-9935,,Transportmetrica A: Transport Science,lav
2214-367X,,Travel Behaviour & Society,lav
1364-6613,1879-307X,Trends in Cognitive Sciences,lav
0924-2244,1879-3053,Trends in Food Science & Technology,lav
,1745-6215,Trials,lav
2590-0366,2197-1927,Triple Helix: A Journal of University-Industry-Government Innovation and Entrepreneurship,lav
0867-5856,2080-6922,Turyzm,lav
1893-5605,1893-5834,Tvergastein,lav
2596-8483,,UCPH Fiscal Relations Law Journal,lav
2535-6534,,UiT School of Business and Economics Working Papers in Economics,lav
1891-2028,1503-6200,Ukeavisen ledelse,lav
1500-4538,1893-8981,Uniped - Tidsskrift for universitets- og høgskolepedagogikk,lav
1615-5289,1615-5297,Universal Access in the Information Society,lav
2332-3205,2332-3213,Universal Journal of Educational Research,lav
,2218-1997,Universe,lav
1549-2028,,University of St. Thomas Law Journal,lav
2218-5003,,Upravlenets (Управленец),lav
,2183-7635,Urban Planning,lav
,2413-8851,Urban Science,lav
0042-0980,1360-063X,Urban Studies,3
,2524-8162,Urban Transformations,lav
,2165-0020,"Urban, Planning and Transport Research",lav
0353-6483,1855-8399,Urbani Izziv,lav
0924-1868,1573-1391,User modeling and user-adapted interaction,lav
0953-8208,1741-6183,Utilitas,lav
0957-1787,1878-4356,Utilities Policy,lav
1098-3015,1524-4733,Value in Health,3
0333-0877,,Vardøger,lav
1580-0253,2232-2981,Varstvoslovje,lav
1369-1066,1464-5343,Venture Capital : an International Journal of Entrepreneurial Finance,lav
2366-7044,,Verfassungsblog,lav
,2364-4583,Video Journal of Education and Pedagogy,lav
0866-7187,,Vietnam Journal of Earth Sciences,lav
0332-608X,2535-2660,Viking - Norsk arkeologisk årbok,lav
0042-6288,,Vinduet,lav
,2003-024X,VIS – Nordic Journal for Artistic Research,lav
0042-8450,2406-0720,Vojnosanitetski Pregled,lav
0957-8765,1573-7888,VOLUNTAS - International Journal of Voluntary and Nonprofit Organizations,lav
0956-053X,1879-2456,Waste Management,lav
0734-242X,1096-3669,Waste Management & Research,lav
,2073-4441,Water,lav
2382-624X,2382-6258,Water Economics and Policy,lav
0250-8060,1941-1707,Water international,lav
2212-4284,,Water Resources and Economics,lav
0920-4741,1573-1650,Water resources management,lav
0273-1223,1996-9732,Water Science and Technology,lav
1606-9749,1607-0798,Water Supply,lav
1948-8327,1948-8335,"Weather, Climate, and Society",lav
2167-3179,,WEI International Academic Conference Proceedings,lav
0140-2382,1743-9655,West European Politics,lav
,3035-9635,WIL Proceedings,lav
0909-6396,1903-220X,Wildlife Biology,lav
2041-8396,2041-840X,Wiley Interdisciplinary Reviews: Energy and Environment,lav
1540-6962,1541-8286,Wilmott Magazine,lav
2366-7443,2366-7451,Wind Energy Science,lav
0891-7736,1558-4305,Winter simulation conference : proceedings,lav
1530-8669,1530-8677,Wireless Communications & Mobile Computing,lav
1746-448X,1743-3541,WIT Transactions on Ecology and the Environment,lav
1746-4471,1743-3533,WIT Transactions on Engineering Sciences,lav
1651-436X,1654-1642,WMU Journal of Maritime Affairs (JoMA),lav
1748-0272,1748-0280,Wood Material Science & Engineering,lav
0267-8373,1464-5335,"Work & Stress - An International Journal of Work, Health & Organisations",3
0730-8884,1552-8464,Work and occupations,3
1745-641X,1745-6428,"Work Organisation, Labour & Globalisation",lav
2054-4642,2054-4650,"Work, Aging and Retirement",lav
0950-0170,1469-8722,"Work, Employment and Society",3
1051-9815,1875-9270,"WORK: A Journal of Prevention, Assessment & Rehabilitation",lav
0804-3639,1890-5048,Working Paper - Chr. Michelsen Institute,lav
1503-299X,,"Working Paper Series at Department of Economics, NTNU",lav
1502-8143,,"Working Paper, Norges Bank",lav
,2673-4060,World,lav
0258-6770,1564-698X,World Bank Economic Review,lav
0305-750X,1873-5991,World Development,topp
2468-0532,2452-2929,World Development Perspectives,lav
1468-1838,1474-3884,World Economics,lav
,2032-6653,World Electric Vehicle Journal,lav
2042-5961,2042-597X,"World Journal of Entrepreneurship, Management and Sustainable Development",lav
1875-0710,1875-0796,World Mycotoxin Journal,lav
0043-8871,1086-3338,World Politics,3
1746-0573,1746-0581,"World Review of Entrepreneurship, Management and Sustainable Development",lav
1749-4729,1749-4737,World Review of Intermodal Transportation Research (WRITR),lav
1878-4917,2352-9237,World Tax Journal,lav
2508-8882,,World Technopolis Review,lav
1474-7456,1475-3138,World Trade Review,lav
1755-4217,1755-4225,Worldwide Hospitality and Tourism Themes,lav
1103-3088,1741-3222,Young - Nordic Journal of Youth Research,lav
1747-3616,1758-7212,Young Consumers,lav
2084-3968,,Zarzadzanie Publiczne,lav
1898-3529,,Zarządzanie Publiczne,lav
2303-8632,,Zbornik radova Pravnog fakulteta u Tuzli,lav
0932-4089,2190-6270,Zeitschrift für Arbeits- und Organisationspsychologie,lav
1614-3485,1867-8343,Zeitschrift für Arbeitsmarktforschung,lav
0179-6437,1862-0000,Zeitschrift für Personalforschung,lav
2190-8370,2151-2604,Zeitschrift für Psychologie,lav
2748-1956,2748-1964,ZFW – Advances in Economic Geography,lav
1611-4051,2198-8021,ZIÖ - Zeitschrift für Immobilienökonomie,lav
1863-1959,1863-2378,Zoonoses and Public Health,lav
0557-3149,,Årbok / Romsdalsmuseet,lav
0803-6799,1891-0998,"Økonomisk fiskeriforskning: Ledelse, marked, økonomi",lav
0900-8322,,Økonomistyring & informatik,lav
0008-7386,2336-6591,Časopis pro moderni filologii,lav
0862-6111,,Český časopis historický,lav
,2221-2698,Арктика и Север,lav
2073-1019,,Известия Уральского государственного экономического университета,lav
1993-7768,2413-693X,Сервис plus,lav
,2223-3822,Соціально-економічні проблеми і держава,lav
