aar,inst,soKode,navn,studiested,studieplasser,nytt,avlyst,hovedomrade
2016,HIM,211164,Bedriftsøkonomi,Molde,30,False,False,Økonomi og administrasjon
2016,HIM,211292,Logistikk og Supply Chain Management,Molde,30,False,False,Økonomi og administrasjon
2016,HIM,211318,Regnskap og revisjon,Molde,30,False,False,Økonomi og administrasjon
2016,HIM,211369,Økonomi og administrasjon,Molde,60,False,False,Økonomi og administrasjon
2016,HIM,211841,Jus og administrasjon,Molde,30,False,False,"Samfunnsfag, psykologi"
2016,HIM,211866,Petroleumslogistikk,Kristiansund,30,False,False,Økonomi og administrasjon
2016,HINN-L,210035,Økonomi og administrasjon,Lillehammer,70,False,False,Økonomi og administrasjon
2016,HINN-L,210164,Økonomi og administrasjon,Lillehammer,20,False,False,Økonomi og administrasjon
2016,HINN-L,210485,Sport Management,Lillehammer,30,False,False,Økonomi og administrasjon
2016,HINN-L,210867,Organisasjon og ledelse,Lillehammer,70,False,False,Økonomi og administrasjon
2016,HISF,216368,Eiendomsmegling,Sogndal,35,False,False,Økonomi og administrasjon
2016,HISF,216369,Økonomi og administrasjon,Sogndal,55,False,False,Økonomi og administrasjon
2016,HISF,216526,Økonomi og jus,Sogndal,25,False,False,"Juridiske fag, rettsvitenskap, politi"
2016,HIØ,224035,Økonomi og administrasjon,Halden,85,False,False,Økonomi og administrasjon
2016,HIØ,224318,Regnskap og revisjon,Halden,40,False,False,Økonomi og administrasjon
2016,HIØ,224398,Bedriftsøkonomi,Halden,25,False,False,Økonomi og administrasjon
2016,HSH,218369,Økonomi og administrasjon,Haugesund,90,False,False,Økonomi og administrasjon
2016,HSH,218414,Økonomi og administrasjon,Haugesund,10,False,False,Økonomi og administrasjon
2016,HSN-T,220164,Bedriftsøkonomi,Bø,25,False,False,Økonomi og administrasjon
2016,HSN-T,220167,Bedriftsøkonomi,Porsgrunn,70,False,False,Økonomi og administrasjon
2016,HSN-T,220318,Revisjon og regnskap,Bø,30,False,False,Økonomi og administrasjon
2016,HSN-T,220359,Internasjonal markedsføring,Bø,40,False,False,Økonomi og administrasjon
2016,HSN-T,220368,Eiendomsmegling,Bø,50,False,False,Økonomi og administrasjon
2016,HSN-T,220369,Økonomi og administrasjon,Bø,65,False,False,Økonomi og administrasjon
2016,HSN-T,220895,Innovasjon og entreprenørskap,Bø,30,False,False,Økonomi og administrasjon
2016,HVL,203369,Økonomi og administrasjon,Bergen,90,False,False,Økonomi og administrasjon
2016,HVO,223452,Planlegging og administrasjon,Volda,15,False,False,Økonomi og administrasjon
2016,INN,209162,Organisasjon og ledelse,Rena,10,False,False,Økonomi og administrasjon
2016,INN,209164,Bedriftsøkonomi,Rena,10,False,False,Økonomi og administrasjon
2016,INN,209215,"Offentlig styring, ledelse og økonomi",Rena,30,False,False,Økonomi og administrasjon
2016,INN,209318,Regnskap og revisjon,Rena,25,False,False,Økonomi og administrasjon
2016,INN,209368,Eiendomsmegling,Rena,30,False,False,Økonomi og administrasjon
2016,INN,209369,Økonomi og administrasjon,Rena,30,False,False,Økonomi og administrasjon
2016,INN,209398,Bedriftsøkonomi,Hamar,60,False,False,Økonomi og administrasjon
2016,INN,209470,Serviceledelse og markedsføring,Rena,30,False,False,Økonomi og administrasjon
2016,INN,209476,Music Management,Rena,20,False,False,Økonomi og administrasjon
2016,INN,209664,Organisasjon og ledelse,Rena,70,False,False,Økonomi og administrasjon
2016,INN,209714,Musikkproduksjon,Rena,20,False,False,Økonomi og administrasjon
2016,INN,209867,Ledelse og organisasjonsutvikling,Rena,20,False,False,Økonomi og administrasjon
2016,NHH,191345,Siviløkonomutdanningen,Bergen,470,False,False,Økonomi og administrasjon
2016,NLA,254470,Økonomi og administrasjon,Oslo,25,False,False,Økonomi og administrasjon
2016,NLA,254895,Innovasjon og ledelse,Oslo,25,False,False,Økonomi og administrasjon
2016,NMBU,192199,Ettårig grunnstudium,Ås,30,False,False,"Samfunnsfag, psykologi"
2016,NMBU,192230,Eiendom,Ås,35,False,False,"Samfunnsfag, psykologi"
2016,NMBU,192233,Frie realfag,Ås,20,False,False,Matematikk og naturfag
2016,NMBU,192299,Bioteknologi,Ås,30,False,False,Matematikk og naturfag
2016,NMBU,192310,Landskapsingeniør,Ås,30,False,False,"Samfunnsfag, psykologi"
2016,NMBU,192321,Husdyrvitenskap,Ås,40,False,False,"Fiskeri-, husdyr- og landbruksfag"
2016,NMBU,192322,Skogfag,Ås,25,False,False,Matematikk og naturfag
2016,NMBU,192327,Biologi,Ås,30,False,False,Matematikk og naturfag
2016,NMBU,192332,Kjemi,Ås,20,False,False,Matematikk og naturfag
2016,NMBU,192369,Økonomi og administrasjon,Ås,100,False,False,Økonomi og administrasjon
2016,NMBU,192377,Miljø og naturressurser,Ås,20,False,False,Matematikk og naturfag
2016,NMBU,192388,Økologi og naturforvaltning,Ås,30,False,False,Matematikk og naturfag
2016,NMBU,192406,"Geomatikk: kart, satellitter og 3D-modellering",Ås,20,False,False,"Teknologi, ingeniørfag og arkitektur"
2016,NMBU,192468,Samfunnsøkonomi,Ås,25,False,False,Økonomi og administrasjon
2016,NMBU,192484,Internasjonale miljø- og utviklingsstudier,Ås,20,False,False,"Samfunnsfag, psykologi"
2016,NMBU,192504,Dyrepleie,Oslo,30,True,False,"Medisin, odontologi, helse- og sosialfag"
2016,NMBU,192732,Landskapsarkitektur,Ås,50,False,False,"Samfunnsfag, psykologi"
2016,NMBU,192759,Byggeteknikk og arkitektur,Ås,25,False,False,"Teknologi, ingeniørfag og arkitektur"
2016,NMBU,192766,"Maskin-, prosess- og produktutvikling",Ås,20,False,False,"Teknologi, ingeniørfag og arkitektur"
2016,NMBU,192767,Industriell økonomi,Ås,25,False,False,"Teknologi, ingeniørfag og arkitektur"
2016,NMBU,192772,Veterinærstudiet,Oslo,70,False,False,"Medisin, odontologi, helse- og sosialfag"
2016,NMBU,192783,Kjemi og bioteknologi,Ås,20,False,False,"Teknologi, ingeniørfag og arkitektur"
2016,NMBU,192784,Miljøfysikk og fornybar energi,Ås,20,False,False,"Teknologi, ingeniørfag og arkitektur"
2016,NMBU,192809,Vann- og miljøteknikk,Ås,20,False,False,"Teknologi, ingeniørfag og arkitektur"
2016,NMBU,192813,"Geomatikk: kart, satellitter og 3D-modellering",Ås,15,False,False,"Teknologi, ingeniørfag og arkitektur"
2016,NMBU,192835,Fornybar energi,Ås,35,False,False,"Samfunnsfag, psykologi"
2016,NMBU,192842,Plantevitenskap,Ås,20,False,False,"Fiskeri-, husdyr- og landbruksfag"
2016,NMBU,192843,Lektorutdanning i realfag,Ås,20,False,False,Lærer- og lektorutdanning
2016,NMBU,192857,Energi- og miljøfysikk,Ås,20,False,False,Matematikk og naturfag
2016,NMBU,192864,Matvitenskap og ernæring,Ås,20,False,False,Matematikk og naturfag
2016,NMBU,192949,By- og regionplanlegging,Ås,32,False,False,"Samfunnsfag, psykologi"
2016,NORD,204097,"Økonomi, markedsføring og ledelse",Vesterålen,30,False,False,Økonomi og administrasjon
2016,NORD,204162,Personalledelse og kompetanseutvikling,Bodø,20,True,False,Økonomi og administrasjon
2016,NORD,204164,Økonomi og ledelse,Bodø,40,False,False,Økonomi og administrasjon
2016,NORD,204207,Bedriftsøkonomi,Steinkjer,20,False,False,Økonomi og administrasjon
2016,NORD,204218,"Økonomi, markedsføring og ledelse",Bodø,60,False,False,Økonomi og administrasjon
2016,NORD,204312,Økonomi og landbruk,Steinkjer,10,True,False,Økonomi og administrasjon
2016,NORD,204318,Regnskap og revisjon,Bodø,20,False,False,Økonomi og administrasjon
2016,NORD,204342,Økonomi og ledelse,Bodø,60,False,False,Økonomi og administrasjon
2016,NORD,204345,Siviløkonom,Bodø,30,False,False,Økonomi og administrasjon
2016,NORD,204353,"Nautikk, maritim økonomi og ledelse",Bodø,10,False,True,Økonomi og administrasjon
2016,NORD,204368,Eiendomsmegling,Bodø,30,False,False,Økonomi og administrasjon
2016,NORD,204369,Økonomi og administrasjon,Steinkjer,40,False,False,Økonomi og administrasjon
2016,NORD,204398,Økonomi og ledelse,Mo i Rana,20,False,False,Økonomi og administrasjon
2016,NORD,204419,Kommunal økonomi og ledelse,Steinkjer,30,False,False,Økonomi og administrasjon
2016,NORD,204470,Økonomi og ledelse,Mo i Rana,30,False,False,Økonomi og administrasjon
2016,NORD,204473,Internasjonal markedsføring,Bodø,45,False,False,Økonomi og administrasjon
2016,NORD,204516,Regnskap,Steinkjer,20,False,False,Økonomi og administrasjon
2016,NORD,204664,Personalledelse og kompetanseutvikling,Mo i Rana,20,True,False,Økonomi og administrasjon
2016,NORD,204750,Revisjon,Steinkjer,10,False,False,Økonomi og administrasjon
2016,NTNU,194035,Økonomi og administrasjon,Trondheim,290,False,False,Økonomi og administrasjon
2016,NTNU,194160,Økonomi og ledelse,Gjøvik,25,False,False,Økonomi og administrasjon
2016,NTNU,194162,Økonomi og ledelse,Ålesund,30,False,False,Økonomi og administrasjon
2016,NTNU,194239,Samfunnsøkonomi,Trondheim,50,False,False,Økonomi og administrasjon
2016,NTNU,194253,Shippingledelse,Ålesund,12,False,False,Økonomi og administrasjon
2016,NTNU,194298,Biomarin innovasjon,Ålesund,25,False,False,Økonomi og administrasjon
2016,NTNU,194318,Regnskap og revisjon,Trondheim,20,False,False,Økonomi og administrasjon
2016,NTNU,194359,Markedsføring og ledelse,Ålesund,50,False,False,Økonomi og administrasjon
2016,NTNU,194369,"Økonomi, ledelse og bærekraft",Gjøvik,50,False,False,Økonomi og administrasjon
2016,NTNU,194404,"Økonomi, ledelse og bærekraft, fleksibel",Gjøvik,32,False,False,Økonomi og administrasjon
2016,NTNU,194414,Økonomi og administrasjon,Ålesund,50,False,False,Økonomi og administrasjon
2016,NTNU,194432,Logistikk,Gjøvik,20,False,False,Økonomi og administrasjon
2016,NTNU,194470,Shipping management,Ålesund,45,False,False,Økonomi og administrasjon
2016,NTNU,194767,Industriell økonomi og teknologiledelse,Trondheim,150,False,False,"Teknologi, ingeniørfag og arkitektur"
2016,NTNU,194818,Samfunnsøkonomi,Trondheim,20,False,False,Økonomi og administrasjon
2016,NTNU,194875,Politisk økonomi,Trondheim,25,False,False,"Samfunnsfag, psykologi"
2016,NTNU,194898,Samfunnsøkonomi,Trondheim,85,False,False,Økonomi og administrasjon
2016,OSLOMET,215138,Administrasjon og ledelse,Oslo,141,False,False,Økonomi og administrasjon
2016,OSLOMET,215162,Økonomi og ledelse,Oslo,20,False,False,Økonomi og administrasjon
2016,OSLOMET,215253,Økonomi og ledelse,Oslo,20,False,False,Økonomi og administrasjon
2016,OSLOMET,215369,Økonomi og adm. / revisjon / Facility Management,Oslo,245,False,False,Økonomi og administrasjon
2016,UIA,201345,Økonomi og administrasjon - siviløkonom,Kristiansand,90,False,False,Økonomi og administrasjon
2016,UIA,201359,Markedsføring og ledelse,Kristiansand,60,False,False,Økonomi og administrasjon
2016,UIA,201369,Økonomi og administrasjon,Kristiansand,90,False,False,Økonomi og administrasjon
2016,UIA,201404,Økonomi og administrasjon,Grimstad,45,False,False,Økonomi og administrasjon
2016,UIA,201767,Industriell økonomi og teknologiledelse,Grimstad,20,False,False,"Teknologi, ingeniørfag og arkitektur"
2016,UIB,184162,Administrasjon og organisasjonsvitenskap,Bergen,25,False,False,"Samfunnsfag, psykologi"
2016,UIB,184239,Samfunnsøkonomi,Bergen,21,False,False,Økonomi og administrasjon
2016,UIB,184306,Informatikk-matematikk-økonomi,Bergen,15,False,False,Matematikk og naturfag
2016,UIB,184369,Samfunnsøkonomi,Bergen,96,False,False,Økonomi og administrasjon
2016,UIB,184698,Samfunnsøkonomi,Bergen,22,False,False,Økonomi og administrasjon
2016,UIB,184867,Administrasjon og organisasjonsvitenskap,Bergen,86,False,False,"Samfunnsfag, psykologi"
2016,UIB,184875,Politisk økonomi,Bergen,20,True,False,"Samfunnsfag, psykologi"
2016,UIO,185452,Offentlig administrasjon og ledelse,Oslo,55,False,False,Økonomi og administrasjon
2016,UIO,185465,Helseledelse og helseøkonomi,Oslo,40,False,False,Økonomi og administrasjon
2016,UIO,185698,Samfunnsøkonomisk analyse,Oslo,50,False,False,Økonomi og administrasjon
2016,UIO,185862,Matematikk og økonomi,Oslo,50,False,False,Matematikk og naturfag
2016,UIO,185898,Samfunnsøkonomi,Oslo,95,False,False,Økonomi og administrasjon
2016,UIS,217318,Regnskap og revisjon,Stavanger,50,False,False,Økonomi og administrasjon
2016,UIS,217345,Økonomi og administrasjon - siviløkonom,Stavanger,20,False,False,Økonomi og administrasjon
2016,UIS,217369,Økonomi og administrasjon,Stavanger,125,False,False,Økonomi og administrasjon
2016,UIS,217800,"Industriell økonomi, petroleumsteknologi",Stavanger,15,False,False,"Teknologi, ingeniørfag og arkitektur"
2016,UIS,217813,"Industriell økonomi, andre linjer",Stavanger,20,False,False,"Teknologi, ingeniørfag og arkitektur"
2016,UIT,186035,Økonomi og administrasjon,Harstad,80,False,False,Økonomi og administrasjon
2016,UIT,186162,Praktisk prosjektledelse,Harstad,50,False,False,Økonomi og administrasjon
2016,UIT,186164,Bedriftsøkonomi,Alta,100,False,False,Økonomi og administrasjon
2016,UIT,186318,Regnskap og revisjon,Harstad,30,False,False,Økonomi og administrasjon
2016,UIT,186369,Økonomi og administrasjon,Tromsø,120,False,False,Økonomi og administrasjon
2016,UIT,186410,Økonomi og administrasjon,Narvik,25,False,False,Økonomi og administrasjon
2016,UIT,186468,Økonomi og administrasjon,Alta,50,False,False,Økonomi og administrasjon
2016,UIT,186664,Ledelse,Alta,150,False,False,Økonomi og administrasjon
2016,UIT,186867,"Ledelse, innovasjon og marked",Tromsø,50,False,False,Økonomi og administrasjon
2016,UIT,186878,"Politikk, økonomi og filosofi",Tromsø,13,False,False,"Samfunnsfag, psykologi"
2016,UIT,186892,Språk og økonomi,Tromsø,35,False,False,"Språk, litteratur"
2016,UIT,186898,Samfunnsøkonomi,Tromsø,30,False,False,Økonomi og administrasjon
2016,USN,222291,Siviløkonom,Kongsberg,20,False,False,Økonomi og administrasjon
2016,USN,222318,Regnskap og revisjon,Vestfold,50,False,False,Økonomi og administrasjon
2016,USN,222330,Økonomi og ledelse,Drammen,50,False,False,Økonomi og administrasjon
2016,USN,222345,Siviløkonom,Ringerike,20,False,False,Økonomi og administrasjon
2016,USN,222359,Markedsføring,Ringerike,25,False,False,Økonomi og administrasjon
2016,USN,222369,Økonomi og ledelse,Vestfold,115,False,False,Økonomi og administrasjon
2016,USN,222404,Økonomi og ledelse,Kongsberg,80,False,False,Økonomi og administrasjon
2016,USN,222414,Økonomi og ledelse,Ringerike,80,False,False,Økonomi og administrasjon
2017,HIM,211164,Bedriftsøkonomi,Molde,30,False,False,Økonomi og administrasjon
2017,HIM,211292,Logistikk og Supply Chain Management,Molde,30,False,False,Økonomi og administrasjon
2017,HIM,211318,Regnskap og revisjon,Molde,30,False,False,Økonomi og administrasjon
2017,HIM,211369,Økonomi og administrasjon,Molde,60,False,False,Økonomi og administrasjon
2017,HIM,211432,Marin logistikk og økonomi,Kristiansund,30,True,False,Økonomi og administrasjon
2017,HIM,211841,Jus og administrasjon,Molde,30,False,False,"Samfunnsfag, psykologi"
2017,HIM,211866,Petroleumslogistikk,Kristiansund,30,False,False,Økonomi og administrasjon
2017,HINN-L,210035,Økonomi og administrasjon,Lillehammer,70,False,False,Økonomi og administrasjon
2017,HINN-L,210164,Økonomi og administrasjon,Lillehammer,20,False,False,Økonomi og administrasjon
2017,HINN-L,210485,Sport Management,Lillehammer,30,False,False,Økonomi og administrasjon
2017,HINN-L,210867,Organisasjon og ledelse,Lillehammer,70,False,False,Økonomi og administrasjon
2017,HIØ,224035,Økonomi og administrasjon,Halden,80,False,False,Økonomi og administrasjon
2017,HIØ,224318,Regnskap og revisjon,Halden,40,False,False,Økonomi og administrasjon
2017,HIØ,224398,Bedriftsøkonomi,Halden,25,False,False,Økonomi og administrasjon
2017,HVL,203368,Eiendomsmegling,Sogndal,35,False,False,Økonomi og administrasjon
2017,HVL,203369,Økonomi og administrasjon,Bergen,90,False,False,Økonomi og administrasjon
2017,HVL,203404,Økonomi og administrasjon,Haugesund,90,False,False,Økonomi og administrasjon
2017,HVL,203414,Økonomi og administrasjon,Haugesund,30,False,False,Økonomi og administrasjon
2017,HVL,203515,Økonomi og administrasjon,Sogndal,55,False,False,Økonomi og administrasjon
2017,HVL,203526,Økonomi og jus,Sogndal,25,False,False,"Juridiske fag, rettsvitenskap, politi"
2017,HVO,223452,Planlegging og administrasjon,Volda,15,False,False,Økonomi og administrasjon
2017,INN,209162,Organisasjon og ledelse,Rena,10,False,False,Økonomi og administrasjon
2017,INN,209164,Bedriftsøkonomi,Rena,10,False,False,Økonomi og administrasjon
2017,INN,209215,"Offentlig styring, ledelse og økonomi",Kongsvinger,40,False,False,Økonomi og administrasjon
2017,INN,209368,Eiendomsmegling,Rena,30,False,False,Økonomi og administrasjon
2017,INN,209369,Økonomi og administrasjon,Rena,25,False,False,Økonomi og administrasjon
2017,INN,209398,Bedriftsøkonomi,Hamar,60,False,False,Økonomi og administrasjon
2017,INN,209470,Serviceledelse og markedsføring,Rena,35,False,False,Økonomi og administrasjon
2017,INN,209476,Music Business - Management,Rena,25,False,False,Økonomi og administrasjon
2017,INN,209516,Regnskapsførerfag,Rena,25,True,False,Økonomi og administrasjon
2017,INN,209664,Organisasjon og ledelse,Rena,60,False,False,Økonomi og administrasjon
2017,INN,209714,Music Business - Production,Rena,20,False,False,Økonomi og administrasjon
2017,INN,209867,Ledelse og organisasjonsutvikling,Rena,20,False,False,Økonomi og administrasjon
2017,NHH,191345,Siviløkonomutdanningen,Bergen,470,False,False,Økonomi og administrasjon
2017,NLA,254470,Økonomi og administrasjon,Oslo,25,False,False,Økonomi og administrasjon
2017,NLA,254895,Innovasjon og ledelse,Oslo,25,False,False,Økonomi og administrasjon
2017,NMBU,192199,Ettårig grunnstudium,Ås,30,False,False,"Samfunnsfag, psykologi"
2017,NMBU,192230,Eiendom,Ås,35,False,False,"Samfunnsfag, psykologi"
2017,NMBU,192233,Frie realfag,Ås,20,False,False,Matematikk og naturfag
2017,NMBU,192299,Bioteknologi,Ås,30,False,False,Matematikk og naturfag
2017,NMBU,192310,Landskapsingeniør,Ås,30,False,False,"Samfunnsfag, psykologi"
2017,NMBU,192321,Husdyrvitenskap,Ås,40,False,False,"Fiskeri-, husdyr- og landbruksfag"
2017,NMBU,192322,Skogfag,Ås,25,False,False,Matematikk og naturfag
2017,NMBU,192327,Biologi,Ås,30,False,False,Matematikk og naturfag
2017,NMBU,192332,Kjemi,Ås,20,False,False,Matematikk og naturfag
2017,NMBU,192369,Økonomi og administrasjon,Ås,100,False,False,Økonomi og administrasjon
2017,NMBU,192377,Miljø og naturressurser,Ås,20,False,False,Matematikk og naturfag
2017,NMBU,192388,Økologi og naturforvaltning,Ås,30,False,False,Matematikk og naturfag
2017,NMBU,192406,"Geomatikk: kart, satellitter og 3D-modellering",Ås,20,False,False,"Teknologi, ingeniørfag og arkitektur"
2017,NMBU,192468,Samfunnsøkonomi,Ås,25,False,False,Økonomi og administrasjon
2017,NMBU,192484,Internasjonale miljø- og utviklingsstudier,Ås,20,False,False,"Samfunnsfag, psykologi"
2017,NMBU,192504,Dyrepleie,Oslo,30,False,False,"Medisin, odontologi, helse- og sosialfag"
2017,NMBU,192732,Landskapsarkitektur,Ås,50,False,False,"Samfunnsfag, psykologi"
2017,NMBU,192759,Byggeteknikk og arkitektur,Ås,25,False,False,"Teknologi, ingeniørfag og arkitektur"
2017,NMBU,192766,"Maskin-, prosess- og produktutvikling",Ås,20,False,False,"Teknologi, ingeniørfag og arkitektur"
2017,NMBU,192767,Industriell økonomi,Ås,25,False,False,"Teknologi, ingeniørfag og arkitektur"
2017,NMBU,192772,Veterinærstudiet,Oslo,70,False,False,"Medisin, odontologi, helse- og sosialfag"
2017,NMBU,192783,Kjemi og bioteknologi,Ås,20,False,False,"Teknologi, ingeniørfag og arkitektur"
2017,NMBU,192784,Miljøfysikk og fornybar energi,Ås,20,False,False,"Teknologi, ingeniørfag og arkitektur"
2017,NMBU,192809,Vann- og miljøteknikk,Ås,20,False,False,"Teknologi, ingeniørfag og arkitektur"
2017,NMBU,192813,"Geomatikk: kart, satellitter og 3D-modellering",Ås,15,False,False,"Teknologi, ingeniørfag og arkitektur"
2017,NMBU,192835,Fornybar energi,Ås,35,False,False,"Samfunnsfag, psykologi"
2017,NMBU,192842,Plantevitenskap,Ås,20,False,False,"Fiskeri-, husdyr- og landbruksfag"
2017,NMBU,192843,"Lektorutdanning i realfag, 8.-13. trinn",Ås,20,False,False,Lærer- og lektorutdanning
2017,NMBU,192857,Energi- og miljøfysikk,Ås,20,False,False,Matematikk og naturfag
2017,NMBU,192864,Matvitenskap og ernæring,Ås,20,False,False,Matematikk og naturfag
2017,NMBU,192949,By- og regionplanlegging,Ås,32,False,False,"Samfunnsfag, psykologi"
2017,NORD,204162,Personalledelse og kompetanseutvikling,Bodø,40,False,False,Økonomi og administrasjon
2017,NORD,204164,Økonomi og ledelse,Bodø,40,False,False,Økonomi og administrasjon
2017,NORD,204206,"Økonomi, markedsføring og ledelse",Mo i Rana,30,False,False,Økonomi og administrasjon
2017,NORD,204218,"Økonomi, markedsføring og ledelse",Bodø,50,False,False,Økonomi og administrasjon
2017,NORD,204232,Personalledelse og kompetanseutvikling,Vesterålen,30,False,False,Økonomi og administrasjon
2017,NORD,204312,Økonomi og landbruk,Steinkjer,10,False,True,Økonomi og administrasjon
2017,NORD,204318,Regnskap ,Bodø,20,False,False,Økonomi og administrasjon
2017,NORD,204342,Økonomi og ledelse,Bodø,60,False,False,Økonomi og administrasjon
2017,NORD,204345,Siviløkonom,Bodø,20,False,False,Økonomi og administrasjon
2017,NORD,204368,Eiendomsmegling,Bodø,30,False,False,Økonomi og administrasjon
2017,NORD,204387,Kommunal økonomi og ledelse,Steinkjer,20,False,True,Økonomi og administrasjon
2017,NORD,204398,Økonomi og ledelse,Mo i Rana,20,False,False,Økonomi og administrasjon
2017,NORD,204404,Økonomi og ledelse,Steinkjer,80,False,False,Økonomi og administrasjon
2017,NORD,204419,Kommunal økonomi og ledelse,Steinkjer,30,False,False,Økonomi og administrasjon
2017,NORD,204470,Økonomi og ledelse,Mo i Rana,30,False,False,Økonomi og administrasjon
2017,NORD,204473,Internasjonal markedsføring,Bodø,40,False,False,Økonomi og administrasjon
2017,NORD,204516,Regnskap,Steinkjer,10,False,False,Økonomi og administrasjon
2017,NORD,204625,Økonomi og ledelse,Steinkjer,60,False,False,Økonomi og administrasjon
2017,NORD,204664,Personalledelse og kompetanseutvikling,Mo i Rana,30,False,False,Økonomi og administrasjon
2017,NTNU,194035,Økonomi og administrasjon,Trondheim,310,False,False,Økonomi og administrasjon
2017,NTNU,194160,Økonomi og ledelse,Gjøvik,30,False,False,Økonomi og administrasjon
2017,NTNU,194162,Økonomi og ledelse,Ålesund,30,False,False,Økonomi og administrasjon
2017,NTNU,194239,Samfunnsøkonomi,Trondheim,45,False,False,Økonomi og administrasjon
2017,NTNU,194253,Shippingledelse,Ålesund,12,False,False,Økonomi og administrasjon
2017,NTNU,194298,Biomarin innovasjon,Ålesund,30,False,False,Økonomi og administrasjon
2017,NTNU,194359,Markedsføring og ledelse,Ålesund,50,False,False,Økonomi og administrasjon
2017,NTNU,194369,"Økonomi, ledelse og bærekraft",Gjøvik,47,False,False,Økonomi og administrasjon
2017,NTNU,194404,"Økonomi, ledelse og bærekraft, fleksibel",Gjøvik,32,False,False,Økonomi og administrasjon
2017,NTNU,194414,Økonomi og administrasjon,Ålesund,50,False,False,Økonomi og administrasjon
2017,NTNU,194432,Logistikk,Gjøvik,20,False,False,Økonomi og administrasjon
2017,NTNU,194470,Shipping management,Ålesund,45,False,False,Økonomi og administrasjon
2017,NTNU,194767,Industriell økonomi og teknologiledelse,Trondheim,150,False,False,"Teknologi, ingeniørfag og arkitektur"
2017,NTNU,194818,Samfunnsøkonomi,Trondheim,20,False,False,Økonomi og administrasjon
2017,NTNU,194875,Politisk økonomi,Trondheim,25,False,False,"Samfunnsfag, psykologi"
2017,NTNU,194898,Samfunnsøkonomi,Trondheim,85,False,False,Økonomi og administrasjon
2017,OSLOMET,215138,Administrasjon og ledelse,Oslo,141,False,False,Økonomi og administrasjon
2017,OSLOMET,215162,Økonomi og ledelse,Oslo,20,False,False,Økonomi og administrasjon
2017,OSLOMET,215253,Økonomi og ledelse,Oslo,20,False,False,Økonomi og administrasjon
2017,OSLOMET,215369,Økonomi og adm. / revisjon / Facility Management,Oslo,245,False,False,Økonomi og administrasjon
2017,UIA,201345,Økonomi og administrasjon - siviløkonom,Kristiansand,90,False,False,Økonomi og administrasjon
2017,UIA,201359,Markedsføring og ledelse,Kristiansand,60,False,False,Økonomi og administrasjon
2017,UIA,201369,Økonomi og administrasjon,Kristiansand,90,False,False,Økonomi og administrasjon
2017,UIA,201404,Økonomi og administrasjon,Grimstad,45,False,False,Økonomi og administrasjon
2017,UIA,201767,Industriell økonomi og teknologiledelse,Grimstad,30,False,False,"Teknologi, ingeniørfag og arkitektur"
2017,UIB,184162,Administrasjon og organisasjonsvitenskap,Bergen,22,False,False,"Samfunnsfag, psykologi"
2017,UIB,184239,Samfunnsøkonomi,Bergen,21,False,False,Økonomi og administrasjon
2017,UIB,184306,Informatikk-matematikk-økonomi,Bergen,15,False,False,Matematikk og naturfag
2017,UIB,184369,Samfunnsøkonomi,Bergen,99,False,False,Økonomi og administrasjon
2017,UIB,184698,Samfunnsøkonomi,Bergen,22,False,False,Økonomi og administrasjon
2017,UIB,184867,Administrasjon og organisasjonsvitenskap,Bergen,86,False,False,"Samfunnsfag, psykologi"
2017,UIB,184875,Politisk økonomi,Bergen,20,False,False,"Samfunnsfag, psykologi"
2017,UIO,185370,Informatikk: digital økonomi og ledelse,Oslo,27,True,False,Informasjonsteknologi og informatikk
2017,UIO,185452,Offentlig administrasjon og ledelse,Oslo,55,False,False,Økonomi og administrasjon
2017,UIO,185465,Helseledelse og helseøkonomi,Oslo,40,False,False,Økonomi og administrasjon
2017,UIO,185698,Samfunnsøkonomisk analyse,Oslo,50,False,False,Økonomi og administrasjon
2017,UIO,185862,Matematikk og økonomi,Oslo,40,False,False,Matematikk og naturfag
2017,UIO,185898,Samfunnsøkonomi,Oslo,95,False,False,Økonomi og administrasjon
2017,UIS,217318,Regnskap og revisjon,Stavanger,50,False,False,Økonomi og administrasjon
2017,UIS,217345,Økonomi og administrasjon - siviløkonom,Stavanger,20,False,False,Økonomi og administrasjon
2017,UIS,217369,Økonomi og administrasjon,Stavanger,125,False,False,Økonomi og administrasjon
2017,UIS,217800,"Industriell økonomi, petroleumsteknologi",Stavanger,20,False,False,"Teknologi, ingeniørfag og arkitektur"
2017,UIS,217813,"Industriell økonomi, andre linjer",Stavanger,40,False,False,"Teknologi, ingeniørfag og arkitektur"
2017,UIT,186035,Økonomi og administrasjon,Harstad,80,False,False,Økonomi og administrasjon
2017,UIT,186162,Praktisk prosjektledelse,Harstad,50,False,False,Økonomi og administrasjon
2017,UIT,186164,Bedriftsøkonomi,Alta,100,False,False,Økonomi og administrasjon
2017,UIT,186318,Regnskap og revisjon,Harstad,30,False,False,Økonomi og administrasjon
2017,UIT,186369,Økonomi og administrasjon,Tromsø,120,False,False,Økonomi og administrasjon
2017,UIT,186410,Økonomi og administrasjon,Narvik,25,False,False,Økonomi og administrasjon
2017,UIT,186468,Økonomi og administrasjon,Alta,50,False,False,Økonomi og administrasjon
2017,UIT,186664,Ledelse,Alta,150,False,False,Økonomi og administrasjon
2017,UIT,186867,"Ledelse, innovasjon og marked",Tromsø,50,False,False,Økonomi og administrasjon
2017,UIT,186898,Samfunnsøkonomi,Tromsø,30,False,False,Økonomi og administrasjon
2017,USN,222164,Bedriftsøkonomi,Bø,25,False,False,Økonomi og administrasjon
2017,USN,222167,Bedriftsøkonomi,Porsgrunn,70,False,False,Økonomi og administrasjon
2017,USN,222318,Regnskap og revisjon,Vestfold,50,False,False,Økonomi og administrasjon
2017,USN,222330,Økonomi og ledelse,Drammen,80,False,False,Økonomi og administrasjon
2017,USN,222345,Siviløkonom,Ringerike,20,False,False,Økonomi og administrasjon
2017,USN,222359,Markedsføringsledelse,Ringerike,25,False,False,Økonomi og administrasjon
2017,USN,222368,Eiendomsmegling,Bø,50,False,False,Økonomi og administrasjon
2017,USN,222369,Økonomi og ledelse,Vestfold,115,False,False,Økonomi og administrasjon
2017,USN,222404,Økonomi og ledelse,Kongsberg,80,False,False,Økonomi og administrasjon
2017,USN,222414,Økonomi og ledelse,Ringerike,80,False,False,Økonomi og administrasjon
2017,USN,222470,Økonomi og ledelse,Bø,65,False,False,Økonomi og administrasjon
2017,USN,222473,Internasjonal markedsføring,Bø,40,False,False,Økonomi og administrasjon
2017,USN,222750,Revisjon og regnskap,Bø,30,False,True,Økonomi og administrasjon
2017,USN,222867,Forretningsjus og økonomi,Ringerike,40,False,False,"Juridiske fag, rettsvitenskap, politi"
2017,USN,222895,Innovasjon og entreprenørskap,Bø,30,False,False,Økonomi og administrasjon
2018,HIM,211164,Bedriftsøkonomi,Molde,30,False,False,Økonomi og administrasjon
2018,HIM,211292,Logistikk og Supply Chain Management,Molde,30,False,False,Økonomi og administrasjon
2018,HIM,211369,Økonomi og administrasjon,Molde,60,False,False,Økonomi og administrasjon
2018,HIM,211432,Marin logistikk og økonomi,Kristiansund,30,False,False,Økonomi og administrasjon
2018,HIM,211841,Jus og administrasjon,Molde,30,False,False,"Samfunnsfag, psykologi"
2018,HIM,211866,Petroleumslogistikk,Kristiansund,30,False,False,Økonomi og administrasjon
2018,HIØ,224035,Økonomi og administrasjon,Halden,85,False,False,Økonomi og administrasjon
2018,HIØ,224318,Regnskap og revisjon,Halden,40,False,False,Økonomi og administrasjon
2018,HIØ,224398,Bedriftsøkonomi,Halden,25,False,False,Økonomi og administrasjon
2018,HVL,203368,Eiendomsmegling,Sogndal,35,False,False,Økonomi og administrasjon
2018,HVL,203369,Økonomi og administrasjon,Bergen,90,False,False,Økonomi og administrasjon
2018,HVL,203404,Økonomi og administrasjon,Haugesund,90,False,False,Økonomi og administrasjon
2018,HVL,203414,Økonomi og administrasjon,Haugesund,30,False,False,Økonomi og administrasjon
2018,HVL,203515,Økonomi og administrasjon,Sogndal,55,False,False,Økonomi og administrasjon
2018,HVL,203526,Økonomi og jus,Sogndal,25,False,False,"Juridiske fag, rettsvitenskap, politi"
2018,HVO,223452,Planlegging og administrasjon,Volda,15,False,False,Økonomi og administrasjon
2018,INN,209035,Økonomi og administrasjon,Lillehammer,70,False,False,Økonomi og administrasjon
2018,INN,209162,Organisasjon og ledelse,Rena,30,False,False,Økonomi og administrasjon
2018,INN,209164,Bedriftsøkonomi,Rena,20,False,False,Økonomi og administrasjon
2018,INN,209215,"Offentlig styring, ledelse og økonomi",Kongsvinger,80,False,False,Økonomi og administrasjon
2018,INN,209232,Økonomi og administrasjon,Lillehammer,20,False,False,Økonomi og administrasjon
2018,INN,209368,Eiendomsmegling,Rena,50,False,False,Økonomi og administrasjon
2018,INN,209369,Økonomi og administrasjon,Rena,50,False,False,Økonomi og administrasjon
2018,INN,209398,Bedriftsøkonomi,Hamar,150,False,False,Økonomi og administrasjon
2018,INN,209470,Serviceledelse og markedsføring,Rena,50,False,False,Økonomi og administrasjon
2018,INN,209476,Music Business - Management,Rena,35,False,False,Økonomi og administrasjon
2018,INN,209485,Sport Management,Lillehammer,30,False,False,Økonomi og administrasjon
2018,INN,209516,Regnskapsførerfag,Rena,50,False,False,Økonomi og administrasjon
2018,INN,209525,Organisasjon og ledelse,Lillehammer,70,False,False,Økonomi og administrasjon
2018,INN,209664,Organisasjon og ledelse,Rena,60,False,False,Økonomi og administrasjon
2018,INN,209714,Music Business - Production,Rena,25,False,False,Økonomi og administrasjon
2018,INN,209867,Ledelse og digitalisering,Rena,50,False,False,Økonomi og administrasjon
2018,NHH,191345,Siviløkonomutdanningen,Bergen,470,False,False,Økonomi og administrasjon
2018,NLA,254470,Økonomi og administrasjon,Oslo,40,False,False,Økonomi og administrasjon
2018,NLA,254895,Innovasjon og ledelse,Oslo,30,False,False,Økonomi og administrasjon
2018,NMBU,192199,Ettårig grunnstudium,Ås,45,False,False,"Samfunnsfag, psykologi"
2018,NMBU,192230,Eiendom,Ås,35,False,False,"Samfunnsfag, psykologi"
2018,NMBU,192233,Frie realfag,Ås,20,False,False,Matematikk og naturfag
2018,NMBU,192299,Bioteknologi,Ås,30,False,False,Matematikk og naturfag
2018,NMBU,192310,Landskapsingeniør,Ås,25,False,False,"Samfunnsfag, psykologi"
2018,NMBU,192321,Husdyrvitenskap,Ås,50,False,False,"Fiskeri-, husdyr- og landbruksfag"
2018,NMBU,192322,Skogfag,Ås,25,False,False,Matematikk og naturfag
2018,NMBU,192327,Biologi,Ås,35,False,False,Matematikk og naturfag
2018,NMBU,192332,Kjemi,Ås,20,False,False,Matematikk og naturfag
2018,NMBU,192369,Økonomi og administrasjon,Ås,100,False,False,Økonomi og administrasjon
2018,NMBU,192377,Miljø og naturressurser,Ås,20,False,False,Matematikk og naturfag
2018,NMBU,192388,Økologi og naturforvaltning,Ås,30,False,False,Matematikk og naturfag
2018,NMBU,192406,"Geomatikk: kart, satellitter og 3D-modellering",Ås,25,False,False,"Teknologi, ingeniørfag og arkitektur"
2018,NMBU,192468,Samfunnsøkonomi,Ås,25,False,False,Økonomi og administrasjon
2018,NMBU,192484,Internasjonale miljø- og utviklingsstudier,Ås,20,False,False,"Samfunnsfag, psykologi"
2018,NMBU,192504,Dyrepleie,Oslo,30,False,False,"Medisin, odontologi, helse- og sosialfag"
2018,NMBU,192732,Landskapsarkitektur,Ås,50,False,False,"Samfunnsfag, psykologi"
2018,NMBU,192759,Byggeteknikk og arkitektur,Ås,30,False,False,"Teknologi, ingeniørfag og arkitektur"
2018,NMBU,192766,"Maskin-, prosess- og produktutvikling",Ås,20,False,False,"Teknologi, ingeniørfag og arkitektur"
2018,NMBU,192767,Industriell økonomi,Ås,30,False,False,"Teknologi, ingeniørfag og arkitektur"
2018,NMBU,192772,Veterinærstudiet,Oslo,70,False,False,"Medisin, odontologi, helse- og sosialfag"
2018,NMBU,192783,Kjemi og bioteknologi,Ås,20,False,False,"Teknologi, ingeniørfag og arkitektur"
2018,NMBU,192784,Miljøfysikk og fornybar energi,Ås,25,False,False,"Teknologi, ingeniørfag og arkitektur"
2018,NMBU,192804,Datavitenskap,Ås,25,True,False,"Teknologi, ingeniørfag og arkitektur"
2018,NMBU,192809,Vann- og miljøteknikk,Ås,25,False,False,"Teknologi, ingeniørfag og arkitektur"
2018,NMBU,192813,"Geomatikk: kart, satellitter og 3D-modellering",Ås,15,False,False,"Teknologi, ingeniørfag og arkitektur"
2018,NMBU,192835,Fornybar energi,Ås,35,False,False,"Samfunnsfag, psykologi"
2018,NMBU,192842,Plantevitenskap,Ås,25,False,False,"Fiskeri-, husdyr- og landbruksfag"
2018,NMBU,192843,"Lektor, 8.-13. trinn, realfag",Ås,25,False,False,Lærer- og lektorutdanning
2018,NMBU,192857,Energi- og miljøfysikk,Ås,20,False,False,Matematikk og naturfag
2018,NMBU,192864,Matvitenskap og ernæring,Ås,20,False,False,Matematikk og naturfag
2018,NMBU,192949,By- og regionplanlegging,Ås,32,False,False,"Samfunnsfag, psykologi"
2018,NORD,204162,Personalledelse og kompetanseutvikling,Bodø,40,False,False,Økonomi og administrasjon
2018,NORD,204164,Økonomi og ledelse,Bodø,40,False,False,Økonomi og administrasjon
2018,NORD,204218,"Økonomi, markedsføring og ledelse",Bodø,100,False,False,Økonomi og administrasjon
2018,NORD,204232,Personalledelse og kompetanseutvikling,Vesterålen,30,False,False,Økonomi og administrasjon
2018,NORD,204318,Regnskap ,Bodø,20,False,False,Økonomi og administrasjon
2018,NORD,204342,Økonomi og ledelse,Bodø,60,False,False,Økonomi og administrasjon
2018,NORD,204345,Siviløkonom,Bodø,25,False,False,Økonomi og administrasjon
2018,NORD,204368,Eiendomsmegling,Bodø,30,False,False,Økonomi og administrasjon
2018,NORD,204398,Økonomi og ledelse,Mo i Rana,20,False,False,Økonomi og administrasjon
2018,NORD,204404,Økonomi og ledelse,Steinkjer,80,False,False,Økonomi og administrasjon
2018,NORD,204419,Kommunal økonomi og ledelse,Levanger,30,False,False,Økonomi og administrasjon
2018,NORD,204453,Digital økonomi og organisasjon,Mo i Rana,20,False,False,Informasjonsteknologi og informatikk
2018,NORD,204470,Økonomi og ledelse,Mo i Rana,30,False,False,Økonomi og administrasjon
2018,NORD,204473,Internasjonal markedsføring,Bodø,45,False,False,Økonomi og administrasjon
2018,NORD,204516,Regnskap,Steinkjer,20,False,False,Økonomi og administrasjon
2018,NORD,204625,Økonomi og ledelse,Steinkjer,60,False,False,Økonomi og administrasjon
2018,NORD,204664,Personalledelse og kompetanseutvikling,Mo i Rana,30,False,False,Økonomi og administrasjon
2018,NTNU,194035,Økonomi og administrasjon,Trondheim,310,False,False,Økonomi og administrasjon
2018,NTNU,194160,Økonomi og ledelse,Gjøvik,20,False,False,Økonomi og administrasjon
2018,NTNU,194162,Økonomi og ledelse,Ålesund,30,False,False,Økonomi og administrasjon
2018,NTNU,194239,Samfunnsøkonomi,Trondheim,50,False,False,Økonomi og administrasjon
2018,NTNU,194253,Shippingledelse,Ålesund,12,False,False,Økonomi og administrasjon
2018,NTNU,194298,Biomarin innovasjon,Ålesund,32,False,False,Økonomi og administrasjon
2018,NTNU,194359,Markedsføring og ledelse,Ålesund,70,False,False,Økonomi og administrasjon
2018,NTNU,194369,"Økonomi, ledelse og bærekraft",Gjøvik,50,False,False,Økonomi og administrasjon
2018,NTNU,194404,"Økonomi, ledelse og bærekraft, fleksibel",Gjøvik,40,False,False,Økonomi og administrasjon
2018,NTNU,194414,Økonomi og administrasjon,Ålesund,70,False,False,Økonomi og administrasjon
2018,NTNU,194432,Logistikk,Gjøvik,25,False,False,Økonomi og administrasjon
2018,NTNU,194470,Shipping management,Ålesund,45,False,False,Økonomi og administrasjon
2018,NTNU,194767,Industriell økonomi og teknologiledelse,Trondheim,160,False,False,"Teknologi, ingeniørfag og arkitektur"
2018,NTNU,194818,Samfunnsøkonomi,Trondheim,25,False,False,Økonomi og administrasjon
2018,NTNU,194898,Samfunnsøkonomi,Trondheim,100,False,False,Økonomi og administrasjon
2018,OSLOMET,215138,Administrasjon og ledelse,Oslo,101,False,False,Økonomi og administrasjon
2018,OSLOMET,215162,Økonomi og ledelse,Oslo,20,False,False,Økonomi og administrasjon
2018,OSLOMET,215253,Økonomi og ledelse,Oslo,20,False,False,Økonomi og administrasjon
2018,OSLOMET,215369,Økonomi og administrasjon ,Oslo,245,False,False,Økonomi og administrasjon
2018,UIA,201345,Økonomi og administrasjon - siviløkonom,Kristiansand,90,False,False,Økonomi og administrasjon
2018,UIA,201359,Markedsføring og ledelse,Kristiansand,60,False,False,Økonomi og administrasjon
2018,UIA,201369,Økonomi og administrasjon,Kristiansand,90,False,False,Økonomi og administrasjon
2018,UIA,201404,Økonomi og administrasjon,Grimstad,45,False,False,Økonomi og administrasjon
2018,UIA,201767,Industriell økonomi og teknologiledelse,Grimstad,30,False,False,"Teknologi, ingeniørfag og arkitektur"
2018,UIB,184162,Administrasjon og organisasjonsvitenskap,Bergen,21,False,False,"Samfunnsfag, psykologi"
2018,UIB,184239,Samfunnsøkonomi,Bergen,21,False,False,Økonomi og administrasjon
2018,UIB,184306,Informatikk-matematikk-økonomi,Bergen,21,False,False,Matematikk og naturfag
2018,UIB,184369,Samfunnsøkonomi,Bergen,95,False,False,Økonomi og administrasjon
2018,UIB,184698,Samfunnsøkonomi,Bergen,22,False,False,Økonomi og administrasjon
2018,UIB,184867,Administrasjon og organisasjonsvitenskap,Bergen,89,False,False,"Samfunnsfag, psykologi"
2018,UIB,184875,Politisk økonomi,Bergen,27,False,False,"Samfunnsfag, psykologi"
2018,UIO,185239,Samfunnsøkonomi,Oslo,40,True,False,Økonomi og administrasjon
2018,UIO,185370,Informatikk: digital økonomi og ledelse,Oslo,52,False,False,Informasjonsteknologi og informatikk
2018,UIO,185452,Offentlig administrasjon og ledelse,Oslo,55,False,False,Økonomi og administrasjon
2018,UIO,185465,Helseledelse og helseøkonomi,Oslo,40,False,False,Økonomi og administrasjon
2018,UIO,185698,Samfunnsøkonomisk analyse,Oslo,47,False,False,Økonomi og administrasjon
2018,UIO,185862,Matematikk og økonomi,Oslo,40,False,False,Matematikk og naturfag
2018,UIO,185898,Samfunnsøkonomi,Oslo,90,False,False,Økonomi og administrasjon
2018,UIS,217345,Økonomi og administrasjon - siviløkonom,Stavanger,20,False,False,Økonomi og administrasjon
2018,UIS,217369,Økonomi og administrasjon,Stavanger,175,False,False,Økonomi og administrasjon
2018,UIS,217813,"Industriell økonomi, alle linjer",Stavanger,49,False,False,"Teknologi, ingeniørfag og arkitektur"
2018,UIT,186035,Økonomi og administrasjon,Harstad,110,False,False,Økonomi og administrasjon
2018,UIT,186162,Praktisk prosjektledelse,Harstad,50,False,False,Økonomi og administrasjon
2018,UIT,186164,Bedriftsøkonomi,Alta,175,False,False,Økonomi og administrasjon
2018,UIT,186369,Økonomi og administrasjon,Tromsø,120,False,False,Økonomi og administrasjon
2018,UIT,186410,Økonomi og administrasjon,Narvik,25,False,False,Økonomi og administrasjon
2018,UIT,186468,Økonomi og administrasjon,Alta,50,False,False,Økonomi og administrasjon
2018,UIT,186664,Ledelse,Alta,325,False,False,Økonomi og administrasjon
2018,UIT,186867,"Ledelse, innovasjon og marked",Tromsø,50,False,False,Økonomi og administrasjon
2018,UIT,186898,Samfunnsøkonomi,Tromsø,30,False,False,Økonomi og administrasjon
2018,USN,222164,Bedriftsøkonomi,Bø,30,False,False,Økonomi og administrasjon
2018,USN,222330,Økonomi og ledelse,Drammen,80,False,False,Økonomi og administrasjon
2018,USN,222345,Siviløkonom,Ringerike,30,False,False,Økonomi og administrasjon
2018,USN,222359,Markedsføringsledelse,Ringerike,50,False,False,Økonomi og administrasjon
2018,USN,222368,Eiendomsmegling,Bø,50,False,False,Økonomi og administrasjon
2018,USN,222369,Økonomi og ledelse,Vestfold,130,False,False,Økonomi og administrasjon
2018,USN,222404,Økonomi og ledelse,Kongsberg,80,False,False,Økonomi og administrasjon
2018,USN,222414,Økonomi og ledelse,Ringerike,60,False,False,Økonomi og administrasjon
2018,USN,222470,Økonomi og ledelse,Bø,90,False,False,Økonomi og administrasjon
2018,USN,222473,Internasjonal markedsføring og reiseliv,Bø,50,False,False,Økonomi og administrasjon
2018,USN,222867,Forretningsjus og økonomi,Ringerike,50,False,False,"Juridiske fag, rettsvitenskap, politi"
2018,USN,222895,Innovasjon og entreprenørskap,Bø,50,False,False,Økonomi og administrasjon
2019,HIM,211164,Bedriftsøkonomi,Molde,30,False,False,Økonomi og administrasjon
2019,HIM,211292,Logistikk og Supply Chain Management,Molde,30,False,False,Økonomi og administrasjon
2019,HIM,211369,Økonomi og administrasjon,Molde,60,False,False,Økonomi og administrasjon
2019,HIM,211389,Bærekraftig logistikk og sirkulær økonomi,Kristiansund,30,True,False,Økonomi og administrasjon
2019,HIM,211432,Marin logistikk og økonomi,Kristiansund,30,False,False,Økonomi og administrasjon
2019,HIM,211841,Jus og administrasjon,Molde,30,False,False,"Samfunnsfag, psykologi"
2019,HIM,211866,Petroleumslogistikk og økonomi,Kristiansund,30,False,False,Økonomi og administrasjon
2019,HIØ,224035,Økonomi og administrasjon,Halden,85,False,False,Økonomi og administrasjon
2019,HIØ,224398,Bedriftsøkonomi,Halden,25,False,False,Økonomi og administrasjon
2019,HIØ,224516,Regnskap,Halden,40,True,False,Økonomi og administrasjon
2019,HVL,203368,Eiendomsmegling,Sogndal,35,False,False,Økonomi og administrasjon
2019,HVL,203369,Økonomi og administrasjon,Bergen,130,False,False,Økonomi og administrasjon
2019,HVL,203404,Økonomi og administrasjon,Haugesund,90,False,False,Økonomi og administrasjon
2019,HVL,203414,Økonomi og administrasjon,Haugesund,30,False,False,Økonomi og administrasjon
2019,HVL,203515,Økonomi og administrasjon,Sogndal,55,False,False,Økonomi og administrasjon
2019,HVL,203526,Økonomi og jus,Sogndal,25,False,False,"Juridiske fag, rettsvitenskap, politi"
2019,HVO,223452,Planlegging og administrasjon,Volda,15,False,False,Økonomi og administrasjon
2019,INN,209035,Økonomi og administrasjon,Lillehammer,70,False,False,Økonomi og administrasjon
2019,INN,209162,Organisasjon og ledelse,Rena,30,False,False,Økonomi og administrasjon
2019,INN,209164,Bedriftsøkonomi,Rena,20,False,False,Økonomi og administrasjon
2019,INN,209215,"Offentlig styring, ledelse og økonomi",Kongsvinger,80,False,False,Økonomi og administrasjon
2019,INN,209232,Økonomi og administrasjon,Lillehammer,20,False,False,Økonomi og administrasjon
2019,INN,209368,Eiendomsmegling,Rena,50,False,False,Økonomi og administrasjon
2019,INN,209369,Økonomi og administrasjon,Rena,50,False,False,Økonomi og administrasjon
2019,INN,209398,Bedriftsøkonomi,Hamar,150,False,False,Økonomi og administrasjon
2019,INN,209470,Serviceledelse og markedsføring,Rena,50,False,False,Økonomi og administrasjon
2019,INN,209476,Music Business - Management,Rena,35,False,False,Økonomi og administrasjon
2019,INN,209485,Sport Management,Lillehammer,30,False,False,Økonomi og administrasjon
2019,INN,209516,Regnskap og økonomirådgivning,Rena,50,False,False,Økonomi og administrasjon
2019,INN,209525,Organisasjon og ledelse,Lillehammer,70,False,False,Økonomi og administrasjon
2019,INN,209664,Organisasjon og ledelse,Rena,120,False,False,Økonomi og administrasjon
2019,INN,209714,Music Business - Production,Rena,25,False,False,Økonomi og administrasjon
2019,INN,209867,Ledelse og digitalisering,Rena,50,False,False,Økonomi og administrasjon
2019,NHH,191345,Siviløkonomutdanningen,Bergen,470,False,False,Økonomi og administrasjon
2019,NLA,254470,Økonomi og administrasjon,Oslo,40,False,False,Økonomi og administrasjon
2019,NLA,254895,Innovasjon og ledelse,Oslo,30,False,False,Økonomi og administrasjon
2019,NMBU,192199,Ettårig grunnstudium,Ås,40,False,False,"Samfunnsfag, psykologi"
2019,NMBU,192230,Eiendom,Ås,38,False,False,"Samfunnsfag, psykologi"
2019,NMBU,192233,Frie realfag,Ås,20,False,False,Matematikk og naturfag
2019,NMBU,192299,Bioteknologi,Ås,30,False,False,Matematikk og naturfag
2019,NMBU,192310,Landskapsingeniør,Ås,25,False,False,"Samfunnsfag, psykologi"
2019,NMBU,192321,Husdyrvitenskap,Ås,50,False,False,"Fiskeri-, husdyr- og landbruksfag"
2019,NMBU,192322,Skogfag,Ås,25,False,False,Matematikk og naturfag
2019,NMBU,192327,Biologi,Ås,40,False,False,Matematikk og naturfag
2019,NMBU,192332,Kjemi,Ås,20,False,False,Matematikk og naturfag
2019,NMBU,192369,Økonomi og administrasjon,Ås,80,False,False,Økonomi og administrasjon
2019,NMBU,192377,Miljø og naturressurser,Ås,20,False,False,Matematikk og naturfag
2019,NMBU,192388,Økologi og naturforvaltning,Ås,30,False,False,Matematikk og naturfag
2019,NMBU,192406,"Geomatikk: kart, satellitter og 3D-modellering",Ås,25,False,False,"Teknologi, ingeniørfag og arkitektur"
2019,NMBU,192468,Samfunnsøkonomi,Ås,26,False,False,Økonomi og administrasjon
2019,NMBU,192484,Internasjonale miljø- og utviklingsstudier,Ås,20,False,False,"Samfunnsfag, psykologi"
2019,NMBU,192504,Dyrepleie,Oslo,30,False,False,"Medisin, odontologi, helse- og sosialfag"
2019,NMBU,192732,Landskapsarkitektur,Ås,50,False,False,"Samfunnsfag, psykologi"
2019,NMBU,192759,Byggeteknikk og arkitektur,Ås,25,False,False,"Teknologi, ingeniørfag og arkitektur"
2019,NMBU,192766,"Maskin-, prosess- og produktutvikling",Ås,20,False,False,"Teknologi, ingeniørfag og arkitektur"
2019,NMBU,192767,Industriell økonomi,Ås,25,False,False,"Teknologi, ingeniørfag og arkitektur"
2019,NMBU,192772,Veterinærstudiet,Oslo,70,False,False,"Medisin, odontologi, helse- og sosialfag"
2019,NMBU,192783,Kjemi og bioteknologi,Ås,20,False,False,"Teknologi, ingeniørfag og arkitektur"
2019,NMBU,192784,Miljøfysikk og fornybar energi,Ås,25,False,False,"Teknologi, ingeniørfag og arkitektur"
2019,NMBU,192804,Datavitenskap,Ås,20,False,False,"Teknologi, ingeniørfag og arkitektur"
2019,NMBU,192809,Vann- og miljøteknikk,Ås,20,False,False,"Teknologi, ingeniørfag og arkitektur"
2019,NMBU,192810,Anvendt robotikk,Ås,25,True,False,"Teknologi, ingeniørfag og arkitektur"
2019,NMBU,192813,"Geomatikk: kart, satellitter og 3D-modellering",Ås,10,False,False,"Teknologi, ingeniørfag og arkitektur"
2019,NMBU,192835,Fornybar energi,Ås,35,False,False,"Samfunnsfag, psykologi"
2019,NMBU,192842,Plantevitenskap,Ås,25,False,False,"Fiskeri-, husdyr- og landbruksfag"
2019,NMBU,192843,"Lektor, 8.-13. trinn, realfag",Ås,25,False,False,Lærer- og lektorutdanning
2019,NMBU,192857,Energi- og miljøfysikk,Ås,20,False,False,Matematikk og naturfag
2019,NMBU,192864,Matvitenskap og ernæring,Ås,20,False,False,Matematikk og naturfag
2019,NMBU,192949,By- og regionplanlegging,Ås,35,False,False,"Samfunnsfag, psykologi"
2019,NORD,204162,Personalledelse og kompetanseutvikling,Bodø,50,False,False,Økonomi og administrasjon
2019,NORD,204164,Økonomi og ledelse,Bodø,50,False,False,Økonomi og administrasjon
2019,NORD,204209,"Økonomi, markedsføring og ledelse",Stjørdal,100,True,False,Økonomi og administrasjon
2019,NORD,204218,"Økonomi, markedsføring og ledelse",Bodø,100,False,False,Økonomi og administrasjon
2019,NORD,204232,Personalledelse og kompetanseutvikling,Vesterålen,30,False,True,Økonomi og administrasjon
2019,NORD,204318,Regnskap ,Bodø,25,False,False,Økonomi og administrasjon
2019,NORD,204342,Økonomi og ledelse,Bodø,60,False,False,Økonomi og administrasjon
2019,NORD,204345,Siviløkonom,Bodø,20,False,False,Økonomi og administrasjon
2019,NORD,204368,Eiendomsmegling,Bodø,30,False,False,Økonomi og administrasjon
2019,NORD,204398,Økonomi og ledelse,Mo i Rana,30,False,False,Økonomi og administrasjon
2019,NORD,204404,Økonomi og ledelse,Steinkjer,30,False,False,Økonomi og administrasjon
2019,NORD,204453,Digital økonomi og organisasjon,Mo i Rana,25,False,False,Informasjonsteknologi og informatikk
2019,NORD,204470,Økonomi og ledelse,Mo i Rana,20,False,False,Økonomi og administrasjon
2019,NORD,204473,Internasjonal markedsføring,Bodø,45,False,False,Økonomi og administrasjon
2019,NORD,204516,Regnskap,Steinkjer,20,False,False,Økonomi og administrasjon
2019,NORD,204583,Personalledelse og kompetanseutvikling,Levanger,30,True,False,Økonomi og administrasjon
2019,NORD,204625,Økonomi og ledelse,Steinkjer,40,False,False,Økonomi og administrasjon
2019,NORD,204664,Personalledelse og kompetanseutvikling,Mo i Rana,30,False,False,Økonomi og administrasjon
2019,NTNU,194035,Økonomi og administrasjon,Trondheim,270,False,False,Økonomi og administrasjon
2019,NTNU,194160,Økonomi og ledelse,Gjøvik,30,False,False,Økonomi og administrasjon
2019,NTNU,194162,Økonomi og ledelse,Ålesund,30,False,False,Økonomi og administrasjon
2019,NTNU,194218,Økonomi og administrasjon,Trondheim,40,True,False,Økonomi og administrasjon
2019,NTNU,194239,Samfunnsøkonomi,Trondheim,50,False,False,Økonomi og administrasjon
2019,NTNU,194253,Shippingledelse,Ålesund,10,False,False,Økonomi og administrasjon
2019,NTNU,194298,Biomarin innovasjon,Ålesund,35,False,False,Økonomi og administrasjon
2019,NTNU,194359,"Markedsføring, innovasjon og ledelse",Ålesund,70,False,False,Økonomi og administrasjon
2019,NTNU,194369,"Økonomi, ledelse og bærekraft",Gjøvik,60,False,False,Økonomi og administrasjon
2019,NTNU,194404,"Økonomi, ledelse og bærekraft",Gjøvik,60,False,False,Økonomi og administrasjon
2019,NTNU,194414,Økonomi og administrasjon,Ålesund,70,False,False,Økonomi og administrasjon
2019,NTNU,194432,Logistikk,Gjøvik,30,False,False,Økonomi og administrasjon
2019,NTNU,194470,Shipping management,Ålesund,45,False,False,Økonomi og administrasjon
2019,NTNU,194767,Industriell økonomi og teknologiledelse,Trondheim,160,False,False,"Teknologi, ingeniørfag og arkitektur"
2019,NTNU,194818,Samfunnsøkonomi,Trondheim,25,False,False,Økonomi og administrasjon
2019,NTNU,194898,Samfunnsøkonomi,Trondheim,100,False,False,Økonomi og administrasjon
2019,OSLOMET,215138,Administrasjon og ledelse i offentlig virksomhet,Oslo,101,False,False,Økonomi og administrasjon
2019,OSLOMET,215162,Økonomi og ledelse,Oslo,20,False,False,Økonomi og administrasjon
2019,OSLOMET,215253,Økonomi og ledelse,Oslo,20,False,False,Økonomi og administrasjon
2019,OSLOMET,215369,Økonomi og administrasjon ,Oslo,245,False,False,Økonomi og administrasjon
2019,UIA,201345,Økonomi og administrasjon - siviløkonom,Kristiansand,100,False,False,Økonomi og administrasjon
2019,UIA,201359,Markedsføring og ledelse,Kristiansand,110,False,False,Økonomi og administrasjon
2019,UIA,201369,Økonomi og administrasjon,Kristiansand,150,False,False,Økonomi og administrasjon
2019,UIA,201767,Industriell økonomi og teknologiledelse,Grimstad,30,False,False,"Teknologi, ingeniørfag og arkitektur"
2019,UIB,184162,Administrasjon og organisasjonsvitenskap,Bergen,21,False,False,"Samfunnsfag, psykologi"
2019,UIB,184239,Samfunnsøkonomi,Bergen,21,False,False,Økonomi og administrasjon
2019,UIB,184306,Informatikk-matematikk-økonomi,Bergen,21,False,False,Matematikk og naturfag
2019,UIB,184369,Samfunnsøkonomi,Bergen,98,False,False,Økonomi og administrasjon
2019,UIB,184698,Samfunnsøkonomi,Bergen,22,False,False,Økonomi og administrasjon
2019,UIB,184867,Administrasjon og organisasjonsvitenskap,Bergen,86,False,False,"Samfunnsfag, psykologi"
2019,UIB,184875,Politisk økonomi,Bergen,25,False,False,"Samfunnsfag, psykologi"
2019,UIO,185239,Samfunnsøkonomi,Oslo,40,False,False,Økonomi og administrasjon
2019,UIO,185370,Informatikk: digital økonomi og ledelse,Oslo,57,False,False,Informasjonsteknologi og informatikk
2019,UIO,185452,Offentlig administrasjon og ledelse,Oslo,55,False,False,Økonomi og administrasjon
2019,UIO,185465,Helseledelse og helseøkonomi,Oslo,40,False,False,Økonomi og administrasjon
2019,UIO,185698,Samfunnsøkonomisk analyse,Oslo,47,False,False,Økonomi og administrasjon
2019,UIO,185862,Matematikk og økonomi,Oslo,40,False,False,Matematikk og naturfag
2019,UIO,185898,Samfunnsøkonomi,Oslo,90,False,False,Økonomi og administrasjon
2019,UIS,217369,Økonomi og administrasjon,Stavanger,195,False,False,Økonomi og administrasjon
2019,UIS,217813,"Industriell økonomi, alle linjer",Stavanger,49,False,False,"Teknologi, ingeniørfag og arkitektur"
2019,UIT,186035,Økonomi og administrasjon,Harstad,110,False,False,Økonomi og administrasjon
2019,UIT,186162,Praktisk prosjektledelse,Harstad,50,False,False,Økonomi og administrasjon
2019,UIT,186164,Bedriftsøkonomi,Alta,350,False,False,Økonomi og administrasjon
2019,UIT,186369,Økonomi og administrasjon,Tromsø,150,False,False,Økonomi og administrasjon
2019,UIT,186410,Økonomi og administrasjon,Narvik,25,False,False,Økonomi og administrasjon
2019,UIT,186468,Økonomi og administrasjon,Alta,100,False,False,Økonomi og administrasjon
2019,UIT,186664,Ledelse,Alta,650,False,False,Økonomi og administrasjon
2019,UIT,186867,"Ledelse, innovasjon og marked",Tromsø,90,False,False,Økonomi og administrasjon
2019,UIT,186898,Samfunnsøkonomi,Tromsø,30,False,False,Økonomi og administrasjon
2019,USN,222164,Bedriftsøkonomi,Bø,30,False,False,Økonomi og administrasjon
2019,USN,222330,Økonomi og ledelse,Drammen,90,False,False,Økonomi og administrasjon
2019,USN,222345,Siviløkonom,Ringerike,50,False,False,Økonomi og administrasjon
2019,USN,222359,Markedsføringsledelse,Ringerike,50,False,False,Økonomi og administrasjon
2019,USN,222368,Eiendomsmegling,Bø,60,False,False,Økonomi og administrasjon
2019,USN,222369,Økonomi og ledelse,Vestfold,100,False,False,Økonomi og administrasjon
2019,USN,222404,Økonomi og ledelse,Kongsberg,100,False,False,Økonomi og administrasjon
2019,USN,222414,Økonomi og ledelse,Ringerike,50,False,False,Økonomi og administrasjon
2019,USN,222470,Økonomi og ledelse,Bø,80,False,False,Økonomi og administrasjon
2019,USN,222473,Internasjonal markedsføring og reiseliv,Bø,50,False,False,Økonomi og administrasjon
2019,USN,222867,Forretningsjus og økonomi,Ringerike,50,False,False,"Juridiske fag, rettsvitenskap, politi"
2019,USN,222895,Innovasjon og entreprenørskap,Bø,50,False,False,Økonomi og administrasjon
2020,HIM,211164,Bedriftsøkonomi,Molde,30,False,False,Økonomi og administrasjon
2020,HIM,211232,Personal- og organisasjonskunnskap,Molde,30,True,False,Økonomi og administrasjon
2020,HIM,211292,Logistikk og Supply Chain Management,Molde,30,False,False,Økonomi og administrasjon
2020,HIM,211369,Økonomi og administrasjon,Molde,60,False,False,Økonomi og administrasjon
2020,HIM,211389,Bærekraftig logistikk og sirkulær økonomi,Kristiansund,30,False,False,Økonomi og administrasjon
2020,HIM,211432,Marin logistikk og økonomi,Kristiansund,30,False,False,Økonomi og administrasjon
2020,HIM,211841,Jus og administrasjon,Molde,30,False,False,"Samfunnsfag, psykologi"
2020,HIM,211866,Petroleumslogistikk og økonomi,Kristiansund,30,False,False,Økonomi og administrasjon
2020,HIØ,224035,Økonomi og administrasjon,Halden,85,False,False,Økonomi og administrasjon
2020,HIØ,224398,Bedriftsøkonomi,Halden,40,False,False,Økonomi og administrasjon
2020,HIØ,224516,Regnskap,Halden,40,False,False,Økonomi og administrasjon
2020,HVL,203368,Eiendomsmegling,Sogndal,40,False,False,Økonomi og administrasjon
2020,HVL,203369,Økonomi og administrasjon,Bergen,165,False,False,Økonomi og administrasjon
2020,HVL,203404,Økonomi og administrasjon,Haugesund,90,False,False,Økonomi og administrasjon
2020,HVL,203414,Økonomi og administrasjon,Haugesund,30,False,False,Økonomi og administrasjon
2020,HVL,203515,Økonomi og administrasjon,Sogndal,60,False,False,Økonomi og administrasjon
2020,HVL,203526,Økonomi og jus,Sogndal,30,False,False,"Juridiske fag, rettsvitenskap, politi"
2020,HVO,223452,Planlegging og administrasjon,Volda,35,False,False,Økonomi og administrasjon
2020,INN,209035,Økonomi og administrasjon,Lillehammer,70,False,False,Økonomi og administrasjon
2020,INN,209162,Organisasjon og ledelse,Rena,30,False,False,Økonomi og administrasjon
2020,INN,209164,Bedriftsøkonomi,Rena,20,False,False,Økonomi og administrasjon
2020,INN,209215,"Offentlig styring, ledelse og økonomi",Kongsvinger,80,False,False,Økonomi og administrasjon
2020,INN,209232,Økonomi og administrasjon,Lillehammer,20,False,False,Økonomi og administrasjon
2020,INN,209368,Eiendomsmegling,Rena,50,False,False,Økonomi og administrasjon
2020,INN,209369,Økonomi og administrasjon,Rena,45,False,False,Økonomi og administrasjon
2020,INN,209389,Bærekraftsøkonomi,Kongsvinger,25,True,False,Økonomi og administrasjon
2020,INN,209398,Bedriftsøkonomi,Hamar,150,False,False,Økonomi og administrasjon
2020,INN,209470,Serviceledelse og markedsføring,Rena,25,False,False,Økonomi og administrasjon
2020,INN,209476,Music Business - Management,Rena,30,False,False,Økonomi og administrasjon
2020,INN,209485,Sport Management,Lillehammer,30,False,False,Økonomi og administrasjon
2020,INN,209516,Regnskap og økonomirådgivning,Rena,45,False,False,Økonomi og administrasjon
2020,INN,209525,Organisasjon og ledelse,Lillehammer,70,False,False,Økonomi og administrasjon
2020,INN,209664,Organisasjon og ledelse,Rena,120,False,False,Økonomi og administrasjon
2020,INN,209714,Music Business - Production,Rena,30,False,False,Økonomi og administrasjon
2020,INN,209867,Ledelse og digitalisering,Rena,45,False,False,Økonomi og administrasjon
2020,NHH,191345,Siviløkonomutdanningen,Bergen,570,False,False,Økonomi og administrasjon
2020,NLA,254470,Økonomi og administrasjon,Oslo,50,False,False,Økonomi og administrasjon
2020,NLA,254895,Innovasjon og ledelse,Oslo,50,False,False,Økonomi og administrasjon
2020,NMBU,192199,Ettårig grunnstudium,Ås,40,False,False,"Samfunnsfag, psykologi"
2020,NMBU,192230,Eiendom,Ås,38,False,False,"Samfunnsfag, psykologi"
2020,NMBU,192233,Frie realfag,Ås,30,False,False,Matematikk og naturfag
2020,NMBU,192299,Bioteknologi,Ås,40,False,False,Matematikk og naturfag
2020,NMBU,192310,Landskapsingeniør,Ås,25,False,False,"Samfunnsfag, psykologi"
2020,NMBU,192321,Husdyrvitenskap,Ås,50,False,False,"Fiskeri-, husdyr- og landbruksfag"
2020,NMBU,192322,Skogfag,Ås,35,False,False,Matematikk og naturfag
2020,NMBU,192327,Biologi,Ås,45,False,False,Matematikk og naturfag
2020,NMBU,192332,Kjemi,Ås,20,False,False,Matematikk og naturfag
2020,NMBU,192369,Økonomi og administrasjon,Ås,95,False,False,Økonomi og administrasjon
2020,NMBU,192377,Miljø og naturressurser,Ås,20,False,False,Matematikk og naturfag
2020,NMBU,192388,Økologi og naturforvaltning,Ås,30,False,False,Matematikk og naturfag
2020,NMBU,192406,"Geomatikk: kart, satellitter og 3D-modellering",Ås,25,False,False,"Teknologi, ingeniørfag og arkitektur"
2020,NMBU,192468,Samfunnsøkonomi,Ås,26,False,False,Økonomi og administrasjon
2020,NMBU,192484,Internasjonale miljø- og utviklingsstudier,Ås,20,False,False,"Samfunnsfag, psykologi"
2020,NMBU,192504,Dyrepleie,Ås,30,False,False,"Medisin, odontologi, helse- og sosialfag"
2020,NMBU,192732,Landskapsarkitektur,Ås,40,False,False,"Samfunnsfag, psykologi"
2020,NMBU,192759,Byggeteknikk og arkitektur,Ås,35,False,False,"Teknologi, ingeniørfag og arkitektur"
2020,NMBU,192766,"Maskin-, prosess- og produktutvikling",Ås,20,False,False,"Teknologi, ingeniørfag og arkitektur"
2020,NMBU,192767,Industriell økonomi,Ås,40,False,False,"Teknologi, ingeniørfag og arkitektur"
2020,NMBU,192772,Veterinærstudiet,Ås,90,False,False,"Medisin, odontologi, helse- og sosialfag"
2020,NMBU,192783,Kjemi og bioteknologi,Ås,25,False,False,"Teknologi, ingeniørfag og arkitektur"
2020,NMBU,192784,Miljøfysikk og fornybar energi,Ås,25,False,False,"Teknologi, ingeniørfag og arkitektur"
2020,NMBU,192804,Datavitenskap,Ås,20,False,False,"Teknologi, ingeniørfag og arkitektur"
2020,NMBU,192809,Vann- og miljøteknikk,Ås,30,False,False,"Teknologi, ingeniørfag og arkitektur"
2020,NMBU,192810,Anvendt robotikk,Ås,25,False,False,"Teknologi, ingeniørfag og arkitektur"
2020,NMBU,192813,"Geomatikk: kart, satellitter og 3D-modellering",Ås,15,False,False,"Teknologi, ingeniørfag og arkitektur"
2020,NMBU,192835,Fornybar energi,Ås,35,False,False,"Samfunnsfag, psykologi"
2020,NMBU,192842,Plantevitenskap,Ås,35,False,False,"Fiskeri-, husdyr- og landbruksfag"
2020,NMBU,192843,"Lektor, 8.-13. trinn, realfag",Ås,30,False,False,Lærer- og lektorutdanning
2020,NMBU,192857,Energi- og miljøfysikk,Ås,20,False,False,Matematikk og naturfag
2020,NMBU,192864,Matvitenskap og ernæring,Ås,20,False,False,Matematikk og naturfag
2020,NMBU,192949,By- og regionplanlegging,Ås,45,False,False,"Samfunnsfag, psykologi"
2020,NORD,204162,Personalledelse og kompetanseutvikling,Bodø,50,False,False,Økonomi og administrasjon
2020,NORD,204164,Økonomi og ledelse,Bodø,50,False,False,Økonomi og administrasjon
2020,NORD,204209,"Økonomi, markedsføring og ledelse",Stjørdal,100,False,False,Økonomi og administrasjon
2020,NORD,204218,"Økonomi, markedsføring og ledelse",Bodø,100,False,False,Økonomi og administrasjon
2020,NORD,204232,Personalledelse og kompetanseutvikling,Vesterålen,30,False,False,Økonomi og administrasjon
2020,NORD,204318,Regnskap ,Bodø,25,False,False,Økonomi og administrasjon
2020,NORD,204342,Økonomi og ledelse,Bodø,60,False,False,Økonomi og administrasjon
2020,NORD,204345,Siviløkonom,Bodø,30,False,False,Økonomi og administrasjon
2020,NORD,204368,Eiendomsmegling,Bodø,30,False,False,Økonomi og administrasjon
2020,NORD,204398,Økonomi og ledelse,Mo i Rana,30,False,False,Økonomi og administrasjon
2020,NORD,204404,Økonomi og ledelse,Steinkjer,50,False,False,Økonomi og administrasjon
2020,NORD,204453,"Økonomi, digitalisering og forretningsutvikling",Mo i Rana,40,False,False,Økonomi og administrasjon
2020,NORD,204473,Internasjonal markedsføring,Bodø,40,False,False,Økonomi og administrasjon
2020,NORD,204527,Luftfartsledelse,Bodø,100,True,False,Økonomi og administrasjon
2020,NORD,204583,Personalledelse og kompetanseutvikling,Levanger,30,False,False,Økonomi og administrasjon
2020,NORD,204625,Økonomi og ledelse,Steinkjer,40,False,False,Økonomi og administrasjon
2020,NORD,204664,Personalledelse og kompetanseutvikling,Mo i Rana,30,False,False,Økonomi og administrasjon
2020,NTNU,194035,Økonomi og administrasjon,Trondheim,310,False,False,Økonomi og administrasjon
2020,NTNU,194160,Økonomi og administrasjon,Gjøvik,30,False,False,Økonomi og administrasjon
2020,NTNU,194162,Økonomi og ledelse,Ålesund,30,False,False,Økonomi og administrasjon
2020,NTNU,194218,Økonomi og administrasjon,Trondheim,40,False,False,Økonomi og administrasjon
2020,NTNU,194239,Samfunnsøkonomi,Trondheim,50,False,False,Økonomi og administrasjon
2020,NTNU,194298,Biomarin innovasjon,Ålesund,40,False,False,Økonomi og administrasjon
2020,NTNU,194359,"Markedsføring, innovasjon og ledelse",Ålesund,70,False,False,Økonomi og administrasjon
2020,NTNU,194369,Økonomi og administrasjon,Gjøvik,60,False,False,Økonomi og administrasjon
2020,NTNU,194404,Økonomi og administrasjon,Gjøvik,60,False,False,Økonomi og administrasjon
2020,NTNU,194414,Økonomi og administrasjon,Ålesund,70,False,False,Økonomi og administrasjon
2020,NTNU,194432,Logistikk,Gjøvik,30,False,False,Økonomi og administrasjon
2020,NTNU,194470,Shipping management,Ålesund,55,False,False,Økonomi og administrasjon
2020,NTNU,194767,Industriell økonomi og teknologiledelse,Trondheim,180,False,False,"Teknologi, ingeniørfag og arkitektur"
2020,NTNU,194818,Samfunnsøkonomi,Trondheim,25,False,False,Økonomi og administrasjon
2020,NTNU,194898,Samfunnsøkonomi,Trondheim,100,False,False,Økonomi og administrasjon
2020,OSLOMET,215138,Administrasjon og ledelse i offentlig virksomhet,Oslo,101,False,False,Økonomi og administrasjon
2020,OSLOMET,215162,Økonomi og ledelse,Oslo,20,False,False,Økonomi og administrasjon
2020,OSLOMET,215253,Økonomi og ledelse,Oslo,20,False,False,Økonomi og administrasjon
2020,OSLOMET,215369,Økonomi og administrasjon ,Oslo,245,False,False,Økonomi og administrasjon
2020,UIA,201345,Økonomi og administrasjon - siviløkonom,Kristiansand,100,False,False,Økonomi og administrasjon
2020,UIA,201359,Markedsføring og ledelse,Kristiansand,110,False,False,Økonomi og administrasjon
2020,UIA,201369,Økonomi og administrasjon,Kristiansand,150,False,False,Økonomi og administrasjon
2020,UIA,201767,Industriell økonomi og teknologiledelse,Grimstad,30,False,False,"Teknologi, ingeniørfag og arkitektur"
2020,UIB,184162,Administrasjon og organisasjonsvitenskap,Bergen,25,False,False,"Samfunnsfag, psykologi"
2020,UIB,184239,Samfunnsøkonomi,Bergen,40,False,False,Økonomi og administrasjon
2020,UIB,184306,Informatikk-matematikk-økonomi,Bergen,30,False,False,Matematikk og naturfag
2020,UIB,184369,Samfunnsøkonomi,Bergen,103,False,False,Økonomi og administrasjon
2020,UIB,184698,Samfunnsøkonomi,Bergen,22,False,False,Økonomi og administrasjon
2020,UIB,184867,Administrasjon og organisasjonsvitenskap,Bergen,86,False,False,"Samfunnsfag, psykologi"
2020,UIB,184875,Politisk økonomi,Bergen,20,False,False,"Samfunnsfag, psykologi"
2020,UIO,185239,Samfunnsøkonomi,Oslo,50,False,False,Økonomi og administrasjon
2020,UIO,185370,Informatikk: digital økonomi og ledelse,Oslo,57,False,False,Informasjonsteknologi og informatikk
2020,UIO,185452,Offentlig administrasjon og ledelse,Oslo,55,False,False,Økonomi og administrasjon
2020,UIO,185465,Helseledelse og helseøkonomi,Oslo,54,False,False,Økonomi og administrasjon
2020,UIO,185588,"Filosofi, politikk og økonomi",Oslo,25,True,False,"Historie, religion, idéfag"
2020,UIO,185698,Samfunnsøkonomisk analyse,Oslo,52,False,False,Økonomi og administrasjon
2020,UIO,185862,Matematikk og økonomi,Oslo,40,False,False,Matematikk og naturfag
2020,UIO,185898,Samfunnsøkonomi,Oslo,100,False,False,Økonomi og administrasjon
2020,UIS,217369,Økonomi og administrasjon,Stavanger,228,False,False,Økonomi og administrasjon
2020,UIS,217813,"Industriell økonomi, alle linjer",Stavanger,38,False,False,"Teknologi, ingeniørfag og arkitektur"
2020,UIT,186035,Økonomi og administrasjon,Harstad,110,False,False,Økonomi og administrasjon
2020,UIT,186162,Praktisk prosjektledelse,Harstad,50,False,False,Økonomi og administrasjon
2020,UIT,186164,Bedriftsøkonomi,Alta,350,False,False,Økonomi og administrasjon
2020,UIT,186369,Økonomi og administrasjon,Tromsø,150,False,False,Økonomi og administrasjon
2020,UIT,186410,Økonomi og administrasjon,Narvik,25,False,False,Økonomi og administrasjon
2020,UIT,186468,Økonomi og administrasjon,Alta,100,False,False,Økonomi og administrasjon
2020,UIT,186470,"Ledelse, innovasjon og marked",Harstad,40,True,False,Økonomi og administrasjon
2020,UIT,186664,Ledelse,Alta,650,False,False,Økonomi og administrasjon
2020,UIT,186867,"Ledelse, innovasjon og marked",Tromsø,90,False,False,Økonomi og administrasjon
2020,UIT,186898,Samfunnsøkonomi,Tromsø,30,False,False,Økonomi og administrasjon
2020,USN,222164,Bedriftsøkonomi,Bø,30,False,False,Økonomi og administrasjon
2020,USN,222330,Økonomi og ledelse,Drammen,90,False,False,Økonomi og administrasjon
2020,USN,222345,Siviløkonom,Ringerike,50,False,False,Økonomi og administrasjon
2020,USN,222359,Markedsføringsledelse,Ringerike,50,False,False,Økonomi og administrasjon
2020,USN,222368,Eiendomsmegling,Bø,60,False,False,Økonomi og administrasjon
2020,USN,222369,Økonomi og ledelse,Vestfold,90,False,False,Økonomi og administrasjon
2020,USN,222404,Økonomi og ledelse,Kongsberg,100,False,False,Økonomi og administrasjon
2020,USN,222414,Økonomi og ledelse,Ringerike,50,False,False,Økonomi og administrasjon
2020,USN,222470,Økonomi og ledelse,Bø,100,False,False,Økonomi og administrasjon
2020,USN,222473,Internasjonal markedsføring og reiseliv,Bø,50,False,False,Økonomi og administrasjon
2020,USN,222867,Forretningsjus og økonomi,Ringerike,50,False,False,"Juridiske fag, rettsvitenskap, politi"
2020,USN,222895,Innovasjon og entreprenørskap,Bø,50,False,False,Økonomi og administrasjon
2021,HIM,211164,Bedriftsøkonomi,Molde,30,False,False,Økonomi og administrasjon
2021,HIM,211218,Juss og økonomi,Kristiansund,30,True,False,Økonomi og administrasjon
2021,HIM,211232,Organisasjon og personalledelse,Molde,30,False,False,Økonomi og administrasjon
2021,HIM,211292,Logistikk og Supply Chain Management,Molde,30,False,False,Økonomi og administrasjon
2021,HIM,211369,Økonomi og administrasjon,Molde,60,False,False,Økonomi og administrasjon
2021,HIM,211389,Bærekraftig logistikk og sirkulær økonomi,Kristiansund,30,False,False,Økonomi og administrasjon
2021,HIM,211432,Marin logistikk og økonomi,Kristiansund,30,False,False,Økonomi og administrasjon
2021,HIM,211841,"Politikk, juss og administrasjon",Molde,30,False,False,"Samfunnsfag, psykologi"
2021,HIM,211866,Petroleumslogistikk og økonomi,Kristiansund,30,False,False,Økonomi og administrasjon
2021,HIØ,224035,Økonomi og administrasjon,Halden,85,False,False,Økonomi og administrasjon
2021,HIØ,224398,Bedriftsøkonomi,Halden,40,False,False,Økonomi og administrasjon
2021,HIØ,224516,Regnskap,Halden,45,False,False,Økonomi og administrasjon
2021,HVL,203368,Eiendomsmegling,Sogndal,40,False,False,Økonomi og administrasjon
2021,HVL,203369,Økonomi og administrasjon,Bergen,165,False,False,Økonomi og administrasjon
2021,HVL,203404,Økonomi og administrasjon,Haugesund,97,False,False,Økonomi og administrasjon
2021,HVL,203414,Økonomi og administrasjon,Haugesund,10,False,False,Økonomi og administrasjon
2021,HVL,203515,Økonomi og administrasjon,Sogndal,55,False,False,Økonomi og administrasjon
2021,HVL,203526,Økonomi og jus,Sogndal,30,False,False,"Juridiske fag, rettsvitenskap, politi"
2021,HVO,223452,Planlegging og administrasjon,Volda,15,False,False,Økonomi og administrasjon
2021,INN,209035,Økonomi og administrasjon,Lillehammer,70,False,False,Økonomi og administrasjon
2021,INN,209162,Organisasjon og ledelse,Rena,30,False,False,Økonomi og administrasjon
2021,INN,209164,Bedriftsøkonomi,Rena,20,False,False,Økonomi og administrasjon
2021,INN,209215,"Offentlig styring, ledelse og økonomi",Kongsvinger,80,False,False,Økonomi og administrasjon
2021,INN,209232,Økonomi og administrasjon,Lillehammer,20,False,False,Økonomi og administrasjon
2021,INN,209368,Eiendomsmegling,Rena,50,False,False,Økonomi og administrasjon
2021,INN,209369,Økonomi og administrasjon,Rena,45,False,False,Økonomi og administrasjon
2021,INN,209389,Bærekraftsøkonomi,Kongsvinger,25,False,False,Økonomi og administrasjon
2021,INN,209398,Bedriftsøkonomi,Hamar,150,False,False,Økonomi og administrasjon
2021,INN,209470,Serviceledelse og markedsføring,Rena,25,False,False,Økonomi og administrasjon
2021,INN,209476,Music Business - Management,Rena,30,False,False,Økonomi og administrasjon
2021,INN,209485,Sport Management,Lillehammer,30,False,False,Økonomi og administrasjon
2021,INN,209516,Regnskap og økonomirådgivning,Rena,45,False,False,Økonomi og administrasjon
2021,INN,209525,Organisasjon og ledelse,Lillehammer,70,False,False,Økonomi og administrasjon
2021,INN,209664,Organisasjon og ledelse,Rena,120,False,False,Økonomi og administrasjon
2021,INN,209714,Music Business - Production,Rena,30,False,False,Økonomi og administrasjon
2021,INN,209867,Ledelse og digitalisering,Rena,45,False,False,Økonomi og administrasjon
2021,NHH,191345,Siviløkonomutdanningen,Bergen,570,False,False,Økonomi og administrasjon
2021,NLA,254035,Økonomi og administrasjon,Kristiansand,25,True,False,Økonomi og administrasjon
2021,NLA,254470,Økonomi og administrasjon,Oslo,45,False,False,Økonomi og administrasjon
2021,NLA,254525,Innovasjon og ledelse,Kristiansand,25,True,False,Økonomi og administrasjon
2021,NLA,254895,Innovasjon og ledelse,Oslo,45,False,False,Økonomi og administrasjon
2021,NMBU,192199,Ettårig grunnstudium,Ås,40,False,False,"Samfunnsfag, psykologi"
2021,NMBU,192230,Eiendom,Ås,38,False,False,"Samfunnsfag, psykologi"
2021,NMBU,192233,Frie realfag,Ås,30,False,False,Matematikk og naturfag
2021,NMBU,192298,Akvakultur,Ås,25,True,False,Matematikk og naturfag
2021,NMBU,192299,Bioteknologi,Ås,40,False,False,Matematikk og naturfag
2021,NMBU,192310,Landskapsingeniør,Ås,25,False,False,"Samfunnsfag, psykologi"
2021,NMBU,192321,Husdyrvitenskap,Ås,30,False,False,"Fiskeri-, husdyr- og landbruksfag"
2021,NMBU,192322,Skogfag,Ås,25,False,False,Matematikk og naturfag
2021,NMBU,192327,Biologi,Ås,50,False,False,Matematikk og naturfag
2021,NMBU,192332,Kjemi,Ås,20,False,False,Matematikk og naturfag
2021,NMBU,192369,Økonomi og administrasjon,Ås,96,False,False,Økonomi og administrasjon
2021,NMBU,192377,Miljø og naturressurser,Ås,20,False,False,Matematikk og naturfag
2021,NMBU,192388,Økologi og naturforvaltning,Ås,30,False,False,Matematikk og naturfag
2021,NMBU,192406,"Geomatikk: kart, satellitter og 3D-modellering",Ås,25,False,False,"Teknologi, ingeniørfag og arkitektur"
2021,NMBU,192468,Samfunnsøkonomi,Ås,25,False,False,Økonomi og administrasjon
2021,NMBU,192484,Internasjonale miljø- og utviklingsstudier,Ås,20,False,False,"Samfunnsfag, psykologi"
2021,NMBU,192504,Dyrepleie,Ås,30,False,False,"Medisin, odontologi, helse- og sosialfag"
2021,NMBU,192732,Landskapsarkitektur,Ås,40,False,False,"Samfunnsfag, psykologi"
2021,NMBU,192759,Byggeteknikk og arkitektur,Ås,35,False,False,"Teknologi, ingeniørfag og arkitektur"
2021,NMBU,192766,"Maskin-, prosess- og produktutvikling",Ås,20,False,False,"Teknologi, ingeniørfag og arkitektur"
2021,NMBU,192767,Industriell økonomi,Ås,40,False,False,"Teknologi, ingeniørfag og arkitektur"
2021,NMBU,192772,Veterinærstudiet,Ås,90,False,False,"Medisin, odontologi, helse- og sosialfag"
2021,NMBU,192783,Kjemi og bioteknologi,Ås,25,False,False,"Teknologi, ingeniørfag og arkitektur"
2021,NMBU,192784,Miljøfysikk og fornybar energi,Ås,25,False,False,"Teknologi, ingeniørfag og arkitektur"
2021,NMBU,192804,Datavitenskap,Ås,20,False,False,"Teknologi, ingeniørfag og arkitektur"
2021,NMBU,192809,Vann- og miljøteknikk,Ås,30,False,False,"Teknologi, ingeniørfag og arkitektur"
2021,NMBU,192810,Anvendt robotikk,Ås,25,False,False,"Teknologi, ingeniørfag og arkitektur"
2021,NMBU,192813,"Geomatikk: kart, satellitter og 3D-modellering",Ås,15,False,False,"Teknologi, ingeniørfag og arkitektur"
2021,NMBU,192835,Fornybar energi,Ås,35,False,False,"Samfunnsfag, psykologi"
2021,NMBU,192842,Plantevitenskap,Ås,30,False,False,"Fiskeri-, husdyr- og landbruksfag"
2021,NMBU,192843,"Lektor, 8.-13. trinn, realfag",Ås,30,False,False,Lærer- og lektorutdanning
2021,NMBU,192857,Energi- og miljøfysikk,Ås,20,False,False,Matematikk og naturfag
2021,NMBU,192948,Matvitenskap og ernæring,Ås,20,True,False,Matematikk og naturfag
2021,NMBU,192949,By- og regionplanlegging,Ås,45,False,False,"Samfunnsfag, psykologi"
2021,NORD,204162,Personalledelse og kompetanseutvikling,Bodø,50,False,False,Økonomi og administrasjon
2021,NORD,204164,Økonomi og ledelse,Bodø,50,False,False,Økonomi og administrasjon
2021,NORD,204209,"Økonomi, markedsføring og ledelse",Stjørdal,100,False,False,Økonomi og administrasjon
2021,NORD,204218,"Økonomi, markedsføring og ledelse",Bodø,100,False,False,Økonomi og administrasjon
2021,NORD,204342,Økonomi og ledelse,Bodø,60,False,False,Økonomi og administrasjon
2021,NORD,204345,Siviløkonom,Bodø,30,False,False,Økonomi og administrasjon
2021,NORD,204368,Eiendomsmegling og markedsanalyser,Bodø,30,False,False,Økonomi og administrasjon
2021,NORD,204398,Økonomi og digitalisering,Mo i Rana,30,False,False,Økonomi og administrasjon
2021,NORD,204404,Økonomi og ledelse,Steinkjer,50,False,False,Økonomi og administrasjon
2021,NORD,204453,"Økonomi, digitalisering og forretningsutvikling",Mo i Rana,40,False,False,Økonomi og administrasjon
2021,NORD,204473,Internasjonal markedsføring,Bodø,40,False,False,Økonomi og administrasjon
2021,NORD,204527,Luftfartsledelse,Bodø,100,False,False,Økonomi og administrasjon
2021,NORD,204583,Personalledelse og kompetanseutvikling,Levanger,30,False,False,Økonomi og administrasjon
2021,NORD,204625,Økonomi og ledelse,Steinkjer,40,False,False,Økonomi og administrasjon
2021,NORD,204664,Personalledelse og kompetanseutvikling,Mo i Rana,30,False,False,Økonomi og administrasjon
2021,NTNU,194035,Økonomi og administrasjon,Trondheim,310,False,False,Økonomi og administrasjon
2021,NTNU,194160,Økonomi og administrasjon,Gjøvik,30,False,False,Økonomi og administrasjon
2021,NTNU,194162,Økonomi og ledelse,Ålesund,30,False,False,Økonomi og administrasjon
2021,NTNU,194218,Økonomi og administrasjon,Trondheim,40,False,False,Økonomi og administrasjon
2021,NTNU,194239,Samfunnsøkonomi,Trondheim,50,False,False,Økonomi og administrasjon
2021,NTNU,194298,Biomarin innovasjon,Ålesund,40,False,False,Økonomi og administrasjon
2021,NTNU,194359,"Markedsføring, innovasjon og ledelse",Ålesund,70,False,False,Økonomi og administrasjon
2021,NTNU,194369,Økonomi og administrasjon,Gjøvik,55,False,False,Økonomi og administrasjon
2021,NTNU,194404,Økonomi og administrasjon,Gjøvik,55,False,False,Økonomi og administrasjon
2021,NTNU,194414,Økonomi og administrasjon,Ålesund,70,False,False,Økonomi og administrasjon
2021,NTNU,194432,Logistikkledelse,Gjøvik,30,False,False,Økonomi og administrasjon
2021,NTNU,194470,Shipping management,Ålesund,55,False,False,Økonomi og administrasjon
2021,NTNU,194767,Industriell økonomi og teknologiledelse,Trondheim,180,False,False,"Teknologi, ingeniørfag og arkitektur"
2021,NTNU,194818,Samfunnsøkonomi,Trondheim,25,False,False,Økonomi og administrasjon
2021,NTNU,194898,Samfunnsøkonomi,Trondheim,100,False,False,Økonomi og administrasjon
2021,OSLOMET,215138,Administrasjon og ledelse i offentlig virksomhet,Oslo,101,False,False,Økonomi og administrasjon
2021,OSLOMET,215162,Økonomi og ledelse,Oslo,20,False,False,Økonomi og administrasjon
2021,OSLOMET,215253,Økonomi og ledelse,Oslo,20,False,False,Økonomi og administrasjon
2021,OSLOMET,215369,Økonomi og administrasjon ,Oslo,245,False,False,Økonomi og administrasjon
2021,UIA,201345,Økonomi og administrasjon - siviløkonom,Kristiansand,100,False,False,Økonomi og administrasjon
2021,UIA,201359,Markedsføring og ledelse,Kristiansand,110,False,False,Økonomi og administrasjon
2021,UIA,201369,Økonomi og administrasjon,Kristiansand,150,False,False,Økonomi og administrasjon
2021,UIA,201767,Industriell økonomi og teknologiledelse,Grimstad,30,False,False,"Teknologi, ingeniørfag og arkitektur"
2021,UIB,184162,Administrasjon og organisasjonsvitenskap,Bergen,25,False,False,"Samfunnsfag, psykologi"
2021,UIB,184239,Samfunnsøkonomi,Bergen,40,False,False,Økonomi og administrasjon
2021,UIB,184306,Informatikk-matematikk-økonomi,Bergen,30,False,False,Matematikk og naturfag
2021,UIB,184369,Samfunnsøkonomi,Bergen,108,False,False,Økonomi og administrasjon
2021,UIB,184698,Samfunnsøkonomi,Bergen,22,False,False,Økonomi og administrasjon
2021,UIB,184803,Informasjonsteknologi og økonomi,Bergen,25,True,False,"Teknologi, ingeniørfag og arkitektur"
2021,UIB,184867,Administrasjon og organisasjonsvitenskap,Bergen,96,False,False,"Samfunnsfag, psykologi"
2021,UIO,185239,Samfunnsøkonomi,Oslo,50,False,False,Økonomi og administrasjon
2021,UIO,185370,Informatikk: digital økonomi og ledelse,Oslo,65,False,False,Informasjonsteknologi og informatikk
2021,UIO,185452,Offentlig administrasjon og ledelse,Oslo,55,False,False,Økonomi og administrasjon
2021,UIO,185465,Helseledelse og helseøkonomi,Oslo,54,False,False,Økonomi og administrasjon
2021,UIO,185588,"Filosofi, politikk og økonomi",Oslo,25,False,False,"Historie, religion, idéfag"
2021,UIO,185698,Samfunnsøkonomisk analyse,Oslo,52,False,False,Økonomi og administrasjon
2021,UIO,185862,Matematikk og økonomi,Oslo,40,False,False,Matematikk og naturfag
2021,UIO,185898,Samfunnsøkonomi,Oslo,100,False,False,Økonomi og administrasjon
2021,UIS,217369,Økonomi og administrasjon,Stavanger,228,False,False,Økonomi og administrasjon
2021,UIS,217813,"Industriell økonomi, alle linjer",Stavanger,45,False,False,"Teknologi, ingeniørfag og arkitektur"
2021,UIT,186035,Økonomi og administrasjon,Harstad,110,False,False,Økonomi og administrasjon
2021,UIT,186162,Praktisk prosjektledelse,Harstad,100,False,False,Økonomi og administrasjon
2021,UIT,186164,Bedriftsøkonomi,Alta,400,False,False,Økonomi og administrasjon
2021,UIT,186369,Økonomi og administrasjon,Tromsø,140,False,False,Økonomi og administrasjon
2021,UIT,186410,Økonomi og administrasjon,Narvik,60,False,False,Økonomi og administrasjon
2021,UIT,186468,Økonomi og administrasjon,Alta,300,False,False,Økonomi og administrasjon
2021,UIT,186470,"Ledelse, innovasjon og marked",Harstad,50,False,False,Økonomi og administrasjon
2021,UIT,186664,Ledelse,Alta,800,False,False,Økonomi og administrasjon
2021,UIT,186867,"Ledelse, innovasjon og marked",Tromsø,120,False,False,Økonomi og administrasjon
2021,UIT,186898,Samfunnsøkonomi med datavitenskap,Tromsø,60,False,False,Økonomi og administrasjon
2021,USN,222330,Økonomi og ledelse,Drammen,100,False,False,Økonomi og administrasjon
2021,USN,222345,Siviløkonom,Ringerike,40,False,False,Økonomi og administrasjon
2021,USN,222359,Markedsføringsledelse,Ringerike,60,False,False,Økonomi og administrasjon
2021,USN,222368,Eiendomsmegling,Bø,70,False,False,Økonomi og administrasjon
2021,USN,222369,Økonomi og ledelse,Vestfold,90,False,False,Økonomi og administrasjon
2021,USN,222404,Økonomi og ledelse,Kongsberg,95,False,False,Økonomi og administrasjon
2021,USN,222414,Økonomi og ledelse,Ringerike,60,False,False,Økonomi og administrasjon
2021,USN,222470,Økonomi og ledelse,Bø,80,False,False,Økonomi og administrasjon
2021,USN,222473,Internasjonal markedsføring og reiseliv,Bø,50,False,False,Økonomi og administrasjon
2021,USN,222867,Forretningsjus og økonomi,Ringerike,60,False,False,"Juridiske fag, rettsvitenskap, politi"
2021,USN,222895,Innovasjon og entreprenørskap,Bø,50,False,False,Økonomi og administrasjon
2021,VID,251162,Verdibasert ledelse og administrasjon ,Stavanger,40,True,False,"Historie, religion, idéfag"
2022,HIM,211164,Bedriftsøkonomi,Molde,30,False,False,Økonomi og administrasjon
2022,HIM,211218,Juss og økonomi,Kristiansund,30,False,False,Økonomi og administrasjon
2022,HIM,211232,Organisasjon og personalledelse,Molde,30,False,False,Økonomi og administrasjon
2022,HIM,211292,Logistikk og Supply Chain Management,Molde,30,False,False,Økonomi og administrasjon
2022,HIM,211369,Økonomi og administrasjon,Molde,60,False,False,Økonomi og administrasjon
2022,HIM,211389,Bærekraftig logistikk og sirkulær økonomi,Kristiansund,30,False,False,Økonomi og administrasjon
2022,HIM,211432,Marin logistikk og økonomi,Kristiansund,30,False,False,Økonomi og administrasjon
2022,HIM,211841,"Politikk, juss og administrasjon",Molde,30,False,False,"Samfunnsfag, psykologi"
2022,HIM,211866,Petroleumslogistikk og økonomi,Kristiansund,30,False,False,Økonomi og administrasjon
2022,HIØ,224035,Økonomi og administrasjon,Halden,80,False,False,Økonomi og administrasjon
2022,HIØ,224398,Bedriftsøkonomi,Halden,40,False,False,Økonomi og administrasjon
2022,HIØ,224516,Regnskap,Halden,45,False,False,Økonomi og administrasjon
2022,HVL,203218,Digital økonomi og ledelse,Bergen,30,True,True,Økonomi og administrasjon
2022,HVL,203368,Eiendomsmegling,Sogndal,40,False,False,Økonomi og administrasjon
2022,HVL,203369,Økonomi og administrasjon,Bergen,145,False,False,Økonomi og administrasjon
2022,HVL,203404,Økonomi og administrasjon,Haugesund,92,False,False,Økonomi og administrasjon
2022,HVL,203414,Økonomi og administrasjon,Haugesund,10,False,False,Økonomi og administrasjon
2022,HVL,203515,Økonomi og administrasjon,Sogndal,50,False,False,Økonomi og administrasjon
2022,HVL,203526,Økonomi og jus,Sogndal,30,False,False,"Juridiske fag, rettsvitenskap, politi"
2022,HVO,223452,Planlegging og administrasjon,Volda,15,False,False,Økonomi og administrasjon
2022,INN,209035,Økonomi og administrasjon,Lillehammer,80,False,False,Økonomi og administrasjon
2022,INN,209162,Organisasjon og ledelse,Rena,30,False,False,Økonomi og administrasjon
2022,INN,209164,Bedriftsøkonomi,Rena,20,False,False,Økonomi og administrasjon
2022,INN,209207,Bedriftsøkonomi,Rena,50,True,False,Økonomi og administrasjon
2022,INN,209215,"Offentlig styring, ledelse og økonomi",Kongsvinger,80,False,False,Økonomi og administrasjon
2022,INN,209232,Økonomi og administrasjon,Lillehammer,20,False,False,Økonomi og administrasjon
2022,INN,209368,Eiendomsmegling,Rena,40,False,False,Økonomi og administrasjon
2022,INN,209369,Økonomi og administrasjon,Rena,40,False,False,Økonomi og administrasjon
2022,INN,209389,Bærekraftsøkonomi,Kongsvinger,20,False,False,Økonomi og administrasjon
2022,INN,209398,Bedriftsøkonomi,Hamar,150,False,False,Økonomi og administrasjon
2022,INN,209404,Regnskap og økonomirådgivning,Rena,50,True,False,Økonomi og administrasjon
2022,INN,209470,Serviceledelse og markedsføring,Rena,25,False,False,Økonomi og administrasjon
2022,INN,209476,Music Business - Management,Rena,20,False,False,Økonomi og administrasjon
2022,INN,209485,Sport Management,Lillehammer,30,False,False,Økonomi og administrasjon
2022,INN,209515,Økonomi og administrasjon,Rena,100,True,False,Økonomi og administrasjon
2022,INN,209516,Regnskap og økonomirådgivning,Rena,40,False,False,Økonomi og administrasjon
2022,INN,209525,Organisasjon og ledelse,Lillehammer,70,False,False,Økonomi og administrasjon
2022,INN,209583,Organisasjon og ledelse,Rena,200,True,False,Økonomi og administrasjon
2022,INN,209664,Organisasjon og ledelse,Rena,150,False,False,Økonomi og administrasjon
2022,INN,209714,Music Business - Production,Rena,30,False,False,Økonomi og administrasjon
2022,INN,209867,Ledelse og digitalisering,Rena,45,False,False,Økonomi og administrasjon
2022,NHH,191345,Siviløkonomutdanningen,Bergen,500,False,False,Økonomi og administrasjon
2022,NLA,254035,Økonomi og administrasjon,Kristiansand,30,False,False,Økonomi og administrasjon
2022,NLA,254470,Økonomi og administrasjon,Oslo,50,False,False,Økonomi og administrasjon
2022,NLA,254525,Innovasjon og ledelse,Kristiansand,30,False,False,Økonomi og administrasjon
2022,NLA,254895,Innovasjon og ledelse,Oslo,50,False,False,Økonomi og administrasjon
2022,NMBU,192199,Ettårig grunnstudium,Ås,40,False,False,"Samfunnsfag, psykologi"
2022,NMBU,192230,Eiendom,Ås,38,False,False,"Samfunnsfag, psykologi"
2022,NMBU,192233,Frie realfag,Ås,30,False,False,Matematikk og naturfag
2022,NMBU,192298,Akvakultur,Ås,25,False,False,Matematikk og naturfag
2022,NMBU,192299,Bioteknologi,Ås,40,False,False,Matematikk og naturfag
2022,NMBU,192310,Landskapsingeniør,Ås,25,False,False,"Samfunnsfag, psykologi"
2022,NMBU,192321,Husdyrvitenskap,Ås,30,False,False,"Fiskeri-, husdyr- og landbruksfag"
2022,NMBU,192322,Skogfag,Ås,25,False,False,Matematikk og naturfag
2022,NMBU,192327,Biologi,Ås,50,False,False,Matematikk og naturfag
2022,NMBU,192332,Kjemi,Ås,20,False,False,Matematikk og naturfag
2022,NMBU,192369,Økonomi og administrasjon,Ås,60,False,False,Økonomi og administrasjon
2022,NMBU,192377,Miljø og naturressurser,Ås,20,False,False,Matematikk og naturfag
2022,NMBU,192388,Økologi og naturforvaltning,Ås,30,False,False,Matematikk og naturfag
2022,NMBU,192406,"Geomatikk: kart, satellitter og 3D-modellering",Ås,25,False,False,"Teknologi, ingeniørfag og arkitektur"
2022,NMBU,192468,Samfunnsøkonomi,Ås,25,False,False,Økonomi og administrasjon
2022,NMBU,192484,Internasjonale miljø- og utviklingsstudier,Ås,20,False,False,"Samfunnsfag, psykologi"
2022,NMBU,192504,Dyrepleie,Ås,30,False,False,"Medisin, odontologi, helse- og sosialfag"
2022,NMBU,192591,"Økonomi, ledelse og IT",Ås,55,True,False,Økonomi og administrasjon
2022,NMBU,192732,Landskapsarkitektur,Ås,40,False,False,"Samfunnsfag, psykologi"
2022,NMBU,192759,Byggeteknikk og arkitektur,Ås,35,False,False,"Teknologi, ingeniørfag og arkitektur"
2022,NMBU,192766,"Maskin-, prosess- og produktutvikling",Ås,20,False,False,"Teknologi, ingeniørfag og arkitektur"
2022,NMBU,192767,Industriell økonomi,Ås,40,False,False,"Teknologi, ingeniørfag og arkitektur"
2022,NMBU,192772,Veterinærstudiet,Ås,90,False,False,"Medisin, odontologi, helse- og sosialfag"
2022,NMBU,192783,Kjemi og bioteknologi,Ås,25,False,False,"Teknologi, ingeniørfag og arkitektur"
2022,NMBU,192784,Miljøfysikk og fornybar energi,Ås,25,False,False,"Teknologi, ingeniørfag og arkitektur"
2022,NMBU,192804,Datavitenskap,Ås,20,False,False,"Teknologi, ingeniørfag og arkitektur"
2022,NMBU,192809,Vann- og miljøteknikk,Ås,30,False,False,"Teknologi, ingeniørfag og arkitektur"
2022,NMBU,192810,Anvendt robotikk,Ås,25,False,False,"Teknologi, ingeniørfag og arkitektur"
2022,NMBU,192813,"Geomatikk: kart, satellitter og 3D-modellering",Ås,15,False,False,"Teknologi, ingeniørfag og arkitektur"
2022,NMBU,192835,Fornybar energi,Ås,35,False,False,"Samfunnsfag, psykologi"
2022,NMBU,192842,Plantevitenskap,Ås,30,False,False,"Fiskeri-, husdyr- og landbruksfag"
2022,NMBU,192843,"Lektor, 8.-13. trinn, realfag",Ås,30,False,False,Lærer- og lektorutdanning
2022,NMBU,192857,Energi- og miljøfysikk,Ås,20,False,False,Matematikk og naturfag
2022,NMBU,192948,Matvitenskap og ernæring,Ås,20,False,False,Matematikk og naturfag
2022,NMBU,192949,By- og regionplanlegging,Ås,45,False,False,"Samfunnsfag, psykologi"
2022,NORD,204162,Personalledelse og kompetanseutvikling,Bodø,50,False,False,Økonomi og administrasjon
2022,NORD,204164,Økonomi og ledelse,Bodø,40,False,False,Økonomi og administrasjon
2022,NORD,204209,"Økonomi, markedsføring og ledelse",Stjørdal,100,False,False,Økonomi og administrasjon
2022,NORD,204218,"Økonomi, markedsføring og ledelse",Bodø,100,False,False,Økonomi og administrasjon
2022,NORD,204232,Personalledelse og kompetanseutvikling,Vesterålen,25,False,False,Økonomi og administrasjon
2022,NORD,204342,Økonomi og ledelse,Bodø,70,False,False,Økonomi og administrasjon
2022,NORD,204345,Siviløkonom,Bodø,20,False,False,Økonomi og administrasjon
2022,NORD,204368,Eiendomsmegling og markedsanalyser,Bodø,30,False,False,Økonomi og administrasjon
2022,NORD,204398,Økonomi og digitalisering,Mo i Rana,30,False,False,Økonomi og administrasjon
2022,NORD,204404,Økonomi og ledelse,Steinkjer,50,False,False,Økonomi og administrasjon
2022,NORD,204453,"Økonomi, digitalisering og forretningsutvikling",Mo i Rana,30,False,False,Økonomi og administrasjon
2022,NORD,204473,Internasjonal markedsføring,Bodø,40,False,False,Økonomi og administrasjon
2022,NORD,204527,Luftfartsledelse,Bodø,100,False,False,Økonomi og administrasjon
2022,NORD,204583,Personalledelse og kompetanseutvikling,Levanger,30,False,False,Økonomi og administrasjon
2022,NORD,204625,Økonomi og ledelse,Steinkjer,30,False,False,Økonomi og administrasjon
2022,NORD,204738,Sirkulær Bioøkonomi,Steinkjer,30,True,False,Økonomi og administrasjon
2022,NTNU,194035,Økonomi og administrasjon,Trondheim,205,False,False,Økonomi og administrasjon
2022,NTNU,194160,Økonomi og administrasjon,Gjøvik,30,False,False,Økonomi og administrasjon
2022,NTNU,194162,Økonomi og ledelse,Ålesund,30,False,False,Økonomi og administrasjon
2022,NTNU,194218,Økonomi og administrasjon,Trondheim,40,False,False,Økonomi og administrasjon
2022,NTNU,194239,Samfunnsøkonomi,Trondheim,50,False,False,Økonomi og administrasjon
2022,NTNU,194345,Økonomi og administrasjon,Trondheim,105,True,False,Økonomi og administrasjon
2022,NTNU,194359,"Markedsføring, innovasjon og ledelse",Ålesund,70,False,False,Økonomi og administrasjon
2022,NTNU,194369,Økonomi og administrasjon,Gjøvik,55,False,False,Økonomi og administrasjon
2022,NTNU,194404,Økonomi og administrasjon,Gjøvik,55,False,False,Økonomi og administrasjon
2022,NTNU,194414,Økonomi og administrasjon,Ålesund,70,False,False,Økonomi og administrasjon
2022,NTNU,194432,Logistikkledelse,Gjøvik,30,False,False,Økonomi og administrasjon
2022,NTNU,194470,Shipping management,Ålesund,55,False,False,Økonomi og administrasjon
2022,NTNU,194767,Industriell økonomi og teknologiledelse,Trondheim,180,False,False,"Teknologi, ingeniørfag og arkitektur"
2022,NTNU,194818,Samfunnsøkonomi,Trondheim,25,False,False,Økonomi og administrasjon
2022,NTNU,194898,Samfunnsøkonomi,Trondheim,100,False,False,Økonomi og administrasjon
2022,OSLOMET,215138,Administrasjon og ledelse i offentlig virksomhet,Oslo,101,False,False,Økonomi og administrasjon
2022,OSLOMET,215162,Økonomi og ledelse,Oslo,20,False,False,Økonomi og administrasjon
2022,OSLOMET,215253,Økonomi og ledelse,Oslo,20,False,False,Økonomi og administrasjon
2022,OSLOMET,215369,Økonomi og administrasjon ,Oslo,245,False,False,Økonomi og administrasjon
2022,UIA,201345,Økonomi og administrasjon - siviløkonom,Kristiansand,100,False,False,Økonomi og administrasjon
2022,UIA,201359,Markedsføring og ledelse,Kristiansand,110,False,False,Økonomi og administrasjon
2022,UIA,201369,Økonomi og administrasjon,Kristiansand,150,False,False,Økonomi og administrasjon
2022,UIA,201767,Industriell økonomi og teknologiledelse,Grimstad,30,False,False,"Teknologi, ingeniørfag og arkitektur"
2022,UIB,184162,Administrasjon og organisasjonsvitenskap,Bergen,25,False,False,"Samfunnsfag, psykologi"
2022,UIB,184239,Samfunnsøkonomi,Bergen,50,False,False,Økonomi og administrasjon
2022,UIB,184306,Informatikk-matematikk-økonomi,Bergen,30,False,False,Matematikk og naturfag
2022,UIB,184369,Samfunnsøkonomi,Bergen,113,False,False,Økonomi og administrasjon
2022,UIB,184698,Samfunnsøkonomi,Bergen,22,False,False,Økonomi og administrasjon
2022,UIB,184803,Informasjonsteknologi og økonomi,Bergen,25,False,False,"Teknologi, ingeniørfag og arkitektur"
2022,UIB,184867,Administrasjon og organisasjonsvitenskap,Bergen,96,False,False,"Samfunnsfag, psykologi"
2022,UIO,185239,Samfunnsøkonomi,Oslo,50,False,False,Økonomi og administrasjon
2022,UIO,185370,Informatikk: digital økonomi og ledelse,Oslo,65,False,False,Informasjonsteknologi og informatikk
2022,UIO,185452,Offentlig administrasjon og ledelse,Oslo,55,False,False,Økonomi og administrasjon
2022,UIO,185465,Helseledelse og helseøkonomi,Oslo,54,False,False,Økonomi og administrasjon
2022,UIO,185588,"Filosofi, politikk og økonomi",Oslo,25,False,False,"Historie, religion, idéfag"
2022,UIO,185698,Samfunnsøkonomisk analyse,Oslo,52,False,False,Økonomi og administrasjon
2022,UIO,185862,Matematikk og økonomi,Oslo,30,False,False,Matematikk og naturfag
2022,UIO,185898,Samfunnsøkonomi,Oslo,95,False,False,Økonomi og administrasjon
2022,UIS,217369,Økonomi og administrasjon,Stavanger,211,False,False,Økonomi og administrasjon
2022,UIS,217813,"Industriell økonomi, alle linjer",Stavanger,38,False,False,"Teknologi, ingeniørfag og arkitektur"
2022,UIT,186035,Økonomi og administrasjon,Harstad,110,False,False,Økonomi og administrasjon
2022,UIT,186162,Praktisk prosjektledelse,Harstad,80,False,False,Økonomi og administrasjon
2022,UIT,186164,Bedriftsøkonomi,Alta,400,False,False,Økonomi og administrasjon
2022,UIT,186369,Økonomi og administrasjon,Tromsø,130,False,False,Økonomi og administrasjon
2022,UIT,186410,Økonomi og administrasjon,Narvik,60,False,False,Økonomi og administrasjon
2022,UIT,186468,Økonomi og administrasjon,Alta,300,False,False,Økonomi og administrasjon
2022,UIT,186470,"Ledelse, innovasjon og marked",Harstad,50,False,False,Økonomi og administrasjon
2022,UIT,186664,Ledelse,Alta,800,False,False,Økonomi og administrasjon
2022,UIT,186867,"Ledelse, innovasjon og marked",Tromsø,90,False,False,Økonomi og administrasjon
2022,UIT,186898,Samfunnsøkonomi med datavitenskap,Tromsø,60,False,False,Økonomi og administrasjon
2022,USN,222330,Økonomi og ledelse,Drammen,90,False,False,Økonomi og administrasjon
2022,USN,222345,Siviløkonom,Ringerike,40,False,False,Økonomi og administrasjon
2022,USN,222359,Markedsføringsledelse,Ringerike,60,False,False,Økonomi og administrasjon
2022,USN,222368,Eiendomsmegling,Bø,70,False,False,Økonomi og administrasjon
2022,USN,222369,Økonomi og ledelse,Vestfold,90,False,False,Økonomi og administrasjon
2022,USN,222404,Økonomi og ledelse,Kongsberg,95,False,False,Økonomi og administrasjon
2022,USN,222414,Økonomi og ledelse,Ringerike,60,False,False,Økonomi og administrasjon
2022,USN,222470,Økonomi og ledelse,Bø,80,False,False,Økonomi og administrasjon
2022,USN,222473,Internasjonal markedsføring og reiseliv,Bø,50,False,False,Økonomi og administrasjon
2022,USN,222867,Forretningsjus og økonomi,Ringerike,60,False,False,"Juridiske fag, rettsvitenskap, politi"
2022,USN,222895,Innovasjon og entreprenørskap,Bø,50,False,False,Økonomi og administrasjon
2022,VID,251162,Verdibasert ledelse og administrasjon ,Stavanger,30,False,False,"Historie, religion, idéfag"
2023,HIM,211164,Bedriftsøkonomi,Molde,30,False,False,Økonomi og administrasjon
2023,HIM,211188,Velferdsteknologi og digitalisering ,Kristiansund,40,True,False,Økonomi og administrasjon
2023,HIM,211218,Juss og økonomi,Kristiansund,30,False,False,Økonomi og administrasjon
2023,HIM,211232,Organisasjon og personalledelse,Molde,30,False,False,Økonomi og administrasjon
2023,HIM,211292,Logistikk og Supply Chain Management,Molde,30,False,False,Økonomi og administrasjon
2023,HIM,211369,Økonomi og administrasjon,Molde,60,False,False,Økonomi og administrasjon
2023,HIM,211389,Bærekraftig logistikk og sirkulær økonomi,Kristiansund,30,False,False,Økonomi og administrasjon
2023,HIM,211432,Marin logistikk og økonomi,Kristiansund,30,False,False,Økonomi og administrasjon
2023,HIM,211627,Logistikk,Molde,400,True,False,Økonomi og administrasjon
2023,HIM,211841,"Politikk, juss og administrasjon",Molde,30,False,False,"Samfunnsfag, psykologi"
2023,HIM,211866,Petroleumslogistikk og økonomi,Kristiansund,30,False,False,Økonomi og administrasjon
2023,HIØ,224035,Økonomi og administrasjon,Halden,75,False,False,Økonomi og administrasjon
2023,HIØ,224398,Bedriftsøkonomi,Halden,25,False,False,Økonomi og administrasjon
2023,HIØ,224516,Regnskap,Halden,50,False,False,Økonomi og administrasjon
2023,HVL,203162,Administrasjon og ledelse,Haugesund,30,True,False,Økonomi og administrasjon
2023,HVL,203218,Digital økonomi og ledelse,Bergen,30,False,False,Økonomi og administrasjon
2023,HVL,203368,Eiendomsmegling,Sogndal,40,False,False,Økonomi og administrasjon
2023,HVL,203369,Økonomi og administrasjon,Bergen,124,False,False,Økonomi og administrasjon
2023,HVL,203404,Økonomi og administrasjon,Haugesund,80,False,False,Økonomi og administrasjon
2023,HVL,203414,Økonomi og administrasjon,Haugesund,20,False,False,Økonomi og administrasjon
2023,HVL,203515,Økonomi og administrasjon,Sogndal,50,False,False,Økonomi og administrasjon
2023,HVL,203526,Økonomi og jus,Sogndal,30,False,False,"Juridiske fag, rettsvitenskap, politi"
2023,HVO,223452,Planlegging og administrasjon,Volda,30,False,False,Økonomi og administrasjon
2023,INN,209035,Økonomi og administrasjon,Lillehammer,85,False,False,Økonomi og administrasjon
2023,INN,209162,Organisasjon og ledelse,Rena,30,False,False,Økonomi og administrasjon
2023,INN,209164,Bedriftsøkonomi,Rena,20,False,False,Økonomi og administrasjon
2023,INN,209207,Bedriftsøkonomi,Rena,65,False,False,Økonomi og administrasjon
2023,INN,209215,"Offentlig styring, ledelse og økonomi",Rena,80,False,False,Økonomi og administrasjon
2023,INN,209232,Økonomi og administrasjon,Lillehammer,20,False,False,Økonomi og administrasjon
2023,INN,209368,Eiendomsmegling,Rena,50,False,False,Økonomi og administrasjon
2023,INN,209369,Økonomi og administrasjon,Rena,40,False,False,Økonomi og administrasjon
2023,INN,209389,Bærekraftsøkonomi,Kongsvinger,35,False,False,Økonomi og administrasjon
2023,INN,209398,Bedriftsøkonomi,Hamar,90,False,False,Økonomi og administrasjon
2023,INN,209404,Regnskap og økonomirådgivning,Rena,85,False,False,Økonomi og administrasjon
2023,INN,209470,Serviceledelse og markedsføring,Rena,20,False,False,Økonomi og administrasjon
2023,INN,209485,Sport Management,Lillehammer,30,False,False,Økonomi og administrasjon
2023,INN,209515,Økonomi og administrasjon,Rena,110,False,False,Økonomi og administrasjon
2023,INN,209516,Regnskap og økonomirådgivning,Rena,40,False,False,Økonomi og administrasjon
2023,INN,209525,Organisasjon og ledelse,Lillehammer,80,False,False,Økonomi og administrasjon
2023,INN,209583,Organisasjon og ledelse,Rena,220,False,False,Økonomi og administrasjon
2023,INN,209664,Organisasjon og ledelse,Rena,120,False,False,Økonomi og administrasjon
2023,INN,209867,Ledelse og digitalisering,Rena,50,False,False,Økonomi og administrasjon
2023,NHH,191345,Siviløkonomutdanningen,Bergen,500,False,False,Økonomi og administrasjon
2023,NLA,254035,Økonomi og administrasjon,Kristiansand,38,False,False,Økonomi og administrasjon
2023,NLA,254470,Økonomi og administrasjon,Oslo,76,False,False,Økonomi og administrasjon
2023,NLA,254525,"Innovasjon, markedsføring og ledelse",Kristiansand,38,False,False,Økonomi og administrasjon
2023,NLA,254895,"Innovasjon, markedsføring og ledelse",Oslo,76,False,False,Økonomi og administrasjon
2023,NMBU,192199,Ettårig grunnstudium,Ås,50,False,False,"Samfunnsfag, psykologi"
2023,NMBU,192230,Eiendom,Ås,38,False,False,"Samfunnsfag, psykologi"
2023,NMBU,192233,Frie realfag,Ås,30,False,False,Matematikk og naturfag
2023,NMBU,192253,Bærekraftig økonomi og ledelse,Ås,200,True,False,Økonomi og administrasjon
2023,NMBU,192298,Akvakultur,Ås,30,False,False,Matematikk og naturfag
2023,NMBU,192299,Bioteknologi,Ås,40,False,False,Matematikk og naturfag
2023,NMBU,192310,Landskapsingeniør,Ås,25,False,False,"Samfunnsfag, psykologi"
2023,NMBU,192321,Husdyrvitenskap,Ås,35,False,False,"Fiskeri-, husdyr- og landbruksfag"
2023,NMBU,192322,Skogfag,Ås,35,False,False,Matematikk og naturfag
2023,NMBU,192327,Biologi,Ås,50,False,False,Matematikk og naturfag
2023,NMBU,192332,Kjemi,Ås,20,False,False,Matematikk og naturfag
2023,NMBU,192369,Økonomi og administrasjon,Ås,75,False,False,Økonomi og administrasjon
2023,NMBU,192377,Miljøvitenskap,Ås,40,False,False,Matematikk og naturfag
2023,NMBU,192388,Økologi og naturforvaltning,Ås,30,False,False,Matematikk og naturfag
2023,NMBU,192406,"Geomatikk: kart, satellitter og 3D-modellering",Ås,25,False,False,"Teknologi, ingeniørfag og arkitektur"
2023,NMBU,192468,Samfunnsøkonomi,Ås,35,False,False,Økonomi og administrasjon
2023,NMBU,192484,Internasjonale miljø- og utviklingsstudier,Ås,22,False,False,"Samfunnsfag, psykologi"
2023,NMBU,192504,Dyrepleie,Ås,30,False,False,"Medisin, odontologi, helse- og sosialfag"
2023,NMBU,192591,"Økonomi, ledelse og IT",Ås,55,False,False,Økonomi og administrasjon
2023,NMBU,192732,Landskapsarkitektur,Ås,40,False,False,"Samfunnsfag, psykologi"
2023,NMBU,192759,Byggeteknikk og arkitektur,Ås,35,False,False,"Teknologi, ingeniørfag og arkitektur"
2023,NMBU,192766,"Maskin-, prosess- og produktutvikling",Ås,20,False,False,"Teknologi, ingeniørfag og arkitektur"
2023,NMBU,192767,Industriell økonomi,Ås,40,False,False,"Teknologi, ingeniørfag og arkitektur"
2023,NMBU,192772,Veterinærstudiet,Ås,90,False,False,"Medisin, odontologi, helse- og sosialfag"
2023,NMBU,192783,Kjemi og bioteknologi,Ås,25,False,False,"Teknologi, ingeniørfag og arkitektur"
2023,NMBU,192784,Miljøfysikk og fornybar energi,Ås,25,False,False,"Teknologi, ingeniørfag og arkitektur"
2023,NMBU,192804,Datavitenskap,Ås,20,False,False,"Teknologi, ingeniørfag og arkitektur"
2023,NMBU,192809,Vann- og miljøteknikk,Ås,30,False,False,"Teknologi, ingeniørfag og arkitektur"
2023,NMBU,192810,Anvendt robotikk,Ås,25,False,False,"Teknologi, ingeniørfag og arkitektur"
2023,NMBU,192813,"Geomatikk: kart, satellitter og 3D-modellering",Ås,15,False,False,"Teknologi, ingeniørfag og arkitektur"
2023,NMBU,192835,Fornybar energi,Ås,35,False,False,"Samfunnsfag, psykologi"
2023,NMBU,192842,Plantevitenskap,Ås,25,False,False,"Fiskeri-, husdyr- og landbruksfag"
2023,NMBU,192843,"Lektor, 8.-13. trinn, realfag",Ås,30,False,False,Lærer- og lektorutdanning
2023,NMBU,192857,Energi- og miljøfysikk,Ås,20,False,False,Matematikk og naturfag
2023,NMBU,192948,Matvitenskap og ernæring,Ås,20,False,False,Matematikk og naturfag
2023,NMBU,192949,By- og regionplanlegging,Ås,45,False,False,"Samfunnsfag, psykologi"
2023,NORD,204162,Personalledelse og kompetanseutvikling,Bodø,50,False,False,Økonomi og administrasjon
2023,NORD,204164,Økonomi og ledelse,Bodø,40,False,False,Økonomi og administrasjon
2023,NORD,204209,"Økonomi, markedsføring og ledelse",Stjørdal,100,False,False,Økonomi og administrasjon
2023,NORD,204218,"Økonomi, markedsføring og ledelse",Bodø,75,False,False,Økonomi og administrasjon
2023,NORD,204342,Økonomi og ledelse,Bodø,70,False,False,Økonomi og administrasjon
2023,NORD,204345,Siviløkonom,Bodø,20,False,False,Økonomi og administrasjon
2023,NORD,204368,Eiendomsmegling og markedsanalyser,Bodø,30,False,False,Økonomi og administrasjon
2023,NORD,204398,Økonomi og digitalisering,Mo i Rana,20,False,False,Økonomi og administrasjon
2023,NORD,204404,Økonomi og ledelse,Steinkjer,50,False,False,Økonomi og administrasjon
2023,NORD,204453,"Økonomi, digitalisering og forretningsutvikling",Mo i Rana,30,False,False,Økonomi og administrasjon
2023,NORD,204473,Internasjonal markedsføring,Bodø,30,False,False,Økonomi og administrasjon
2023,NORD,204527,Luftfartsledelse,Bodø,60,False,False,Økonomi og administrasjon
2023,NORD,204583,Personalledelse og kompetanseutvikling,Levanger,30,False,False,Økonomi og administrasjon
2023,NORD,204625,Økonomi og ledelse,Steinkjer,30,False,False,Økonomi og administrasjon
2023,NORD,204664,Personalledelse og kompetanseutvikling,Mo i Rana,25,False,False,Økonomi og administrasjon
2023,NORD,204738,Sirkulær bioøkonomi,Steinkjer,30,False,False,"Fiskeri-, husdyr- og landbruksfag"
2023,NTNU,194035,Økonomi og administrasjon,Trondheim,205,False,False,Økonomi og administrasjon
2023,NTNU,194160,Økonomi og administrasjon,Gjøvik,20,False,False,Økonomi og administrasjon
2023,NTNU,194162,Økonomi og ledelse,Ålesund,30,False,False,Økonomi og administrasjon
2023,NTNU,194218,Økonomi og administrasjon,Trondheim,40,False,False,Økonomi og administrasjon
2023,NTNU,194239,Samfunnsøkonomi,Trondheim,50,False,False,Økonomi og administrasjon
2023,NTNU,194345,Økonomi og administrasjon,Trondheim,105,False,False,Økonomi og administrasjon
2023,NTNU,194359,"Markedsføring, innovasjon og ledelse",Ålesund,70,False,False,Økonomi og administrasjon
2023,NTNU,194369,Økonomi og administrasjon,Gjøvik,55,False,False,Økonomi og administrasjon
2023,NTNU,194404,Økonomi og administrasjon,Gjøvik,150,False,False,Økonomi og administrasjon
2023,NTNU,194414,Økonomi og administrasjon,Ålesund,70,False,False,Økonomi og administrasjon
2023,NTNU,194432,Logistikkledelse,Gjøvik,40,False,False,Økonomi og administrasjon
2023,NTNU,194470,Shipping management,Ålesund,55,False,False,Økonomi og administrasjon
2023,NTNU,194767,Industriell økonomi og teknologiledelse,Trondheim,160,False,False,"Teknologi, ingeniørfag og arkitektur"
2023,NTNU,194818,Samfunnsøkonomi,Trondheim,25,False,False,Økonomi og administrasjon
2023,NTNU,194898,Samfunnsøkonomi,Trondheim,100,False,False,Økonomi og administrasjon
2023,OSLOMET,215138,Administrasjon og ledelse i offentlig virksomhet,Oslo,130,False,False,Økonomi og administrasjon
2023,OSLOMET,215162,Økonomi og ledelse,Oslo,35,False,False,Økonomi og administrasjon
2023,OSLOMET,215253,Økonomi og ledelse,Oslo,30,False,False,Økonomi og administrasjon
2023,OSLOMET,215345,Økonomi og administrasjon - siviløkonom,Oslo,60,True,False,Økonomi og administrasjon
2023,OSLOMET,215369,Økonomi og administrasjon ,Oslo,240,False,False,Økonomi og administrasjon
2023,UIA,201345,Økonomi og administrasjon - siviløkonom,Kristiansand,100,False,False,Økonomi og administrasjon
2023,UIA,201359,Markedsføring og ledelse,Kristiansand,110,False,False,Økonomi og administrasjon
2023,UIA,201369,Økonomi og administrasjon,Kristiansand,150,False,False,Økonomi og administrasjon
2023,UIA,201767,Industriell økonomi og teknologiledelse,Grimstad,30,False,False,"Teknologi, ingeniørfag og arkitektur"
2023,UIB,184239,Samfunnsøkonomi,Bergen,43,False,False,Økonomi og administrasjon
2023,UIB,184306,Informatikk-matematikk-økonomi,Bergen,30,False,False,Matematikk og naturfag
2023,UIB,184369,Samfunnsøkonomi,Bergen,107,False,False,Økonomi og administrasjon
2023,UIB,184698,Samfunnsøkonomi,Bergen,22,False,False,Økonomi og administrasjon
2023,UIB,184803,Informasjonsteknologi og økonomi,Bergen,25,False,False,"Teknologi, ingeniørfag og arkitektur"
2023,UIO,185239,Samfunnsøkonomi,Oslo,40,False,False,Økonomi og administrasjon
2023,UIO,185340,Økonomi og datavitenskap,Oslo,25,True,False,Økonomi og administrasjon
2023,UIO,185370,Informatikk: digital økonomi og ledelse,Oslo,62,False,False,Informasjonsteknologi og informatikk
2023,UIO,185452,Offentlig administrasjon og ledelse,Oslo,55,False,False,Økonomi og administrasjon
2023,UIO,185465,Helseledelse og helseøkonomi,Oslo,40,False,False,Økonomi og administrasjon
2023,UIO,185588,"Filosofi, politikk og økonomi",Oslo,25,False,False,"Historie, religion, idéfag"
2023,UIO,185698,Samfunnsøkonomisk analyse,Oslo,39,False,False,Økonomi og administrasjon
2023,UIO,185862,Matematikk og økonomi,Oslo,30,False,False,Matematikk og naturfag
2023,UIO,185898,Samfunnsøkonomi,Oslo,82,False,False,Økonomi og administrasjon
2023,UIS,217369,Økonomi og administrasjon,Stavanger,191,False,False,Økonomi og administrasjon
2023,UIS,217813,"Industriell økonomi, alle linjer",Stavanger,42,False,False,"Teknologi, ingeniørfag og arkitektur"
2023,UIT,186035,Økonomi og administrasjon,Harstad,110,False,False,Økonomi og administrasjon
2023,UIT,186162,Praktisk prosjektledelse,Harstad,80,False,False,Økonomi og administrasjon
2023,UIT,186164,Bedriftsøkonomi,Alta,400,False,False,Økonomi og administrasjon
2023,UIT,186369,Økonomi og administrasjon,Tromsø,130,False,False,Økonomi og administrasjon
2023,UIT,186410,Økonomi og administrasjon,Narvik,60,False,False,Økonomi og administrasjon
2023,UIT,186468,Økonomi og administrasjon,Alta,300,False,False,Økonomi og administrasjon
2023,UIT,186470,"Ledelse, innovasjon og marked",Harstad,50,False,False,Økonomi og administrasjon
2023,UIT,186664,Ledelse,Alta,800,False,False,Økonomi og administrasjon
2023,UIT,186867,"Ledelse, innovasjon og marked",Tromsø,90,False,False,Økonomi og administrasjon
2023,UIT,186898,Samfunnsøkonomi med datavitenskap,Tromsø,60,False,False,Økonomi og administrasjon
2023,USN,222330,Økonomi og ledelse,Drammen,90,False,False,Økonomi og administrasjon
2023,USN,222345,Siviløkonom,Ringerike,40,False,False,Økonomi og administrasjon
2023,USN,222359,Markedsføringsledelse,Ringerike,60,False,False,Økonomi og administrasjon
2023,USN,222368,Eiendomsmegling,Bø,70,False,False,Økonomi og administrasjon
2023,USN,222369,Økonomi og ledelse,Vestfold,90,False,False,Økonomi og administrasjon
2023,USN,222404,Økonomi og ledelse,Kongsberg,100,False,False,Økonomi og administrasjon
2023,USN,222414,Økonomi og ledelse,Ringerike,60,False,False,Økonomi og administrasjon
2023,USN,222470,Økonomi og ledelse,Bø,80,False,False,Økonomi og administrasjon
2023,USN,222473,Internasjonal markedsføring og reiseliv,Bø,50,False,False,Økonomi og administrasjon
2023,USN,222867,Forretningsjus og økonomi,Ringerike,60,False,False,"Juridiske fag, rettsvitenskap, politi"
2023,USN,222895,Innovasjon og entreprenørskap,Bø,50,False,False,Økonomi og administrasjon
2023,VID,251162,Verdibasert ledelse og administrasjon ,Stavanger,40,False,False,"Historie, religion, idéfag"
2024,HIM,211164,Bedriftsøkonomi,Molde,30,False,False,Økonomi og administrasjon
2024,HIM,211218,Juss og økonomi,Kristiansund,30,False,False,Økonomi og administrasjon
2024,HIM,211232,Organisasjon og personalledelse,Molde,30,False,False,Økonomi og administrasjon
2024,HIM,211292,Logistikk og Supply Chain Management,Molde,30,False,False,Økonomi og administrasjon
2024,HIM,211369,Økonomi og administrasjon,Molde,60,False,False,Økonomi og administrasjon
2024,HIM,211389,Bærekraftig logistikk og sirkulær økonomi,Kristiansund,30,False,False,Økonomi og administrasjon
2024,HIM,211432,Marin logistikk og økonomi,Kristiansund,30,False,False,Økonomi og administrasjon
2024,HIM,211627,Logistikk,Molde,400,False,False,Økonomi og administrasjon
2024,HIM,211841,"Politikk, juss og administrasjon",Molde,30,False,False,"Samfunnsfag, psykologi"
2024,HIM,211866,Petroleumslogistikk og økonomi,Kristiansund,30,False,False,Økonomi og administrasjon
2024,HIØ,224035,Økonomi og administrasjon,Halden,75,False,False,Økonomi og administrasjon
2024,HIØ,224398,Bedriftsøkonomi,Halden,25,False,False,Økonomi og administrasjon
2024,HIØ,224516,Regnskap,Halden,50,False,False,Økonomi og administrasjon
2024,HVL,203162,Administrasjon og ledelse,Haugesund,30,False,False,Økonomi og administrasjon
2024,HVL,203218,Digital økonomi og ledelse,Bergen,30,False,False,Økonomi og administrasjon
2024,HVL,203368,Eiendomsmegling,Sogndal,40,False,False,Økonomi og administrasjon
2024,HVL,203369,Økonomi og administrasjon,Bergen,124,False,False,Økonomi og administrasjon
2024,HVL,203404,Økonomi og administrasjon,Haugesund,80,False,False,Økonomi og administrasjon
2024,HVL,203414,Økonomi og administrasjon,Haugesund,20,False,False,Økonomi og administrasjon
2024,HVL,203515,Økonomi og administrasjon,Sogndal,50,False,False,Økonomi og administrasjon
2024,HVL,203526,Økonomi og jus,Sogndal,30,False,False,"Juridiske fag, rettsvitenskap, politi"
2024,HVO,223452,Samfunnsutvikling,Volda,30,False,False,Økonomi og administrasjon
2024,INN,209035,Økonomi og administrasjon,Lillehammer,80,False,False,Økonomi og administrasjon
2024,INN,209162,Organisasjon og ledelse,Rena,30,False,False,Økonomi og administrasjon
2024,INN,209164,Bedriftsøkonomi,Rena,20,False,False,Økonomi og administrasjon
2024,INN,209207,Bedriftsøkonomi,Rena,65,False,False,Økonomi og administrasjon
2024,INN,209215,"Offentlig styring, ledelse og økonomi",Rena,80,False,False,Økonomi og administrasjon
2024,INN,209232,Økonomi og administrasjon,Lillehammer,20,False,False,Økonomi og administrasjon
2024,INN,209358,Music Business and Production,Rena,20,True,False,Økonomi og administrasjon
2024,INN,209368,Eiendomsmegling,Rena,40,False,True,Økonomi og administrasjon
2024,INN,209369,Økonomi og administrasjon,Rena,40,False,False,Økonomi og administrasjon
2024,INN,209389,Bærekraftsøkonomi,Kongsvinger,20,False,True,Økonomi og administrasjon
2024,INN,209404,Regnskap og økonomirådgivning,Rena,85,False,False,Økonomi og administrasjon
2024,INN,209470,Serviceledelse og markedsføring,Rena,25,False,False,Økonomi og administrasjon
2024,INN,209479,"Filosofi, politikk og økonomi",Lillehammer,30,True,False,"Historie, religion, idéfag"
2024,INN,209485,Sport Management,Lillehammer,30,False,False,Økonomi og administrasjon
2024,INN,209515,Økonomi og administrasjon,Rena,100,False,False,Økonomi og administrasjon
2024,INN,209516,Regnskap og økonomirådgivning,Rena,40,False,False,Økonomi og administrasjon
2024,INN,209525,Organisasjon og ledelse,Lillehammer,70,False,False,Økonomi og administrasjon
2024,INN,209583,Organisasjon og ledelse,Rena,200,False,False,Økonomi og administrasjon
2024,INN,209607,Music Business and Production,Rena,20,True,False,Økonomi og administrasjon
2024,INN,209664,Organisasjon og ledelse,Rena,150,False,False,Økonomi og administrasjon
2024,INN,209867,Ledelse og digitalisering,Rena,45,False,False,Økonomi og administrasjon
2024,NHH,191340,"Business, economics and data science - siviløkonom",Bergen,70,True,False,Økonomi og administrasjon
2024,NHH,191345,Økonomi og administrasjon - siviløkonom,Bergen,430,False,False,Økonomi og administrasjon
2024,NLA,254035,Økonomi og administrasjon,Kristiansand,35,False,False,Økonomi og administrasjon
2024,NLA,254359,"Innovasjon, markedsføring og ledelse",Bergen,20,True,False,Økonomi og administrasjon
2024,NLA,254393,Bærekraftig entreprenørskap og innovasjon,Oslo,25,True,False,Økonomi og administrasjon
2024,NLA,254470,Økonomi og administrasjon,Oslo,70,False,False,Økonomi og administrasjon
2024,NLA,254515,Økonomi og administrasjon,Bergen,20,True,False,Økonomi og administrasjon
2024,NLA,254525,"Innovasjon, markedsføring og ledelse",Kristiansand,35,False,False,Økonomi og administrasjon
2024,NLA,254895,"Innovasjon, markedsføring og ledelse",Oslo,70,False,False,Økonomi og administrasjon
2024,NMBU,192199,Ettårig grunnstudium,Ås,50,False,False,"Samfunnsfag, psykologi"
2024,NMBU,192230,Eiendom,Ås,38,False,False,"Samfunnsfag, psykologi"
2024,NMBU,192233,Frie realfag,Ås,30,False,False,Matematikk og naturfag
2024,NMBU,192253,Bærekraftig økonomi og ledelse,Ås,950,False,False,Økonomi og administrasjon
2024,NMBU,192298,Akvakultur,Ås,30,False,False,Matematikk og naturfag
2024,NMBU,192299,Bioteknologi,Ås,40,False,False,Matematikk og naturfag
2024,NMBU,192310,Landskapsingeniør,Ås,25,False,False,"Samfunnsfag, psykologi"
2024,NMBU,192315,Radioaktivitet og miljø,Ås,20,True,False,Matematikk og naturfag
2024,NMBU,192321,Husdyrvitenskap,Ås,35,False,False,"Fiskeri-, husdyr- og landbruksfag"
2024,NMBU,192322,Skogfag,Ås,35,False,False,Matematikk og naturfag
2024,NMBU,192327,Biologi,Ås,50,False,False,Matematikk og naturfag
2024,NMBU,192332,Kjemi,Ås,20,False,False,Matematikk og naturfag
2024,NMBU,192369,Økonomi og administrasjon,Ås,95,False,False,Økonomi og administrasjon
2024,NMBU,192377,Miljøvitenskap,Ås,20,False,False,Matematikk og naturfag
2024,NMBU,192388,Økologi og naturforvaltning,Ås,30,False,False,Matematikk og naturfag
2024,NMBU,192406,Geomatikk,Ås,25,False,False,"Teknologi, ingeniørfag og arkitektur"
2024,NMBU,192468,Samfunnsøkonomi,Ås,35,False,False,Økonomi og administrasjon
2024,NMBU,192484,Internasjonale miljø- og utviklingsstudier,Ås,22,False,False,"Samfunnsfag, psykologi"
2024,NMBU,192504,Dyrepleie,Ås,30,False,False,"Medisin, odontologi, helse- og sosialfag"
2024,NMBU,192591,"Økonomi, ledelse og IT",Ås,60,False,False,Økonomi og administrasjon
2024,NMBU,192732,Landskapsarkitektur,Ås,40,False,False,"Samfunnsfag, psykologi"
2024,NMBU,192759,Byggeteknikk og arkitektur,Ås,50,False,False,"Teknologi, ingeniørfag og arkitektur"
2024,NMBU,192766,Teknologi og produktutvikling,Ås,20,False,False,"Teknologi, ingeniørfag og arkitektur"
2024,NMBU,192767,Industriell økonomi,Ås,60,False,False,"Teknologi, ingeniørfag og arkitektur"
2024,NMBU,192772,Veterinærmedisin,Ås,80,False,False,"Medisin, odontologi, helse- og sosialfag"
2024,NMBU,192783,Kjemi og bioteknologi,Ås,25,False,False,"Teknologi, ingeniørfag og arkitektur"
2024,NMBU,192784,Miljøfysikk og fornybar energi,Ås,25,False,False,"Teknologi, ingeniørfag og arkitektur"
2024,NMBU,192804,Datavitenskap,Ås,20,False,False,"Teknologi, ingeniørfag og arkitektur"
2024,NMBU,192809,Vann- og miljøteknikk,Ås,30,False,False,"Teknologi, ingeniørfag og arkitektur"
2024,NMBU,192810,Anvendt robotikk,Ås,25,False,False,"Teknologi, ingeniørfag og arkitektur"
2024,NMBU,192813,Geoinformatikk,Ås,20,False,False,"Teknologi, ingeniørfag og arkitektur"
2024,NMBU,192835,Fornybar energi,Ås,35,False,False,"Samfunnsfag, psykologi"
2024,NMBU,192842,Plantevitenskap,Ås,25,False,False,"Fiskeri-, husdyr- og landbruksfag"
2024,NMBU,192843,"Lektor, 8.-13. trinn, realfag",Ås,30,False,False,Lærer- og lektorutdanning
2024,NMBU,192857,Energi- og miljøfysikk,Ås,20,False,False,Matematikk og naturfag
2024,NMBU,192948,Matvitenskap og ernæring,Ås,20,False,False,Matematikk og naturfag
2024,NMBU,192949,By- og regionplanlegging,Ås,45,False,False,"Samfunnsfag, psykologi"
2024,NORD,204162,Personalledelse og kompetanseutvikling,Bodø,40,False,False,Økonomi og administrasjon
2024,NORD,204164,Økonomi og administrasjon,Bodø,40,False,False,Økonomi og administrasjon
2024,NORD,204209,"Økonomi, markedsføring og ledelse",Stjørdal,100,False,False,Økonomi og administrasjon
2024,NORD,204218,"Økonomi, markedsføring og ledelse",Bodø,70,False,False,Økonomi og administrasjon
2024,NORD,204232,Personalledelse og kompetanseutvikling,Vesterålen,25,False,True,Økonomi og administrasjon
2024,NORD,204342,Økonomi og administrasjon,Bodø,60,False,False,Økonomi og administrasjon
2024,NORD,204345,Økonomi og administrasjon - siviløkonom,Bodø,20,False,False,Økonomi og administrasjon
2024,NORD,204368,Eiendomsmegling og markedsanalyser,Bodø,30,False,False,Økonomi og administrasjon
2024,NORD,204398,Økonomi og digitalisering,Mo i Rana,20,False,False,Økonomi og administrasjon
2024,NORD,204404,Økonomi og administrasjon,Steinkjer,40,False,False,Økonomi og administrasjon
2024,NORD,204453,"Økonomi, digitalisering og forretningsutvikling",Mo i Rana,20,False,False,Økonomi og administrasjon
2024,NORD,204473,Markedsføring,Bodø,30,False,False,Økonomi og administrasjon
2024,NORD,204527,Luftfartsledelse,Bodø,60,False,False,Økonomi og administrasjon
2024,NORD,204583,Personalledelse og kompetanseutvikling,Levanger,30,False,False,Økonomi og administrasjon
2024,NORD,204625,Økonomi og administrasjon,Steinkjer,30,False,False,Økonomi og administrasjon
2024,NORD,204738,Bærekraftig økonomi og bioproduksjon,Steinkjer,30,False,True,"Fiskeri-, husdyr- og landbruksfag"
2024,NTNU,194035,Økonomi og administrasjon,Trondheim,205,False,False,Økonomi og administrasjon
2024,NTNU,194160,Økonomi og administrasjon,Gjøvik,20,False,False,Økonomi og administrasjon
2024,NTNU,194218,Økonomi og administrasjon,Trondheim,40,False,False,Økonomi og administrasjon
2024,NTNU,194239,Samfunnsøkonomi,Trondheim,50,False,False,Økonomi og administrasjon
2024,NTNU,194345,"Økonomi og administrasjon, siviløkonom",Trondheim,105,False,False,Økonomi og administrasjon
2024,NTNU,194359,"Markedsføring, innovasjon og ledelse",Ålesund,70,False,False,Økonomi og administrasjon
2024,NTNU,194369,Økonomi og administrasjon,Gjøvik,55,False,False,Økonomi og administrasjon
2024,NTNU,194404,Økonomi og administrasjon,Gjøvik,150,False,False,Økonomi og administrasjon
2024,NTNU,194414,Økonomi og administrasjon,Ålesund,70,False,False,Økonomi og administrasjon
2024,NTNU,194432,Logistikkledelse,Gjøvik,40,False,False,Økonomi og administrasjon
2024,NTNU,194767,Industriell økonomi og teknologiledelse,Trondheim,160,False,False,"Teknologi, ingeniørfag og arkitektur"
2024,NTNU,194818,Samfunnsøkonomi,Trondheim,25,False,False,Økonomi og administrasjon
2024,NTNU,194898,Samfunnsøkonomi,Trondheim,100,False,False,Økonomi og administrasjon
2024,OSLOMET,215138,Administrasjon og ledelse i offentlig virksomhet,Oslo,130,False,False,Økonomi og administrasjon
2024,OSLOMET,215162,Økonomi og ledelse,Oslo,30,False,False,Økonomi og administrasjon
2024,OSLOMET,215253,Økonomi og ledelse,Oslo,25,False,False,Økonomi og administrasjon
2024,OSLOMET,215345,Økonomi og administrasjon - siviløkonom,Oslo,95,False,False,Økonomi og administrasjon
2024,OSLOMET,215369,Økonomi og administrasjon ,Oslo,290,False,False,Økonomi og administrasjon
2024,UIA,201345,Økonomi og administrasjon - siviløkonom,Kristiansand,100,False,False,Økonomi og administrasjon
2024,UIA,201359,Markedsføring og ledelse,Kristiansand,110,False,False,Økonomi og administrasjon
2024,UIA,201369,Økonomi og administrasjon,Kristiansand,150,False,False,Økonomi og administrasjon
2024,UIA,201767,Industriell økonomi og teknologiledelse,Grimstad,30,False,False,"Teknologi, ingeniørfag og arkitektur"
2024,UIB,184239,Samfunnsøkonomi,Bergen,23,False,False,Økonomi og administrasjon
2024,UIB,184306,Informatikk-matematikk-økonomi,Bergen,30,False,False,Matematikk og naturfag
2024,UIB,184369,Samfunnsøkonomi,Bergen,101,False,False,Økonomi og administrasjon
2024,UIB,184698,Samfunnsøkonomi,Bergen,22,False,False,Økonomi og administrasjon
2024,UIB,184803,Informasjonsteknologi og økonomi (sivilingeniør),Bergen,25,False,False,"Teknologi, ingeniørfag og arkitektur"
2024,UIO,185239,Samfunnsøkonomi,Oslo,40,False,False,Økonomi og administrasjon
2024,UIO,185340,Økonomi og datavitenskap,Oslo,25,False,False,Økonomi og administrasjon
2024,UIO,185370,Informatikk: digital økonomi og ledelse,Oslo,64,False,False,Informasjonsteknologi og informatikk
2024,UIO,185381,"Matematikk: finans, forsikring og økonomi",Oslo,30,True,False,Matematikk og naturfag
2024,UIO,185452,Offentlig administrasjon og ledelse,Oslo,55,False,False,Økonomi og administrasjon
2024,UIO,185465,Helseledelse og helseøkonomi,Oslo,40,False,False,Økonomi og administrasjon
2024,UIO,185588,"Filosofi, politikk og økonomi",Oslo,25,False,False,"Historie, religion, idéfag"
2024,UIO,185698,Samfunnsøkonomisk analyse,Oslo,39,False,False,Økonomi og administrasjon
2024,UIO,185898,Samfunnsøkonomi,Oslo,82,False,False,Økonomi og administrasjon
2024,UIS,217218,Økonomi og ledelse,Stavanger,47,True,False,Økonomi og administrasjon
2024,UIS,217369,Økonomi og administrasjon,Stavanger,180,False,False,Økonomi og administrasjon
2024,UIS,217813,"Industriell økonomi, alle linjer",Stavanger,42,False,False,"Teknologi, ingeniørfag og arkitektur"
2024,UIT,186035,Økonomi og administrasjon,Harstad,110,False,False,Økonomi og administrasjon
2024,UIT,186162,Praktisk prosjektledelse,Harstad,80,False,False,Økonomi og administrasjon
2024,UIT,186164,Bedriftsøkonomi,Alta,400,False,False,Økonomi og administrasjon
2024,UIT,186369,Økonomi og administrasjon,Tromsø,130,False,False,Økonomi og administrasjon
2024,UIT,186468,"Økonomi og administrasjon, nettbasert",Alta,300,False,False,Økonomi og administrasjon
2024,UIT,186470,"Ledelse, innovasjon og marked",Harstad,50,False,False,Økonomi og administrasjon
2024,UIT,186664,Ledelse,Alta,800,False,False,Økonomi og administrasjon
2024,UIT,186867,"Ledelse, innovasjon og marked",Tromsø,90,False,False,Økonomi og administrasjon
2024,UIT,186898,Samfunnsøkonomi med datavitenskap,Tromsø,60,False,False,Økonomi og administrasjon
2024,USN,222097,Bedriftsøkonomi,Ringerike,20,True,False,Økonomi og administrasjon
2024,USN,222164,Bedriftsøkonomi,Bø,20,False,False,Økonomi og administrasjon
2024,USN,222218,Bedriftsøkonomi,Hallingdal,15,True,False,Økonomi og administrasjon
2024,USN,222330,Økonomi og ledelse,Drammen,115,False,False,Økonomi og administrasjon
2024,USN,222345,Økonomi og administrasjon - siviløkonom,Ringerike,40,False,False,Økonomi og administrasjon
2024,USN,222359,Markedsføringsledelse,Ringerike,60,False,False,Økonomi og administrasjon
2024,USN,222368,Eiendomsmegling,Bø,70,False,False,Økonomi og administrasjon
2024,USN,222369,Økonomi og ledelse,Vestfold,130,False,False,Økonomi og administrasjon
2024,USN,222398,Bedriftsøkonomi,Hallingdal,20,True,False,Økonomi og administrasjon
2024,USN,222404,Økonomi og ledelse,Kongsberg,100,False,False,Økonomi og administrasjon
2024,USN,222414,Økonomi og ledelse,Ringerike,60,False,False,Økonomi og administrasjon
2024,USN,222468,Innovasjon og bærekraft,Bø,70,True,False,Økonomi og administrasjon
2024,USN,222470,Økonomi og ledelse,Bø,80,False,False,Økonomi og administrasjon
2024,USN,222867,Forretningsjus og økonomi,Ringerike,60,False,False,"Juridiske fag, rettsvitenskap, politi"
2024,VID,251162,Verdibasert ledelse og administrasjon ,Stavanger,40,False,False,"Historie, religion, idéfag"
2025,HIM,211164,Bedriftsøkonomi,Molde,30,False,False,Økonomi og administrasjon
2025,HIM,211188,Helseteknologi og digitalisering,Kristiansund,40,False,False,Økonomi og administrasjon
2025,HIM,211218,Juss og økonomi,Kristiansund,30,False,False,Økonomi og administrasjon
2025,HIM,211232,Organisasjon og personalledelse,Molde,30,False,False,Økonomi og administrasjon
2025,HIM,211292,Logistikk og Supply Chain Management,Molde,30,False,False,Økonomi og administrasjon
2025,HIM,211369,Økonomi og administrasjon,Molde,60,False,False,Økonomi og administrasjon
2025,HIM,211389,Bærekraftig logistikk og sirkulær økonomi,Kristiansund,30,False,False,Økonomi og administrasjon
2025,HIM,211432,Marin logistikk og økonomi,Kristiansund,30,False,False,Økonomi og administrasjon
2025,HIM,211627,Logistikk,Molde,300,False,False,Økonomi og administrasjon
2025,HIM,211841,"Politikk, juss og administrasjon",Molde,30,False,False,"Samfunnsfag, psykologi"
2025,HIM,211866,Petroleumslogistikk og økonomi,Kristiansund,30,False,False,Økonomi og administrasjon
2025,HIØ,224035,Økonomi og administrasjon,Halden,90,False,False,Økonomi og administrasjon
2025,HIØ,224369,Økonomi og administrasjon ,Halden,20,True,False,Økonomi og administrasjon
2025,HIØ,224398,Bedriftsøkonomi,Halden,40,False,False,Økonomi og administrasjon
2025,HIØ,224516,Regnskap,Halden,70,False,False,Økonomi og administrasjon
2025,HVL,203162,Administrasjon og ledelse,Haugesund,30,False,False,Økonomi og administrasjon
2025,HVL,203164,Bedriftsøkonomi,Haugesund,30,True,False,Økonomi og administrasjon
2025,HVL,203218,Digital økonomi og ledelse,Bergen,30,False,False,Økonomi og administrasjon
2025,HVL,203368,"Eiendomsmegling, økonomi og jus",Sogndal,40,False,False,Økonomi og administrasjon
2025,HVL,203369,Økonomi og administrasjon,Bergen,114,False,False,Økonomi og administrasjon
2025,HVL,203404,Økonomi og administrasjon,Haugesund,80,False,False,Økonomi og administrasjon
2025,HVL,203515,Økonomi og administrasjon,Sogndal,50,False,False,Økonomi og administrasjon
2025,HVL,203526,Økonomi og jus,Sogndal,30,False,False,"Juridiske fag, rettsvitenskap, politi"
2025,HVL,203583,HRM og ledelse,Bergen,30,True,False,Økonomi og administrasjon
2025,HVO,223452,Samfunnsutvikling,Volda,30,False,False,Økonomi og administrasjon
2025,INN,209035,Økonomi og administrasjon,Lillehammer,80,False,False,Økonomi og administrasjon
2025,INN,209162,Organisasjon og ledelse,Rena,30,False,False,Økonomi og administrasjon
2025,INN,209164,Bedriftsøkonomi,Rena,20,False,False,Økonomi og administrasjon
2025,INN,209171,Regnskap og økonomirådgivning,Rena,20,True,False,Økonomi og administrasjon
2025,INN,209207,Bedriftsøkonomi,Rena,65,False,False,Økonomi og administrasjon
2025,INN,209232,Økonomi og administrasjon,Lillehammer,20,False,False,Økonomi og administrasjon
2025,INN,209369,Økonomi og administrasjon,Rena,40,False,False,Økonomi og administrasjon
2025,INN,209404,Regnskap og økonomirådgivning,Rena,85,False,False,Økonomi og administrasjon
2025,INN,209449,Økonomi og administrasjon,Rena,20,True,False,Økonomi og administrasjon
2025,INN,209470,Serviceledelse og markedsføring,Rena,25,False,False,Økonomi og administrasjon
2025,INN,209479,"Filosofi, politikk og økonomi",Lillehammer,40,False,False,"Historie, religion, idéfag"
2025,INN,209485,Sport Management,Lillehammer,30,False,False,Økonomi og administrasjon
2025,INN,209515,Økonomi og administrasjon,Rena,100,False,False,Økonomi og administrasjon
2025,INN,209516,Regnskap og økonomirådgivning,Rena,40,False,False,Økonomi og administrasjon
2025,INN,209525,Organisasjon og ledelse,Lillehammer,80,False,False,Økonomi og administrasjon
2025,INN,209583,Organisasjon og ledelse,Rena,250,False,False,Økonomi og administrasjon
2025,INN,209664,Organisasjon og ledelse,Rena,200,False,False,Økonomi og administrasjon
2025,INN,209867,Ledelse og digitalisering,Rena,45,False,False,Økonomi og administrasjon
2025,NHH,191340,"Business, economics and data science - siviløkonom",Bergen,80,False,False,Økonomi og administrasjon
2025,NHH,191345,Økonomi og administrasjon - siviløkonom,Bergen,420,False,False,Økonomi og administrasjon
2025,NLA,254035,Økonomi og administrasjon,Kristiansand,25,False,False,Økonomi og administrasjon
2025,NLA,254359,"Innovasjon, markedsføring og ledelse",Bergen,25,False,False,Økonomi og administrasjon
2025,NLA,254369,Økonomi og administrasjon,Stavanger,25,True,False,Økonomi og administrasjon
2025,NLA,254393,Bærekraftig entreprenørskap og innovasjon,Oslo,25,False,False,Økonomi og administrasjon
2025,NLA,254470,Økonomi og administrasjon,Oslo,70,False,False,Økonomi og administrasjon
2025,NLA,254515,Økonomi og administrasjon,Bergen,25,False,False,Økonomi og administrasjon
2025,NLA,254525,"Innovasjon, markedsføring og ledelse",Kristiansand,25,False,False,Økonomi og administrasjon
2025,NLA,254591,"Innovasjon, markedsføring og ledelse",Stavanger,25,True,False,Økonomi og administrasjon
2025,NLA,254895,"Innovasjon, markedsføring og ledelse",Oslo,70,False,False,Økonomi og administrasjon
2025,NMBU,192199,Ettårig grunnstudium,Ås,75,False,False,"Samfunnsfag, psykologi"
2025,NMBU,192203,"Mat, teknologi og helse",Ås,20,True,False,Matematikk og naturfag
2025,NMBU,192230,Eiendom,Ås,38,False,False,"Samfunnsfag, psykologi"
2025,NMBU,192233,Frie realfag,Ås,30,False,False,Matematikk og naturfag
2025,NMBU,192253,Bærekraftig økonomi og ledelse,Ås,950,False,False,Økonomi og administrasjon
2025,NMBU,192298,Akvakultur,Ås,30,False,False,Matematikk og naturfag
2025,NMBU,192299,Bioteknologi,Ås,40,False,False,Matematikk og naturfag
2025,NMBU,192310,Landskapsingeniør,Ås,25,False,False,"Samfunnsfag, psykologi"
2025,NMBU,192315,Radioaktivitet og miljø,Ås,20,False,False,Matematikk og naturfag
2025,NMBU,192321,Husdyrvitenskap,Ås,25,False,False,"Fiskeri-, husdyr- og landbruksfag"
2025,NMBU,192322,Skogfag,Ås,35,False,False,Matematikk og naturfag
2025,NMBU,192327,Biologi,Ås,60,False,False,Matematikk og naturfag
2025,NMBU,192332,Kjemi,Ås,20,False,False,Matematikk og naturfag
2025,NMBU,192369,Økonomi og administrasjon,Ås,95,False,False,Økonomi og administrasjon
2025,NMBU,192377,Miljøvitenskap,Ås,20,False,False,Matematikk og naturfag
2025,NMBU,192388,Økologi og naturforvaltning,Ås,30,False,False,Matematikk og naturfag
2025,NMBU,192406,Geomatikk,Ås,30,False,False,"Teknologi, ingeniørfag og arkitektur"
2025,NMBU,192468,Samfunnsøkonomi,Ås,35,False,False,Økonomi og administrasjon
2025,NMBU,192484,Internasjonale miljø- og utviklingsstudier,Ås,22,False,False,"Samfunnsfag, psykologi"
2025,NMBU,192504,Dyrepleie,Ås,34,False,False,"Medisin, odontologi, helse- og sosialfag"
2025,NMBU,192591,"Økonomi, ledelse og IT",Ås,40,False,False,Økonomi og administrasjon
2025,NMBU,192732,Landskapsarkitektur,Ås,40,False,False,"Samfunnsfag, psykologi"
2025,NMBU,192759,Byggeteknikk og arkitektur,Ås,50,False,False,"Teknologi, ingeniørfag og arkitektur"
2025,NMBU,192766,Teknologi og produktutvikling,Ås,20,False,False,"Teknologi, ingeniørfag og arkitektur"
2025,NMBU,192767,Industriell økonomi,Ås,60,False,False,"Teknologi, ingeniørfag og arkitektur"
2025,NMBU,192772,Veterinærmedisin,Ås,90,False,False,"Medisin, odontologi, helse- og sosialfag"
2025,NMBU,192783,Kjemi og bioteknologi,Ås,25,False,False,"Teknologi, ingeniørfag og arkitektur"
2025,NMBU,192784,Miljøfysikk og fornybar energi,Ås,25,False,False,"Teknologi, ingeniørfag og arkitektur"
2025,NMBU,192804,Datavitenskap,Ås,20,False,False,"Teknologi, ingeniørfag og arkitektur"
2025,NMBU,192809,Vann- og miljøteknikk,Ås,30,False,False,"Teknologi, ingeniørfag og arkitektur"
2025,NMBU,192810,Anvendt robotikk,Ås,25,False,False,"Teknologi, ingeniørfag og arkitektur"
2025,NMBU,192813,Geoinformatikk,Ås,20,False,False,"Teknologi, ingeniørfag og arkitektur"
2025,NMBU,192835,Fornybar energi,Ås,35,False,False,"Samfunnsfag, psykologi"
2025,NMBU,192842,Plantevitenskap,Ås,25,False,False,"Fiskeri-, husdyr- og landbruksfag"
2025,NMBU,192843,"Lektor, 8.-13. trinn, realfag",Ås,30,False,False,Lærer- og lektorutdanning
2025,NMBU,192857,Energi- og miljøfysikk,Ås,20,False,False,Matematikk og naturfag
2025,NMBU,192949,By- og regionplanlegging,Ås,45,False,False,"Samfunnsfag, psykologi"
2025,NORD,204162,Personalledelse og kompetanseutvikling,Bodø,40,False,False,Økonomi og administrasjon
2025,NORD,204164,Økonomi og administrasjon,Bodø,40,False,False,Økonomi og administrasjon
2025,NORD,204209,"Økonomi, markedsføring og ledelse",Stjørdal,100,False,False,Økonomi og administrasjon
2025,NORD,204218,"Økonomi, markedsføring og ledelse",Bodø,70,False,False,Økonomi og administrasjon
2025,NORD,204342,Økonomi og administrasjon,Bodø,50,False,False,Økonomi og administrasjon
2025,NORD,204345,Økonomi og administrasjon - siviløkonom,Bodø,15,False,False,Økonomi og administrasjon
2025,NORD,204368,Eiendomsmegling og markedsanalyser,Bodø,30,False,False,Økonomi og administrasjon
2025,NORD,204398,Økonomi og digitalisering,Mo i Rana,20,False,False,Økonomi og administrasjon
2025,NORD,204404,Økonomi og administrasjon,Steinkjer,40,False,False,Økonomi og administrasjon
2025,NORD,204453,"Økonomi, digitalisering og forretningsutvikling",Mo i Rana,15,False,False,Økonomi og administrasjon
2025,NORD,204473,Markedsføring og ledelse,Bodø,20,False,False,Økonomi og administrasjon
2025,NORD,204515,Økonomi og teknologiledelse,Mo i Rana,40,True,False,Økonomi og administrasjon
2025,NORD,204527,Luftfartsledelse,Bodø,60,False,False,Økonomi og administrasjon
2025,NORD,204583,Personalledelse og kompetanseutvikling,Levanger,30,False,False,Økonomi og administrasjon
2025,NORD,204591,Human Resource Management (HRM),Levanger,40,False,False,Økonomi og administrasjon
2025,NORD,204625,Økonomi og administrasjon,Steinkjer,30,False,False,Økonomi og administrasjon
2025,NORD,204664,Personalledelse og kompetanseutvikling,Mo i Rana,30,False,False,Økonomi og administrasjon
2025,NORD,204955,Human Resource Management (HRM),Bodø,40,False,False,Økonomi og administrasjon
2025,NTNU,194035,Økonomi og administrasjon,Trondheim,190,False,False,Økonomi og administrasjon
2025,NTNU,194160,Økonomi og ledelse,Gjøvik,20,False,False,Økonomi og administrasjon
2025,NTNU,194218,Økonomi og administrasjon,Trondheim,40,False,False,Økonomi og administrasjon
2025,NTNU,194239,Samfunnsøkonomi,Trondheim,50,False,False,Økonomi og administrasjon
2025,NTNU,194345,"Økonomi og administrasjon, siviløkonom",Trondheim,105,False,False,Økonomi og administrasjon
2025,NTNU,194359,"Markedsføring, innovasjon og ledelse",Ålesund,70,False,False,Økonomi og administrasjon
2025,NTNU,194404,Økonomi og ledelse,Gjøvik,135,False,False,Økonomi og administrasjon
2025,NTNU,194432,Logistikkledelse,Gjøvik,40,False,False,Økonomi og administrasjon
2025,NTNU,194515,"Økonomi, administrasjon og internasjonal business",Ålesund,70,True,False,Økonomi og administrasjon
2025,NTNU,194583,Økonomi og ledelse,Gjøvik,50,True,False,Økonomi og administrasjon
2025,NTNU,194591,Økonomi og ledelse,Gjøvik,55,True,False,Økonomi og administrasjon
2025,NTNU,194767,Industriell økonomi og teknologiledelse,Trondheim,160,False,False,"Teknologi, ingeniørfag og arkitektur"
2025,NTNU,194818,Samfunnsøkonomi,Trondheim,25,False,False,Økonomi og administrasjon
2025,NTNU,194898,Samfunnsøkonomi,Trondheim,100,False,False,Økonomi og administrasjon
2025,OSLOMET,215138,Administrasjon og ledelse i offentlig virksomhet,Oslo,126,False,False,Økonomi og administrasjon
2025,OSLOMET,215162,Økonomi og ledelse,Oslo,34,False,False,Økonomi og administrasjon
2025,OSLOMET,215345,Økonomi og administrasjon - siviløkonom,Oslo,96,False,False,Økonomi og administrasjon
2025,OSLOMET,215369,Økonomi og administrasjon ,Oslo,300,False,False,Økonomi og administrasjon
2025,UIA,201345,Økonomi og administrasjon - siviløkonom,Kristiansand,100,False,False,Økonomi og administrasjon
2025,UIA,201359,Markedsføring og ledelse,Kristiansand,110,False,False,Økonomi og administrasjon
2025,UIA,201369,Økonomi og administrasjon,Kristiansand,150,False,False,Økonomi og administrasjon
2025,UIA,201767,Industriell økonomi og teknologiledelse,Grimstad,30,False,False,"Teknologi, ingeniørfag og arkitektur"
2025,UIB,184239,Samfunnsøkonomi,Bergen,23,False,False,Økonomi og administrasjon
2025,UIB,184306,Informatikk-matematikk-økonomi,Bergen,30,False,False,Matematikk og naturfag
2025,UIB,184369,Samfunnsøkonomi,Bergen,101,False,False,Økonomi og administrasjon
2025,UIB,184698,Samfunnsøkonomi,Bergen,22,False,False,Økonomi og administrasjon
2025,UIB,184803,Informasjonsteknologi og økonomi (sivilingeniør),Bergen,25,False,False,"Teknologi, ingeniørfag og arkitektur"
2025,UIO,185239,Samfunnsøkonomi,Oslo,40,False,False,Økonomi og administrasjon
2025,UIO,185340,Økonomi og datavitenskap,Oslo,25,False,False,Økonomi og administrasjon
2025,UIO,185370,Informatikk: digital økonomi og ledelse,Oslo,65,False,False,Informasjonsteknologi og informatikk
2025,UIO,185381,"Matematikk: finans, forsikring og økonomi",Oslo,30,False,False,Matematikk og naturfag
2025,UIO,185452,Offentlig administrasjon og ledelse,Oslo,55,False,False,Økonomi og administrasjon
2025,UIO,185465,Helseledelse og helseøkonomi,Oslo,40,False,False,Økonomi og administrasjon
2025,UIO,185588,"Filosofi, politikk og økonomi",Oslo,25,False,False,"Historie, religion, idéfag"
2025,UIO,185698,Samfunnsøkonomisk analyse,Oslo,38,False,False,Økonomi og administrasjon
2025,UIO,185898,Samfunnsøkonomi,Oslo,82,False,False,Økonomi og administrasjon
2025,UIS,217218,Økonomi og ledelse,Stavanger,67,False,False,Økonomi og administrasjon
2025,UIS,217369,Økonomi og administrasjon,Stavanger,180,False,False,Økonomi og administrasjon
2025,UIS,217813,"Industriell økonomi, alle linjer",Stavanger,43,False,False,"Teknologi, ingeniørfag og arkitektur"
2025,UIT,186035,Økonomi og administrasjon,Harstad,50,False,False,Økonomi og administrasjon
2025,UIT,186162,Praktisk prosjektledelse,Harstad,50,False,False,Økonomi og administrasjon
2025,UIT,186164,Bedriftsøkonomi,Alta,400,False,False,Økonomi og administrasjon
2025,UIT,186369,Økonomi og administrasjon,Tromsø,140,False,False,Økonomi og administrasjon
2025,UIT,186468,Økonomi og administrasjon,Alta,350,False,False,Økonomi og administrasjon
2025,UIT,186470,"Ledelse, innovasjon og marked",Harstad,20,False,False,Økonomi og administrasjon
2025,UIT,186664,Ledelse,Alta,700,False,False,Økonomi og administrasjon
2025,UIT,186867,"Ledelse, innovasjon og marked",Tromsø,90,False,False,Økonomi og administrasjon
2025,UIT,186898,Samfunnsøkonomi med datavitenskap,Tromsø,50,False,False,Økonomi og administrasjon
2025,USN,222097,Økonomi og administrasjon,Hønefoss,20,False,False,Økonomi og administrasjon
2025,USN,222164,Økonomi og administrasjon,Bø,20,False,False,Økonomi og administrasjon
2025,USN,222218,Økonomi og administrasjon,Hallingdal,15,False,False,Økonomi og administrasjon
2025,USN,222330,Økonomi og ledelse,Drammen,115,False,False,Økonomi og administrasjon
2025,USN,222345,Økonomi og administrasjon - siviløkonom,Hønefoss,40,False,False,Økonomi og administrasjon
2025,USN,222359,Markedsføringsledelse,Hønefoss,60,False,False,Økonomi og administrasjon
2025,USN,222368,Eiendomsmegling,Bø,80,False,False,Økonomi og administrasjon
2025,USN,222369,Økonomi og ledelse,Vestfold,130,False,False,Økonomi og administrasjon
2025,USN,222398,Økonomi og administrasjon,Hallingdal,20,False,False,Økonomi og administrasjon
2025,USN,222404,Økonomi og ledelse,Kongsberg,100,False,False,Økonomi og administrasjon
2025,USN,222414,Økonomi og ledelse,Hønefoss,60,False,False,Økonomi og administrasjon
2025,USN,222468,Entreprenørskap og bærekraftig innovasjon,Bø,70,False,False,Økonomi og administrasjon
2025,USN,222470,Økonomi og ledelse,Bø,80,False,False,Økonomi og administrasjon
2025,USN,222625,Økonomi og administrasjon,Kongsberg,25,True,False,Økonomi og administrasjon
2025,USN,222867,Forretningsjus og økonomi,Hønefoss,60,False,False,"Juridiske fag, rettsvitenskap, politi"
2025,VID,251162,Verdibasert ledelse og administrasjon ,Stavanger,40,False,False,"Historie, religion, idéfag"
2026,HIM,211164,Bedriftsøkonomi,Molde,30,False,False,Økonomi og administrasjon
2026,HIM,211218,Juss og økonomi,Kristiansund,30,False,False,Økonomi og administrasjon
2026,HIM,211232,Organisasjon og personalledelse,Molde,30,False,False,Økonomi og administrasjon
2026,HIM,211292,Logistikk og Supply Chain Management,Molde,30,False,False,Økonomi og administrasjon
2026,HIM,211369,Økonomi og administrasjon,Molde,60,False,False,Økonomi og administrasjon
2026,HIM,211389,Bærekraftig logistikk og sirkulær økonomi,Kristiansund,30,False,False,Økonomi og administrasjon
2026,HIM,211432,Marin logistikk og økonomi,Kristiansund,30,False,False,Økonomi og administrasjon
2026,HIM,211627,Logistikk,Molde,300,False,False,Økonomi og administrasjon
2026,HIM,211841,"Politikk, juss og administrasjon",Molde,30,False,False,"Samfunnsfag, psykologi"
2026,HIM,211866,Petroleumslogistikk og økonomi,Kristiansund,30,False,False,Økonomi og administrasjon
2026,HIØ,224035,Økonomi og administrasjon,Halden,90,False,False,Økonomi og administrasjon
2026,HIØ,224369,Økonomi og administrasjon,Halden,20,False,False,Økonomi og administrasjon
2026,HIØ,224398,Bedriftsøkonomi,Halden,40,False,False,Økonomi og administrasjon
2026,HIØ,224516,Regnskap,Halden,70,False,False,Økonomi og administrasjon
2026,HVL,203162,Administrasjon og ledelse,Haugesund,30,False,False,Økonomi og administrasjon
2026,HVL,203164,Bedriftsøkonomi,Haugesund,20,False,False,Økonomi og administrasjon
2026,HVL,203218,Digital økonomi og ledelse,Bergen,30,False,False,Økonomi og administrasjon
2026,HVL,203368,"Eiendomsmegling, økonomi og jus",Sogndal,40,False,False,Økonomi og administrasjon
2026,HVL,203369,Økonomi og administrasjon,Bergen,114,False,False,Økonomi og administrasjon
2026,HVL,203404,Økonomi og administrasjon,Haugesund,80,False,False,Økonomi og administrasjon
2026,HVL,203515,Økonomi og administrasjon,Sogndal,60,False,False,Økonomi og administrasjon
2026,HVL,203526,Økonomi og jus,Sogndal,20,False,False,"Juridiske fag, rettsvitenskap, politi"
2026,HVL,203583,HRM og ledelse,Bergen,30,False,False,Økonomi og administrasjon
2026,HVO,223452,"Planlegging, administrasjon og ledelse",Volda,30,False,False,Økonomi og administrasjon
2026,INN,209035,Økonomi og administrasjon,Lillehammer,80,False,False,Økonomi og administrasjon
2026,INN,209162,Organisasjon og ledelse,Rena,30,False,False,Økonomi og administrasjon
2026,INN,209164,Bedriftsøkonomi,Rena,20,False,False,Økonomi og administrasjon
2026,INN,209171,Regnskap og økonomirådgivning,Rena,20,False,False,Økonomi og administrasjon
2026,INN,209207,Bedriftsøkonomi,Rena,65,False,False,Økonomi og administrasjon
2026,INN,209215,"Offentlig styring, ledelse og økonomi",Rena,80,False,False,Økonomi og administrasjon
2026,INN,209232,Økonomi og administrasjon,Lillehammer,20,False,False,Økonomi og administrasjon
2026,INN,209369,Økonomi og administrasjon,Rena,40,False,False,Økonomi og administrasjon
2026,INN,209404,Regnskap og økonomirådgivning,Rena,100,False,False,Økonomi og administrasjon
2026,INN,209449,Økonomi og administrasjon,Rena,20,False,False,Økonomi og administrasjon
2026,INN,209470,Markedsføring og serviceledelse,Rena,35,False,False,Økonomi og administrasjon
2026,INN,209479,"Filosofi, politikk og økonomi",Lillehammer,40,False,False,"Historie, religion, idéfag"
2026,INN,209485,Sport Management,Lillehammer,30,False,False,Økonomi og administrasjon
2026,INN,209515,Økonomi og administrasjon,Rena,115,False,False,Økonomi og administrasjon
2026,INN,209516,Regnskap og økonomirådgivning,Rena,40,False,False,Økonomi og administrasjon
2026,INN,209525,Organisasjon og ledelse,Lillehammer,80,False,False,Økonomi og administrasjon
2026,INN,209583,Organisasjon og ledelse,Rena,350,False,False,Økonomi og administrasjon
2026,INN,209664,Organisasjon og ledelse,Rena,200,False,False,Økonomi og administrasjon
2026,INN,209867,"Ledelse, digitalisering og sikkerhet",Rena,45,False,False,Økonomi og administrasjon
2026,NHH,191340,"Business, economics and data science - siviløkonom",Bergen,75,False,False,Økonomi og administrasjon
2026,NHH,191345,Økonomi og administrasjon - siviløkonom,Bergen,425,False,False,Økonomi og administrasjon
2026,NLA,254035,Økonomi og administrasjon,Kristiansand,25,False,False,Økonomi og administrasjon
2026,NLA,254359,"Innovasjon, markedsføring og ledelse",Bergen,25,False,False,Økonomi og administrasjon
2026,NLA,254369,Økonomi og administrasjon,Stavanger,25,False,False,Økonomi og administrasjon
2026,NLA,254393,Bærekraftig entreprenørskap og innovasjon,Oslo,25,False,False,Økonomi og administrasjon
2026,NLA,254470,Økonomi og administrasjon,Oslo,70,False,False,Økonomi og administrasjon
2026,NLA,254515,Økonomi og administrasjon,Bergen,25,False,False,Økonomi og administrasjon
2026,NLA,254525,"Innovasjon, markedsføring og ledelse",Kristiansand,25,False,False,Økonomi og administrasjon
2026,NLA,254591,"Innovasjon, markedsføring og ledelse",Stavanger,25,False,False,Økonomi og administrasjon
2026,NLA,254895,"Innovasjon, markedsføring og ledelse",Oslo,70,False,False,Økonomi og administrasjon
2026,NMBU,192199,Ettårig grunnstudium,Ås,100,False,False,"Samfunnsfag, psykologi"
2026,NMBU,192203,"Mat, teknologi og helse",Ås,20,False,False,Matematikk og naturfag
2026,NMBU,192230,Eiendom,Ås,40,False,False,"Samfunnsfag, psykologi"
2026,NMBU,192233,Frie realfag,Ås,30,False,False,Matematikk og naturfag
2026,NMBU,192253,Bærekraftig økonomi og ledelse,Ås,950,False,False,Økonomi og administrasjon
2026,NMBU,192298,Akvakultur,Ås,30,False,False,Matematikk og naturfag
2026,NMBU,192299,Bioteknologi,Ås,40,False,False,Matematikk og naturfag
2026,NMBU,192310,Landskapsingeniør,Ås,25,False,False,"Samfunnsfag, psykologi"
2026,NMBU,192315,Radioaktivitet og miljø,Ås,20,False,False,Matematikk og naturfag
2026,NMBU,192321,Husdyrvitenskap,Ås,25,False,False,"Fiskeri-, husdyr- og landbruksfag"
2026,NMBU,192322,Skogfag,Ås,35,False,False,Matematikk og naturfag
2026,NMBU,192327,Biologi,Ås,60,False,False,Matematikk og naturfag
2026,NMBU,192332,Kjemi,Ås,20,False,False,Matematikk og naturfag
2026,NMBU,192369,Økonomi og administrasjon,Ås,95,False,False,Økonomi og administrasjon
2026,NMBU,192377,Miljø og naturressurser,Ås,20,False,False,Matematikk og naturfag
2026,NMBU,192388,Økologi og naturforvaltning,Ås,30,False,False,Matematikk og naturfag
2026,NMBU,192406,Geomatikk,Ås,25,False,False,"Teknologi, ingeniørfag og arkitektur"
2026,NMBU,192468,Samfunnsøkonomi,Ås,30,False,False,Økonomi og administrasjon
2026,NMBU,192484,Internasjonale miljø- og utviklingsstudier,Ås,22,False,False,"Samfunnsfag, psykologi"
2026,NMBU,192504,Dyrepleie,Ås,30,False,False,"Medisin, odontologi, helse- og sosialfag"
2026,NMBU,192591,"Økonomi, ledelse og IT",Ås,35,False,False,Økonomi og administrasjon
2026,NMBU,192666,Natur og miljø,Ås,30,True,False,Matematikk og naturfag
2026,NMBU,192732,Landskapsarkitektur,Ås,40,False,False,"Samfunnsfag, psykologi"
2026,NMBU,192759,Byggeteknikk og arkitektur,Ås,35,False,False,"Teknologi, ingeniørfag og arkitektur"
2026,NMBU,192766,Teknologi og produktutvikling,Ås,20,False,False,"Teknologi, ingeniørfag og arkitektur"
2026,NMBU,192767,Industriell økonomi,Ås,40,False,False,"Teknologi, ingeniørfag og arkitektur"
2026,NMBU,192772,Veterinærmedisin,Ås,90,False,False,"Medisin, odontologi, helse- og sosialfag"
2026,NMBU,192783,Kjemi og bioteknologi,Ås,25,False,False,"Teknologi, ingeniørfag og arkitektur"
2026,NMBU,192784,Miljøfysikk og fornybar energi,Ås,25,False,False,"Teknologi, ingeniørfag og arkitektur"
2026,NMBU,192804,Datavitenskap,Ås,25,False,False,"Teknologi, ingeniørfag og arkitektur"
2026,NMBU,192809,Vann- og miljøteknikk,Ås,20,False,False,"Teknologi, ingeniørfag og arkitektur"
2026,NMBU,192810,Anvendt robotikk,Ås,25,False,False,"Teknologi, ingeniørfag og arkitektur"
2026,NMBU,192813,Geoinformatikk,Ås,10,False,False,"Teknologi, ingeniørfag og arkitektur"
2026,NMBU,192835,Fornybar energi,Ås,35,False,False,"Samfunnsfag, psykologi"
2026,NMBU,192842,Plantevitenskap,Ås,25,False,False,"Fiskeri-, husdyr- og landbruksfag"
2026,NMBU,192843,"Lektor, 8.-13. trinn, realfag",Ås,25,False,False,Lærer- og lektorutdanning
2026,NMBU,192857,Energi- og miljøfysikk,Ås,15,False,False,Matematikk og naturfag
2026,NMBU,192949,By- og regionplanlegging,Ås,45,False,False,"Samfunnsfag, psykologi"
2026,NORD,204158,HR-ledelse,Bodø,40,True,False,Økonomi og administrasjon
2026,NORD,204162,Personalledelse og kompetanseutvikling,Bodø,40,False,False,Økonomi og administrasjon
2026,NORD,204164,Økonomi og administrasjon,Bodø,30,False,False,Økonomi og administrasjon
2026,NORD,204209,"Økonomi, markedsføring og ledelse",Stjørdal,100,False,False,Økonomi og administrasjon
2026,NORD,204218,"Økonomi, markedsføring og ledelse",Bodø,100,False,False,Økonomi og administrasjon
2026,NORD,204340,Økonomi og teknologiledelse,Mo i Rana,30,True,False,Økonomi og administrasjon
2026,NORD,204342,Økonomi og administrasjon,Bodø,60,False,False,Økonomi og administrasjon
2026,NORD,204345,Økonomi og administrasjon - siviløkonom,Bodø,15,False,False,Økonomi og administrasjon
2026,NORD,204368,Eiendomsmegling og markedsanalyser,Bodø,30,False,False,Økonomi og administrasjon
2026,NORD,204404,Økonomi og administrasjon,Steinkjer,40,False,False,Økonomi og administrasjon
2026,NORD,204473,Markedsføring og ledelse,Bodø,25,False,False,Økonomi og administrasjon
2026,NORD,204515,Økonomi og teknologiledelse,Mo i Rana,80,False,False,Økonomi og administrasjon
2026,NORD,204583,Personalledelse og kompetanseutvikling,Levanger,30,False,False,Økonomi og administrasjon
2026,NORD,204591,Human Resource Management (HRM),Levanger,40,False,False,Økonomi og administrasjon
2026,NORD,204625,Økonomi og administrasjon,Steinkjer,25,False,False,Økonomi og administrasjon
2026,NORD,204955,Human Resource Management (HRM),Bodø,40,False,False,Økonomi og administrasjon
2026,NTNU,194035,Økonomi og administrasjon,Trondheim,181,False,False,Økonomi og administrasjon
2026,NTNU,194160,Økonomi og ledelse,Gjøvik,20,False,False,Økonomi og administrasjon
2026,NTNU,194239,Samfunnsøkonomi,Trondheim,50,False,False,Økonomi og administrasjon
2026,NTNU,194345,"Økonomi og administrasjon, siviløkonom",Trondheim,105,False,False,Økonomi og administrasjon
2026,NTNU,194359,"Markedsføring, innovasjon og ledelse",Ålesund,70,False,False,Økonomi og administrasjon
2026,NTNU,194404,Økonomi og ledelse,Gjøvik,135,False,False,Økonomi og administrasjon
2026,NTNU,194432,Logistikkledelse,Gjøvik,40,False,False,Økonomi og administrasjon
2026,NTNU,194515,"Økonomi, administrasjon og internasjonal business",Ålesund,70,False,False,Økonomi og administrasjon
2026,NTNU,194583,Økonomi og ledelse,Gjøvik,50,False,False,Økonomi og administrasjon
2026,NTNU,194591,Økonomi og ledelse,Gjøvik,55,False,False,Økonomi og administrasjon
2026,NTNU,194767,Industriell økonomi og teknologiledelse,Trondheim,160,False,False,"Teknologi, ingeniørfag og arkitektur"
2026,NTNU,194818,Samfunnsøkonomi,Trondheim,25,False,False,Økonomi og administrasjon
2026,NTNU,194898,Samfunnsøkonomi,Trondheim,100,False,False,Økonomi og administrasjon
2026,OSLOMET,215138,Administrasjon og ledelse i offentlig virksomhet,Oslo,150,False,False,Økonomi og administrasjon
2026,OSLOMET,215162,Økonomi og ledelse,Oslo,35,False,False,Økonomi og administrasjon
2026,OSLOMET,215345,Økonomi og administrasjon - siviløkonom,Oslo,120,False,False,Økonomi og administrasjon
2026,OSLOMET,215369,Økonomi og administrasjon,Oslo,280,False,False,Økonomi og administrasjon
2026,UIA,201345,Økonomi og administrasjon - siviløkonom,Kristiansand,100,False,False,Økonomi og administrasjon
2026,UIA,201359,Markedsføring og ledelse,Kristiansand,110,False,False,Økonomi og administrasjon
2026,UIA,201369,Økonomi og administrasjon,Kristiansand,150,False,False,Økonomi og administrasjon
2026,UIA,201767,Industriell økonomi og teknologiledelse,Grimstad,30,False,False,"Teknologi, ingeniørfag og arkitektur"
2026,UIB,184239,Samfunnsøkonomi,Bergen,23,False,False,Økonomi og administrasjon
2026,UIB,184306,Informatikk-matematikk-økonomi,Bergen,30,False,False,Matematikk og naturfag
2026,UIB,184369,Samfunnsøkonomi,Bergen,101,False,False,Økonomi og administrasjon
2026,UIB,184698,Samfunnsøkonomi,Bergen,22,False,False,Økonomi og administrasjon
2026,UIB,184803,Informasjonsteknologi og økonomi (sivilingeniør),Bergen,25,False,False,"Teknologi, ingeniørfag og arkitektur"
2026,UIO,185218,Helseøkonomi og administrasjon,Oslo,50,True,False,Økonomi og administrasjon
2026,UIO,185239,Samfunnsøkonomi,Oslo,40,False,False,Økonomi og administrasjon
2026,UIO,185340,Økonomi og datavitenskap,Oslo,25,False,False,Økonomi og administrasjon
2026,UIO,185369,Økonomi og finans,Oslo,30,True,False,Økonomi og administrasjon
2026,UIO,185370,Informatikk: digital økonomi og ledelse,Oslo,65,False,False,Informasjonsteknologi og informatikk
2026,UIO,185381,"Matematikk: finans, forsikring og økonomi",Oslo,30,False,False,Matematikk og naturfag
2026,UIO,185452,Offentlig administrasjon og ledelse,Oslo,55,False,False,Økonomi og administrasjon
2026,UIO,185465,Helseledelse og helseøkonomi,Oslo,55,False,False,Økonomi og administrasjon
2026,UIO,185588,"Filosofi, politikk og økonomi",Oslo,25,False,False,"Historie, religion, idéfag"
2026,UIO,185698,Samfunnsøkonomisk analyse,Oslo,38,False,False,Økonomi og administrasjon
2026,UIO,185892,Tysk og økonomi,Oslo,10,True,False,"Språk, litteratur"
2026,UIO,185898,Samfunnsøkonomi,Oslo,82,False,False,Økonomi og administrasjon
2026,UIS,217097,Økonomi og jus,Stavanger,90,True,False,Økonomi og administrasjon
2026,UIS,217218,Økonomi og ledelse,Stavanger,57,False,False,Økonomi og administrasjon
2026,UIS,217366,"Filosofi, politikk og økonomi",Stavanger,20,True,False,"Historie, religion, idéfag"
2026,UIS,217369,Økonomi og administrasjon,Stavanger,140,False,False,Økonomi og administrasjon
2026,UIS,217813,"Industriell økonomi, alle linjer",Stavanger,50,False,False,"Teknologi, ingeniørfag og arkitektur"
2026,UIT,186035,Økonomi og administrasjon,Harstad,60,False,False,Økonomi og administrasjon
2026,UIT,186162,Praktisk prosjektledelse,Harstad,50,False,False,Økonomi og administrasjon
2026,UIT,186164,Bedriftsøkonomi,Alta,400,False,False,Økonomi og administrasjon
2026,UIT,186206,Markedsføringsledelse,Harstad,40,True,False,Økonomi og administrasjon
2026,UIT,186369,Økonomi og administrasjon,Tromsø,140,False,False,Økonomi og administrasjon
2026,UIT,186468,Økonomi og administrasjon,Alta,350,False,False,Økonomi og administrasjon
2026,UIT,186627,Logistikk og forsyningsledelse,Harstad,40,True,False,Økonomi og administrasjon
2026,UIT,186664,Ledelse,Alta,700,False,False,Økonomi og administrasjon
2026,UIT,186867,"Ledelse, innovasjon og marked",Tromsø,90,False,False,Økonomi og administrasjon
2026,UIT,186898,Samfunnsøkonomi med datavitenskap,Tromsø,50,False,False,Økonomi og administrasjon
2026,USN,222097,Økonomi og administrasjon,Hønefoss,20,False,False,Økonomi og administrasjon
2026,USN,222164,Økonomi og administrasjon,Bø,20,False,False,Økonomi og administrasjon
2026,USN,222218,Økonomi og administrasjon,Hallingdal,20,False,False,Økonomi og administrasjon
2026,USN,222330,Økonomi og ledelse,Drammen,115,False,False,Økonomi og administrasjon
2026,USN,222345,Økonomi og administrasjon - siviløkonom,Hønefoss,40,False,False,Økonomi og administrasjon
2026,USN,222359,Markedsføringsledelse,Hønefoss,60,False,False,Økonomi og administrasjon
2026,USN,222368,Eiendomsmegling,Bø,80,False,False,Økonomi og administrasjon
2026,USN,222369,Økonomi og ledelse,Vestfold,130,False,False,Økonomi og administrasjon
2026,USN,222404,Økonomi og ledelse,Kongsberg,100,False,False,Økonomi og administrasjon
2026,USN,222414,Økonomi og ledelse,Hønefoss,60,False,False,Økonomi og administrasjon
2026,USN,222468,Entreprenørskap og bærekraftig innovasjon,Bø,40,False,False,Økonomi og administrasjon
2026,USN,222470,Økonomi og ledelse,Bø,80,False,False,Økonomi og administrasjon
2026,USN,222473,Internasjonal ledelse og markedsføring,Bø,20,False,True,Økonomi og administrasjon
2026,USN,222625,Økonomi og administrasjon,Kongsberg,25,False,False,Økonomi og administrasjon
2026,USN,222867,Forretningsjus og økonomi,Hønefoss,60,False,False,"Juridiske fag, rettsvitenskap, politi"
2026,VID,251162,Verdibasert ledelse og administrasjon,Stavanger,45,False,False,"Historie, religion, idéfag"
